{
"type": "FeatureCollection",
"name": "territories",
"crs": { "type": "name", "properties": { "name": "urn:ogc:def:crs:EPSG::4269" } },
"features": [
{ "type": "Feature", "properties": { "territory": "Central CA", "fillColor": "#54C7D9", "fillOpacity": 0.85, "strokeColor": "#666666", "strokeWidth": 1.0 }, "geometry": { "type": "MultiPolygon", "coordinates": [ [ [ [ -119.614531, 33.314799 ], [ -119.519138, 33.3337 ], [ -119.426177, 33.298941 ], [ -119.364722, 33.25003 ], [ -119.368451, 33.202596 ], [ -119.444967, 33.16527 ], [ -119.578319, 33.188502 ], [ -119.625188, 33.23247 ], [ -119.636068, 33.280713 ], [ -119.614531, 33.314799 ] ] ], [ [ [ -119.532825, 33.949874 ], [ -119.823208, 33.89939 ], [ -119.904762, 33.939674 ], [ -119.93919, 33.898643 ], [ -120.131204, 33.843198 ], [ -120.221128, 33.884187 ], [ -120.298973, 33.968457 ], [ -120.367073, 33.961036 ], [ -120.488151, 33.984283 ], [ -120.518784, 34.01408 ], [ -120.523387, 34.051133 ], [ -120.566995, 34.068638 ], [ -120.582264, 34.107517 ], [ -120.567847, 34.135618 ], [ -120.538118, 34.150344 ], [ -120.471654, 34.134102 ], [ -120.418787, 34.160569 ], [ -120.355161, 34.145021 ], [ -120.252846, 34.058031 ], [ -120.045154, 34.090606 ], [ -119.991643, 34.064868 ], [ -119.965471, 34.11256 ], [ -119.928795, 34.129902 ], [ -119.792601, 34.106375 ], [ -119.750981, 34.112582 ], [ -119.654931, 34.071218 ], [ -119.614268, 34.099432 ], [ -119.557426, 34.108603 ], [ -119.467842, 34.062931 ], [ -119.342462, 34.068964 ], [ -119.294398, 34.027503 ], [ -119.304086, 33.986539 ], [ -119.369757, 33.956357 ], [ -119.432961, 33.955905 ], [ -119.49229, 33.983215 ], [ -119.532825, 33.949874 ] ] ], [ [ [ -118.542103, 33.073788 ], [ -118.448863, 32.96175 ], [ -118.29725, 32.845094 ], [ -118.288946, 32.81615 ], [ -118.302848, 32.788846 ], [ -118.436538, 32.75004 ], [ -118.546726, 32.820681 ], [ -118.59693, 32.890466 ], [ -118.644732, 33.000033 ], [ -118.670173, 33.000034 ], [ -118.678551, 33.026356 ], [ -118.670782, 33.057966 ], [ -118.641301, 33.081882 ], [ -118.542103, 33.073788 ] ] ], [ [ [ -118.638404, 33.524026 ], [ -118.523236, 33.530153 ], [ -118.359393, 33.464922 ], [ -118.251379, 33.353397 ], [ -118.241051, 33.313029 ], [ -118.250903, 33.280465 ], [ -118.327993, 33.248083 ], [ -118.50368, 33.285314 ], [ -118.540849, 33.325088 ], [ -118.547929, 33.376799 ], [ -118.618574, 33.406191 ], [ -118.66175, 33.456317 ], [ -118.666719, 33.49349 ], [ -118.638404, 33.524026 ] ] ], [ [ [ -119.041394, 33.538622 ], [ -118.982149, 33.52426 ], [ -118.963751, 33.46683 ], [ -118.988726, 33.423441 ], [ -119.071893, 33.413799 ], [ -119.103781, 33.440444 ], [ -119.107215, 33.500023 ], [ -119.118949, 33.500022 ], [ -119.0987, 33.526442 ], [ -119.041394, 33.538622 ] ] ], [ [ [ -117.795959, 35.652067 ], [ -117.745817, 35.651956 ], [ -117.742018, 35.622568 ], [ -117.722961, 35.622548 ], [ -117.723037, 35.651894 ], [ -117.670053, 35.651801 ], [ -117.639998, 35.680734 ], [ -117.616518, 35.680687 ], [ -117.616518, 35.651611 ], [ -117.62857, 35.65085 ], [ -117.61645, 35.64973 ], [ -117.61647, 35.60826 ], [ -117.594935, 35.615678 ], [ -117.594954, 35.59936 ], [ -117.625648, 35.593231 ], [ -117.61535, 35.56754 ], [ -117.63451, 35.5758 ], [ -117.630063, 35.541506 ], [ -117.652238, 35.534734 ], [ -117.630377, 35.527615 ], [ -117.633987, 35.487592 ], [ -117.673302, 35.520294 ], [ -117.653966, 35.473338 ], [ -117.703781, 35.485999 ], [ -117.674435, 35.503135 ], [ -117.70702, 35.498755 ], [ -117.697532, 35.543925 ], [ -117.738755, 35.519806 ], [ -117.779144, 35.566896 ], [ -117.774142, 35.535807 ], [ -117.809138, 35.538309 ], [ -117.804945, 35.482179 ], [ -117.825662, 35.471272 ], [ -117.768041, 35.457497 ], [ -117.768102, 35.473932 ], [ -117.749741, 35.479722 ], [ -117.74016, 35.46497 ], [ -117.703364, 35.467439 ], [ -117.67656, 35.444052 ], [ -117.692933, 35.421332 ], [ -117.661363, 35.382449 ], [ -117.595559, 35.405458 ], [ -117.60829, 35.38244 ], [ -117.53478, 35.37615 ], [ -117.522892, 35.319996 ], [ -117.593997, 35.308927 ], [ -117.550127, 35.289717 ], [ -117.620621, 35.274299 ], [ -117.631433, 35.34407 ], [ -117.737079, 35.269116 ], [ -117.718981, 35.257212 ], [ -117.746984, 35.220629 ], [ -117.710607, 35.219594 ], [ -117.7662, 35.198465 ], [ -117.787244, 35.215226 ], [ -117.821302, 35.213325 ], [ -117.822573, 35.196358 ], [ -117.879777, 35.169776 ], [ -117.879477, 35.156572 ], [ -117.844261, 35.168572 ], [ -117.834257, 35.140891 ], [ -117.914543, 35.140707 ], [ -117.948729, 35.099499 ], [ -117.917473, 35.087674 ], [ -117.917459, 35.058056 ], [ -117.971015, 35.058239 ], [ -117.964627, 35.087496 ], [ -118.00372, 35.08733 ], [ -117.994591, 35.11847 ], [ -118.039121, 35.125533 ], [ -118.039108, 35.158339 ], [ -118.052722, 35.158316 ], [ -118.054815, 35.12545 ], [ -118.092818, 35.123198 ], [ -118.095969, 35.091782 ], [ -118.113951, 35.091604 ], [ -118.110568, 35.110787 ], [ -118.149823, 35.082203 ], [ -118.131721, 35.077089 ], [ -118.131041, 35.038642 ], [ -118.104986, 35.032769 ], [ -118.105187, 35.018826 ], [ -118.133923, 35.018153 ], [ -118.039087, 34.970574 ], [ -117.969782, 34.999331 ], [ -117.899134, 34.999373 ], [ -117.89867, 35.013944 ], [ -117.881116, 35.013826 ], [ -117.881074, 35.042823 ], [ -117.899156, 35.043423 ], [ -117.899277, 35.058009 ], [ -117.824965, 35.040631 ], [ -117.809409, 35.05799 ], [ -117.818803, 35.072694 ], [ -117.801506, 35.073514 ], [ -117.807965, 35.111821 ], [ -117.79034, 35.111772 ], [ -117.792214, 35.04481 ], [ -117.809711, 35.00492 ], [ -117.673397, 35.006887 ], [ -117.703245, 35.028956 ], [ -117.658041, 35.050405 ], [ -117.646242, 35.042778 ], [ -117.649822, 35.010068 ], [ -117.57095, 35.01289 ], [ -117.57095, 35.05747 ], [ -117.5473, 35.01281 ], [ -117.522272, 35.01276 ], [ -117.522712, 34.991758 ], [ -117.54159, 34.99236 ], [ -117.512826, 34.983131 ], [ -117.881134, 35.004241 ], [ -117.888716, 34.984442 ], [ -117.832544, 34.99475 ], [ -117.758808, 34.930613 ], [ -117.762126, 34.915631 ], [ -117.79593, 34.903183 ], [ -117.82379, 34.822946 ], [ -117.91632, 34.839963 ], [ -117.916853, 34.913983 ], [ -117.943816, 34.896708 ], [ -117.958401, 34.912956 ], [ -117.952271, 34.946903 ], [ -117.983219, 34.965625 ], [ -118.091586, 34.968007 ], [ -118.096037, 34.938682 ], [ -118.113866, 34.938299 ], [ -118.112351, 34.967512 ], [ -118.140861, 34.9668 ], [ -118.139926, 34.762691 ], [ -118.060136, 34.763246 ], [ -118.059229, 34.777787 ], [ -117.987471, 34.77833 ], [ -117.98746, 34.767014 ], [ -117.978713, 34.778392 ], [ -117.889478, 34.778207 ], [ -117.873252, 34.755608 ], [ -117.756194, 34.747115 ], [ -117.741389, 34.778348 ], [ -117.737896, 34.746751 ], [ -117.720656, 34.755186 ], [ -117.712751, 34.792993 ], [ -117.698803, 34.753876 ], [ -117.667159, 34.748937 ], [ -117.655235, 34.397222 ], [ -117.729401, 34.397132 ], [ -117.730169, 34.383018 ], [ -117.771332, 34.38275 ], [ -117.821085, 34.344653 ], [ -117.851021, 34.356884 ], [ -117.86266, 34.3103 ], [ -117.847155, 34.308576 ], [ -117.838234, 34.284099 ], [ -117.86983, 34.242813 ], [ -117.845672, 34.231713 ], [ -117.864253, 34.215142 ], [ -117.858754, 34.200437 ], [ -117.891958, 34.165089 ], [ -117.924796, 34.165506 ], [ -117.94265, 34.129328 ], [ -118.004142, 34.114002 ], [ -117.99219, 34.095053 ], [ -117.998926, 34.087265 ], [ -118.000304, 34.099687 ], [ -118.051534, 34.104304 ], [ -118.068095, 34.130742 ], [ -118.16066, 34.093441 ], [ -118.169207, 34.044204 ], [ -118.137918, 34.033501 ], [ -118.125231, 33.991168 ], [ -118.13719, 33.987975 ], [ -118.093369, 33.950362 ], [ -118.090378, 33.931675 ], [ -118.111611, 33.922077 ], [ -118.108275, 33.887491 ], [ -118.028888, 33.882629 ], [ -118.06544, 33.824012 ], [ -118.032768, 33.800701 ], [ -118.0417, 33.730025 ], [ -118.080203, 33.73021 ], [ -118.06295, 33.71162 ], [ -118.073057, 33.710736 ], [ -118.118946, 33.740577 ], [ -118.124447, 33.729566 ], [ -118.186528, 33.755228 ], [ -118.180838, 33.723072 ], [ -118.297995, 33.697045 ], [ -118.419518, 33.743435 ], [ -118.433247, 33.774703 ], [ -118.401197, 33.80427 ], [ -118.398356, 33.839548 ], [ -118.465147, 33.967442 ], [ -118.52219, 34.025361 ], [ -118.567281, 34.03841 ], [ -118.736172, 34.029333 ], [ -118.808684, 33.995507 ], [ -118.85531, 34.030302 ], [ -119.128655, 34.097967 ], [ -119.218609, 34.14426 ], [ -119.28284, 34.26902 ], [ -119.321481, 34.275607 ], [ -119.461844, 34.373422 ], [ -119.562079, 34.414281 ], [ -119.674812, 34.415334 ], [ -119.710635, 34.394719 ], [ -119.795968, 34.41736 ], [ -119.878039, 34.406891 ], [ -120.00713, 34.459697 ], [ -120.14224, 34.472692 ], [ -120.474006, 34.44613 ], [ -120.503931, 34.51189 ], [ -120.491407, 34.511881 ], [ -120.488136, 34.564345 ], [ -120.551709, 34.578215 ], [ -120.521128, 34.600601 ], [ -120.521553, 34.628351 ], [ -120.551519, 34.63783 ], [ -120.565024, 34.664198 ], [ -120.537067, 34.654638 ], [ -120.536444, 34.679777 ], [ -120.563139, 34.689752 ], [ -120.567711, 34.708875 ], [ -120.547569, 34.723721 ], [ -120.575401, 34.768206 ], [ -120.541396, 34.784619 ], [ -120.524377, 34.821557 ], [ -120.563499, 34.827852 ], [ -120.550048, 34.828956 ], [ -120.587404, 34.881782 ], [ -120.581812, 34.861208 ], [ -120.597504, 34.84859 ], [ -120.645949, 34.900148 ], [ -120.67165, 34.902879 ], [ -120.633272, 35.049195 ], [ -120.645586, 35.139002 ], [ -120.71385, 35.174145 ], [ -120.749685, 35.155911 ], [ -120.861845, 35.210511 ], [ -120.804925, 35.238849 ], [ -120.895244, 35.259044 ], [ -120.855527, 35.360076 ], [ -120.871677, 35.362184 ], [ -120.871406, 35.399355 ], [ -120.891012, 35.432359 ], [ -121.010986, 35.459797 ], [ -121.091214, 35.531205 ], [ -121.172005, 35.635662 ], [ -121.290166, 35.660591 ], [ -121.351312, 35.797514 ], [ -121.468268, 35.886121 ], [ -121.505523, 36.000194 ], [ -121.582047, 36.024292 ], [ -121.59454, 36.063566 ], [ -121.677926, 36.160676 ], [ -121.721206, 36.19515 ], [ -121.843691, 36.249093 ], [ -121.853503, 36.276013 ], [ -121.903635, 36.303604 ], [ -121.906455, 36.393245 ], [ -121.956564, 36.521903 ], [ -121.927915, 36.525603 ], [ -121.933804, 36.556547 ], [ -121.979975, 36.582266 ], [ -121.936563, 36.638757 ], [ -121.884348, 36.603883 ], [ -121.859938, 36.613607 ], [ -121.814462, 36.682858 ], [ -121.805062, 36.752057 ], [ -121.782622, 36.731873 ], [ -121.754414, 36.759876 ], [ -121.711855, 36.758779 ], [ -121.734712, 36.78287 ], [ -121.69783, 36.790179 ], [ -121.712892, 36.81501 ], [ -121.667267, 36.834397 ], [ -121.630222, 36.834034 ], [ -121.6183, 36.81027 ], [ -121.597698, 36.83735 ], [ -121.504011, 36.757205 ], [ -121.481523, 36.765447 ], [ -121.462368, 36.743851 ], [ -121.453072, 36.721198 ], [ -121.484508, 36.713062 ], [ -121.469023, 36.685434 ], [ -121.342494, 36.637557 ], [ -121.330423, 36.662574 ], [ -121.293293, 36.666183 ], [ -121.311593, 36.688081 ], [ -121.313954, 36.705834 ], [ -121.29858, 36.713978 ], [ -121.31846, 36.736005 ], [ -121.30877, 36.767454 ], [ -121.327163, 36.767545 ], [ -121.32684, 36.795107 ], [ -121.271754, 36.801233 ], [ -121.281112, 36.817854 ], [ -121.197653, 36.914038 ], [ -121.152626, 36.865351 ], [ -121.148544, 36.853789 ], [ -121.170157, 36.858423 ], [ -121.162233, 36.822286 ], [ -121.138885, 36.835595 ], [ -121.061998, 36.804077 ], [ -121.055349, 36.817157 ], [ -121.094322, 36.862412 ], [ -121.082786, 36.884411 ], [ -121.117198, 36.955488 ], [ -121.065236, 37.006528 ], [ -121.034391, 36.984817 ], [ -120.977472, 36.986542 ], [ -120.997354, 37.013834 ], [ -120.960178, 37.047049 ], [ -120.997845, 37.092762 ], [ -120.962252, 37.072103 ], [ -120.97914, 37.114886 ], [ -120.892397, 37.143651 ], [ -120.920086, 37.216771 ], [ -120.875943, 37.191052 ], [ -120.890954, 37.231431 ], [ -120.875551, 37.231481 ], [ -120.876503, 37.245809 ], [ -120.943852, 37.29178 ], [ -120.930373, 37.309934 ], [ -120.872109, 37.285224 ], [ -120.84201, 37.294939 ], [ -120.815713, 37.235938 ], [ -120.763143, 37.206768 ], [ -120.766552, 37.186143 ], [ -120.73072, 37.186067 ], [ -120.734625, 37.171753 ], [ -120.714549, 37.170958 ], [ -120.706805, 37.145178 ], [ -120.696285, 37.171789 ], [ -120.712286, 37.185922 ], [ -120.664487, 37.186136 ], [ -120.664505, 37.171552 ], [ -120.601053, 37.156925 ], [ -120.601183, 37.123141 ], [ -120.56511, 37.113279 ], [ -120.539141, 37.065983 ], [ -120.446187, 37.101704 ], [ -120.446161, 37.120058 ], [ -120.418914, 37.120093 ], [ -120.430332, 37.14177 ], [ -120.41104, 37.162837 ], [ -120.407806, 37.200032 ], [ -120.338019, 37.185784 ], [ -120.337824, 37.163897 ], [ -120.331588, 37.18558 ], [ -120.276252, 37.151727 ], [ -120.274456, 37.163731 ], [ -120.147297, 37.170726 ], [ -120.143301, 37.199499 ], [ -120.058816, 37.191483 ], [ -120.084437, 37.217421 ], [ -120.04242, 37.253859 ], [ -120.007771, 37.260908 ], [ -120.03912, 37.335517 ], [ -120.0192, 37.359787 ], [ -119.954931, 37.37566 ], [ -119.927865, 37.408837 ], [ -119.918314, 37.351735 ], [ -119.877011, 37.325138 ], [ -119.799462, 37.387113 ], [ -119.794372, 37.432582 ], [ -119.775331, 37.424271 ], [ -119.764367, 37.452523 ], [ -119.720818, 37.433465 ], [ -119.698275, 37.469187 ], [ -119.698083, 37.506301 ], [ -119.795676, 37.523242 ], [ -119.822148, 37.610442 ], [ -119.703974, 37.608884 ], [ -119.675496, 37.637021 ], [ -119.669886, 37.617872 ], [ -119.643891, 37.620911 ], [ -119.69325, 37.563041 ], [ -119.658827, 37.538137 ], [ -119.587913, 37.531204 ], [ -119.583585, 37.560335 ], [ -119.451118, 37.666007 ], [ -119.554199, 37.69192 ], [ -119.58607, 37.668223 ], [ -119.668993, 37.663921 ], [ -119.707748, 37.693602 ], [ -119.706649, 37.716314 ], [ -119.661337, 37.712569 ], [ -119.588244, 37.741192 ], [ -119.557633, 37.724013 ], [ -119.494039, 37.729328 ], [ -119.471564, 37.745454 ], [ -119.399699, 37.736244 ], [ -119.346316, 37.74915 ], [ -119.308995, 37.777986 ], [ -119.288381, 37.74503 ], [ -119.261179, 37.74103 ], [ -119.20298, 37.795629 ], [ -119.216881, 37.818728 ], [ -119.196182, 37.844028 ], [ -119.216882, 37.849628 ], [ -119.200283, 37.885827 ], [ -119.313089, 37.953024 ], [ -119.32259, 37.971023 ], [ -119.30459, 38.023891 ], [ -119.327927, 38.065703 ], [ -119.429699, 38.116133 ], [ -119.440468, 38.095678 ], [ -119.461877, 38.097155 ], [ -119.457448, 38.11055 ], [ -119.501832, 38.159264 ], [ -119.507586, 38.136909 ], [ -119.643495, 38.146523 ], [ -119.598421, 38.181697 ], [ -119.632671, 38.198858 ], [ -119.624422, 38.228673 ], [ -119.604182, 38.234961 ], [ -119.621695, 38.251941 ], [ -119.613201, 38.261416 ], [ -119.651509, 38.286462 ], [ -119.642992, 38.324031 ], [ -119.572828, 38.351437 ], [ -119.546002, 38.344244 ], [ -119.554844, 38.361766 ], [ -119.511779, 38.383708 ], [ -119.509957, 38.359779 ], [ -119.478028, 38.365619 ], [ -119.452249, 38.348469 ], [ -119.447488, 38.420522 ], [ -119.460661, 38.455038 ], [ -119.45927, 38.460922 ], [ -119.463253, 38.465392 ], [ -119.462058, 38.484165 ], [ -119.45562, 38.487226 ], [ -119.459999, 38.45502 ], [ -119.427791, 38.447336 ], [ -119.41744, 38.421436 ], [ -119.382773, 38.42376 ], [ -119.351374, 38.451884 ], [ -119.350179, 38.508222 ], [ -119.330059, 38.535114 ], [ -117.923791, 37.530259 ], [ -117.944726, 37.526259 ], [ -117.921575, 37.486994 ], [ -117.94717, 37.484133 ], [ -117.934852, 37.464632 ], [ -118.30785, 37.462911 ], [ -118.307837, 37.42863 ], [ -118.326083, 37.420016 ], [ -118.315462, 37.405538 ], [ -118.202608, 37.402178 ], [ -118.182801, 37.419252 ], [ -118.188641, 37.326018 ], [ -118.16456, 37.278025 ], [ -118.151536, 37.274094 ], [ -118.152958, 37.317089 ], [ -118.039921, 37.329424 ], [ -117.951598, 37.433942 ], [ -117.938984, 37.430449 ], [ -117.944357, 37.441595 ], [ -117.906051, 37.462499 ], [ -117.838643, 37.386832 ], [ -117.766473, 37.340889 ], [ -117.802708, 37.312912 ], [ -117.875246, 37.296955 ], [ -117.875166, 37.284132 ], [ -117.789372, 37.239061 ], [ -117.896663, 37.286536 ], [ -117.947965, 37.233707 ], [ -117.983231, 37.23012 ], [ -117.994911, 37.203484 ], [ -118.160395, 37.202669 ], [ -118.22889, 37.176905 ], [ -118.195981, 37.169345 ], [ -118.195929, 37.089746 ], [ -118.249145, 37.1449 ], [ -118.229449, 37.114166 ], [ -118.233736, 37.066138 ], [ -118.212299, 37.047356 ], [ -118.225162, 37.028268 ], [ -118.236853, 37.057338 ], [ -118.271581, 37.080969 ], [ -118.256585, 36.93984 ], [ -118.232325, 36.936651 ], [ -118.223644, 36.962451 ], [ -118.212793, 36.951355 ], [ -118.241066, 36.917072 ], [ -118.241714, 36.890772 ], [ -118.233012, 36.854883 ], [ -118.228237, 36.868565 ], [ -118.162706, 36.797418 ], [ -118.261752, 36.774534 ], [ -118.296008, 36.784017 ], [ -118.310047, 36.800811 ], [ -118.281121, 36.806304 ], [ -118.30417, 36.809707 ], [ -118.297271, 36.848241 ], [ -118.314989, 36.864136 ], [ -118.271187, 36.897574 ], [ -118.368795, 36.89767 ], [ -118.419533, 36.987435 ], [ -118.437137, 37.059818 ], [ -118.591086, 37.136589 ], [ -118.608058, 37.115246 ], [ -118.578138, 37.021161 ], [ -118.58906, 36.996242 ], [ -118.657277, 36.951919 ], [ -118.744477, 36.930806 ], [ -118.836395, 36.850915 ], [ -118.873651, 36.838487 ], [ -118.984639, 36.863566 ], [ -119.087185, 36.86047 ], [ -119.100149, 36.846276 ], [ -119.059049, 36.836723 ], [ -119.006467, 36.763165 ], [ -118.96429, 36.774647 ], [ -118.985859, 36.836127 ], [ -118.870683, 36.836069 ], [ -118.835236, 36.813263 ], [ -118.829837, 36.824398 ], [ -118.798689, 36.807225 ], [ -118.696846, 36.801755 ], [ -118.716314, 36.739534 ], [ -118.783764, 36.740301 ], [ -118.799657, 36.765546 ], [ -118.872183, 36.740716 ], [ -118.899069, 36.755414 ], [ -118.937992, 36.741277 ], [ -118.924595, 36.715804 ], [ -118.983125, 36.717543 ], [ -118.984458, 36.670587 ], [ -118.953842, 36.702869 ], [ -118.94955, 36.674652 ], [ -118.931463, 36.685382 ], [ -118.898677, 36.633029 ], [ -118.919379, 36.598877 ], [ -118.894559, 36.577808 ], [ -118.896351, 36.544445 ], [ -118.836633, 36.537861 ], [ -118.788607, 36.568778 ], [ -118.784102, 36.617148 ], [ -118.805422, 36.604833 ], [ -118.804318, 36.645985 ], [ -118.836127, 36.651225 ], [ -118.778979, 36.681128 ], [ -118.720068, 36.673157 ], [ -118.690036, 36.638032 ], [ -118.634714, 36.636744 ], [ -118.574946, 36.597526 ], [ -118.526123, 36.591202 ], [ -118.561405, 36.571024 ], [ -118.552352, 36.557261 ], [ -118.570709, 36.533659 ], [ -118.567343, 36.494306 ], [ -118.548507, 36.47561 ], [ -118.559336, 36.440002 ], [ -118.542488, 36.416114 ], [ -118.581335, 36.398394 ], [ -118.597337, 36.353154 ], [ -118.568785, 36.316501 ], [ -118.542611, 36.313758 ], [ -118.508261, 36.223831 ], [ -118.440168, 36.187233 ], [ -118.435254, 36.137498 ], [ -118.455451, 36.126445 ], [ -118.46731, 36.047502 ], [ -118.534631, 36.083353 ], [ -118.543402, 36.123031 ], [ -118.60173, 36.140315 ], [ -118.646964, 36.102735 ], [ -118.632471, 36.099191 ], [ -118.653557, 36.048424 ], [ -118.693481, 36.019358 ], [ -118.647976, 35.98533 ], [ -118.62995, 35.993286 ], [ -118.641269, 35.939157 ], [ -118.628026, 35.948448 ], [ -118.602849, 35.92023 ], [ -118.58982, 35.946503 ], [ -118.547859, 35.969858 ], [ -118.539415, 36.006414 ], [ -118.482386, 35.993028 ], [ -118.483542, 35.916085 ], [ -118.434737, 35.852879 ], [ -118.462763, 35.826425 ], [ -118.447786, 35.792363 ], [ -118.195215, 35.790357 ], [ -118.202952, 35.814361 ], [ -118.190039, 35.831904 ], [ -118.217314, 35.843138 ], [ -118.191202, 35.899479 ], [ -118.164693, 35.917403 ], [ -118.168767, 35.94981 ], [ -118.13178, 36.014803 ], [ -118.128241, 36.076275 ], [ -118.095031, 36.12589 ], [ -118.064594, 36.076124 ], [ -118.065726, 36.032379 ], [ -118.039512, 36.034243 ], [ -118.052013, 36.084542 ], [ -118.067313, 36.093442 ], [ -118.073514, 36.140341 ], [ -118.059315, 36.17014 ], [ -118.105616, 36.213439 ], [ -118.127601, 36.280348 ], [ -118.100317, 36.346137 ], [ -118.163019, 36.389636 ], [ -118.081692, 36.439709 ], [ -118.120285, 36.473244 ], [ -118.174116, 36.462219 ], [ -118.177379, 36.485412 ], [ -118.23262, 36.466335 ], [ -118.24992, 36.482435 ], [ -118.23502, 36.493735 ], [ -118.238821, 36.523635 ], [ -118.291623, 36.560535 ], [ -118.289024, 36.590734 ], [ -118.274624, 36.597334 ], [ -118.337579, 36.654801 ], [ -118.324687, 36.666547 ], [ -118.220488, 36.666303 ], [ -118.220313, 36.609751 ], [ -118.205525, 36.609667 ], [ -118.143293, 36.64762 ], [ -118.138252, 36.665757 ], [ -118.097379, 36.665732 ], [ -118.138955, 36.739355 ], [ -118.085504, 36.738813 ], [ -118.054074, 36.694378 ], [ -118.007731, 36.709446 ], [ -118.007342, 36.753427 ], [ -117.864921, 36.754762 ], [ -117.843545, 36.733568 ], [ -117.8445, 36.709598 ], [ -117.828783, 36.706381 ], [ -117.836759, 36.673218 ], [ -117.747083, 36.643338 ], [ -117.760367, 36.620384 ], [ -117.742081, 36.592577 ], [ -117.868622, 36.490626 ], [ -117.842376, 36.442372 ], [ -117.87939, 36.379503 ], [ -117.820956, 36.357308 ], [ -117.802776, 36.324117 ], [ -117.781217, 36.330609 ], [ -117.731928, 36.28008 ], [ -117.761882, 36.277634 ], [ -117.75482, 36.231951 ], [ -117.840933, 36.231906 ], [ -117.835359, 36.098981 ], [ -117.876956, 36.086182 ], [ -117.882876, 36.06126 ], [ -117.919083, 36.060064 ], [ -117.929742, 36.029882 ], [ -117.95979, 36.034364 ], [ -117.945822, 35.978303 ], [ -117.928932, 35.98893 ], [ -117.895337, 35.972995 ], [ -117.889194, 35.9898 ], [ -117.886076, 35.877555 ], [ -117.795959, 35.652067 ] ] ], [ [ [ -118.060343, 33.71153 ], [ -118.06295, 33.71162 ], [ -118.060213, 33.711533 ], [ -118.060343, 33.71153 ] ] ], [ [ [ -117.438691, 35.672556 ], [ -117.403055, 35.795418 ], [ -117.305559, 35.795166 ], [ -117.258916, 35.72624 ], [ -117.258896, 35.66076 ], [ -117.35129, 35.58521 ], [ -117.37899, 35.62757 ], [ -117.380549, 35.687546 ], [ -117.382492, 35.696592 ], [ -117.391481, 35.707079 ], [ -117.38454, 35.68477 ], [ -117.398591, 35.6994 ], [ -117.438691, 35.672556 ] ] ], [ [ [ -117.665273, 36.321631 ], [ -117.615715, 36.369801 ], [ -117.545824, 36.340027 ], [ -117.524292, 36.302573 ], [ -117.536954, 36.298456 ], [ -117.54213, 36.235839 ], [ -117.607729, 36.23163 ], [ -117.59563, 36.265642 ], [ -117.632336, 36.252158 ], [ -117.661676, 36.265692 ], [ -117.665273, 36.321631 ] ] ] ] } },
{ "type": "Feature", "properties": { "territory": "Great Lakes", "fillColor": "#12343B", "fillOpacity": 0.85, "strokeColor": "#666666", "strokeWidth": 1.0 }, "geometry": { "type": "Polygon", "coordinates": [ [ [ -83.483974, 45.771937 ], [ -82.52064, 45.335902 ], [ -82.122971, 43.590827 ], [ -82.423724, 42.998517 ], [ -82.416698, 42.966424 ], [ -82.456027, 42.925812 ], [ -82.482574, 42.808644 ], [ -82.467667, 42.761906 ], [ -82.523434, 42.607344 ], [ -82.589981, 42.550978 ], [ -82.633724, 42.556802 ], [ -82.661886, 42.541746 ], [ -82.83025, 42.373492 ], [ -83.063637, 42.316857 ], [ -83.127999, 42.238695 ], [ -83.121704, 42.125431 ], [ -83.14945, 42.040264 ], [ -83.069312, 41.864217 ], [ -82.681119, 41.676328 ], [ -82.398348, 41.676524 ], [ -81.686447, 42.000037 ], [ -81.249833, 42.216415 ], [ -80.080222, 42.394162 ], [ -79.762418, 42.516072 ], [ -79.761954, 41.998841 ], [ -78.961378, 41.998707 ], [ -78.93085, 41.96034 ], [ -78.93072, 41.92595 ], [ -79.004283, 41.837814 ], [ -78.954164, 41.855132 ], [ -78.949417, 41.760045 ], [ -78.917924, 41.768117 ], [ -78.905928, 41.7569 ], [ -78.932927, 41.725635 ], [ -78.920049, 41.717897 ], [ -78.919115, 41.715233 ], [ -78.952037, 41.732934 ], [ -78.958957, 41.437061 ], [ -78.976657, 41.436963 ], [ -78.976658, 41.451761 ], [ -79.06352, 41.453207 ], [ -79.065154, 41.423194 ], [ -79.151532, 41.417239 ], [ -79.12876, 41.337149 ], [ -79.208878, 41.331861 ], [ -79.209257, 41.305001 ], [ -79.241524, 41.265533 ], [ -79.209583, 41.258471 ], [ -79.209745, 41.234854 ], [ -79.234574, 41.235018 ], [ -79.276988, 41.204955 ], [ -79.263695, 41.189915 ], [ -79.275898, 41.180031 ], [ -79.210136, 41.180246 ], [ -79.223946, 41.150495 ], [ -79.285408, 41.17159 ], [ -79.289261, 41.159159 ], [ -79.305672, 41.164613 ], [ -79.325559, 41.127352 ], [ -79.293877, 41.11063 ], [ -79.290016, 41.132913 ], [ -79.266678, 41.130853 ], [ -79.227999, 41.091219 ], [ -79.211126, 41.110885 ], [ -79.211212, 41.098363 ], [ -79.180512, 41.087854 ], [ -79.193793, 41.084006 ], [ -79.180475, 41.080773 ], [ -79.186958, 41.070565 ], [ -79.161948, 41.070777 ], [ -79.153907, 41.042599 ], [ -79.166677, 41.036102 ], [ -79.143894, 41.025012 ], [ -79.14421, 41.006266 ], [ -79.185688, 41.003048 ], [ -79.192391, 40.987341 ], [ -79.179441, 40.982471 ], [ -79.20856, 40.972877 ], [ -79.206747, 40.966983 ], [ -79.212627, 40.96672 ], [ -79.212546, 40.96089 ], [ -79.197401, 40.961642 ], [ -79.208844, 40.9523 ], [ -79.169441, 40.933546 ], [ -79.171964, 40.910884 ], [ -79.05162, 40.908178 ], [ -79.076064, 40.899387 ], [ -79.061976, 40.876643 ], [ -79.072522, 40.84508 ], [ -79.056529, 40.838457 ], [ -79.092028, 40.838911 ], [ -79.103672, 40.817983 ], [ -79.214993, 40.82593 ], [ -79.19476, 40.788616 ], [ -79.171972, 40.79877 ], [ -79.1814, 40.78541 ], [ -79.215015, 40.784196 ], [ -79.238295, 40.751417 ], [ -79.315959, 40.753722 ], [ -79.319137, 40.720296 ], [ -79.347436, 40.721142 ], [ -79.339071, 40.711479 ], [ -79.336177, 40.691307 ], [ -79.34081, 40.687367 ], [ -79.402635, 40.699023 ], [ -79.394224, 40.680396 ], [ -79.424676, 40.68451 ], [ -79.420738, 40.649543 ], [ -79.395382, 40.638165 ], [ -79.379713, 40.647342 ], [ -79.345311, 40.616191 ], [ -79.359948, 40.602361 ], [ -79.338949, 40.577695 ], [ -79.400168, 40.521961 ], [ -79.379516, 40.512224 ], [ -79.392696, 40.483964 ], [ -79.36836, 40.489726 ], [ -79.373642, 40.44618 ], [ -79.355925, 40.433049 ], [ -79.358045, 40.400901 ], [ -79.342971, 40.412088 ], [ -79.350274, 40.391249 ], [ -79.339041, 40.396181 ], [ -79.34072, 40.382894 ], [ -79.305838, 40.360503 ], [ -79.286384, 40.38574 ], [ -79.26606, 40.375164 ], [ -79.258827, 40.381838 ], [ -79.258933, 40.389617 ], [ -79.257334, 40.392022 ], [ -79.256677, 40.392654 ], [ -79.220677, 40.373436 ], [ -79.222015, 40.357548 ], [ -79.173849, 40.326373 ], [ -79.180262, 40.291458 ], [ -79.138637, 40.268479 ], [ -79.117136, 40.277213 ], [ -79.119724, 40.294247 ], [ -79.098721, 40.291428 ], [ -79.100685, 40.273201 ], [ -79.059042, 40.276632 ], [ -79.073098, 40.28661 ], [ -79.055115, 40.289455 ], [ -79.056646, 40.278604 ], [ -79.086343, 40.242391 ], [ -79.102446, 40.232165 ], [ -79.107929, 40.213026 ], [ -79.130146, 40.225435 ], [ -79.129653, 40.180924 ], [ -79.19304, 40.178851 ], [ -79.183408, 40.154258 ], [ -79.194098, 40.142905 ], [ -79.172565, 40.125542 ], [ -79.183619, 40.110686 ], [ -79.213791, 40.117991 ], [ -79.257036, 40.086158 ], [ -79.297785, 40.102841 ], [ -79.336327, 40.088011 ], [ -79.264232, 40.065742 ], [ -79.264922, 40.022138 ], [ -79.232809, 39.99786 ], [ -79.241469, 39.986479 ], [ -79.257357, 40.001509 ], [ -79.258811, 39.971273 ], [ -79.280161, 39.970059 ], [ -79.304229, 39.988142 ], [ -79.310671, 40.018043 ], [ -79.36167, 39.96008 ], [ -79.322538, 39.901046 ], [ -79.331696, 39.872648 ], [ -79.298828, 39.842286 ], [ -79.275409, 39.84882 ], [ -79.29767, 39.814061 ], [ -79.287742, 39.768763 ], [ -79.306165, 39.753993 ], [ -79.248026, 39.741433 ], [ -79.219418, 39.757313 ], [ -79.211113, 39.722038 ], [ -80.587689, 39.721753 ], [ -80.579811, 39.739291 ], [ -80.597682, 39.735993 ], [ -80.591789, 39.749407 ], [ -80.606429, 39.755368 ], [ -80.607558, 39.721894 ], [ -80.682982, 39.721306 ], [ -80.710303, 39.698362 ], [ -80.713197, 39.674205 ], [ -80.753162, 39.667505 ], [ -80.814011, 39.698129 ], [ -80.81973, 39.668653 ], [ -80.832296, 39.700601 ], [ -80.858185, 39.695497 ], [ -80.88036, 39.620706 ], [ -80.928346, 39.616554 ], [ -80.973483, 39.588446 ], [ -81.071025, 39.515608 ], [ -81.132534, 39.446275 ], [ -81.185145, 39.431479 ], [ -81.217315, 39.38759 ], [ -81.270292, 39.386047 ], [ -81.375961, 39.341697 ], [ -81.412706, 39.394618 ], [ -81.456143, 39.409274 ], [ -81.557547, 39.338774 ], [ -81.570247, 39.267675 ], [ -81.656138, 39.277355 ], [ -81.689483, 39.266043 ], [ -81.691915, 39.227035 ], [ -81.725622, 39.215905 ], [ -81.75618, 39.18046 ], [ -81.746054, 39.096978 ], [ -81.775555, 39.078377 ], [ -81.813854, 39.079678 ], [ -81.808055, 39.053777 ], [ -81.764253, 39.015279 ], [ -81.78182, 38.964935 ], [ -81.756975, 38.937154 ], [ -81.762658, 38.924123 ], [ -81.827354, 38.945898 ], [ -81.855971, 38.892734 ], [ -81.90297, 38.87609 ], [ -81.927999, 38.893492 ], [ -81.89847, 38.929603 ], [ -81.934419, 38.990522 ], [ -81.984016, 39.005997 ], [ -82.00599, 39.029387 ], [ -82.037749, 39.023865 ], [ -82.143167, 38.898079 ], [ -82.145467, 38.83968 ], [ -82.221566, 38.787187 ], [ -82.187968, 38.733082 ], [ -82.177267, 38.603784 ], [ -82.205171, 38.591719 ], [ -82.26207, 38.598183 ], [ -82.291271, 38.578983 ], [ -82.304223, 38.496308 ], [ -82.330335, 38.4445 ], [ -82.541006, 38.4038 ], [ -82.591056, 38.415573 ], [ -82.610808, 38.471953 ], [ -82.653595, 38.493843 ], [ -82.698285, 38.54377 ], [ -82.795871, 38.56181 ], [ -82.842472, 38.58891 ], [ -82.877493, 38.689465 ], [ -82.870959, 38.736542 ], [ -82.886311, 38.755254 ], [ -82.971489, 38.7272 ], [ -83.030495, 38.725839 ], [ -83.054018, 38.695068 ], [ -83.112384, 38.671623 ], [ -83.153644, 38.618839 ], [ -83.245664, 38.628564 ], [ -83.299037, 38.597374 ], [ -83.357836, 38.654879 ], [ -83.46771, 38.675348 ], [ -83.521141, 38.703079 ], [ -83.62553, 38.678876 ], [ -83.647842, 38.632404 ], [ -83.668395, 38.626453 ], [ -83.76912, 38.655075 ], [ -83.784463, 38.696723 ], [ -83.836759, 38.717718 ], [ -83.869407, 38.761301 ], [ -83.962367, 38.787521 ], [ -84.070779, 38.770414 ], [ -84.213115, 38.805835 ], [ -84.231864, 38.83272 ], [ -84.23434, 38.893265 ], [ -84.288777, 38.955644 ], [ -84.306074, 39.007753 ], [ -84.347599, 39.03758 ], [ -84.426389, 39.053134 ], [ -84.452534, 39.119239 ], [ -84.607482, 39.073369 ], [ -84.686478, 39.101109 ], [ -84.743351, 39.147585 ], [ -84.820155, 39.105419 ], [ -84.803645, 40.312139 ], [ -84.805885, 41.760171 ], [ -87.207774, 41.760956 ], [ -87.019863, 42.493763 ], [ -87.147166, 43.379859 ], [ -87.114102, 43.734111 ], [ -87.013234, 44.131905 ], [ -86.686288, 44.881002 ], [ -86.49993, 45.0808 ], [ -86.249548, 45.236125 ], [ -86.754236, 45.44361 ], [ -87.101133, 45.44423 ], [ -87.17117, 45.35254 ], [ -87.315422, 45.240657 ], [ -87.405694, 45.201969 ], [ -87.442508, 45.076434 ], [ -87.585486, 45.096891 ], [ -87.60445, 45.121018 ], [ -87.583481, 45.161857 ], [ -87.427823, 45.290563 ], [ -87.382377, 45.363859 ], [ -87.322247, 45.414011 ], [ -87.319178, 45.447136 ], [ -87.258465, 45.550075 ], [ -87.227354, 45.56769 ], [ -87.186925, 45.633276 ], [ -87.162822, 45.627048 ], [ -87.160196, 45.654831 ], [ -87.053757, 45.69825 ], [ -87.035817, 45.738688 ], [ -87.047347, 45.775253 ], [ -87.030469, 45.829752 ], [ -87.000138, 45.810804 ], [ -86.995336, 45.692401 ], [ -86.977341, 45.658634 ], [ -86.954301, 45.660768 ], [ -86.893942, 45.700644 ], [ -86.824352, 45.718836 ], [ -86.807259, 45.766441 ], [ -86.7514, 45.797744 ], [ -86.757279, 45.824716 ], [ -86.770607, 45.82473 ], [ -86.76985, 45.864617 ], [ -86.743511, 45.865374 ], [ -86.718477, 45.839022 ], [ -86.646771, 45.832641 ], [ -86.625697, 45.869099 ], [ -86.583589, 45.898381 ], [ -86.539325, 45.889741 ], [ -86.52754, 45.851635 ], [ -86.555568, 45.831627 ], [ -86.55772, 45.808001 ], [ -86.587097, 45.77835 ], [ -86.630894, 45.782292 ], [ -86.633242, 45.747656 ], [ -86.671694, 45.720682 ], [ -86.6689, 45.698293 ], [ -86.718424, 45.6782 ], [ -86.708246, 45.648109 ], [ -86.611133, 45.600397 ], [ -86.625094, 45.66413 ], [ -86.587504, 45.66638 ], [ -86.584452, 45.706623 ], [ -86.568896, 45.692079 ], [ -86.568401, 45.703044 ], [ -86.530551, 45.698512 ], [ -86.505555, 45.74382 ], [ -86.477951, 45.737305 ], [ -86.4358, 45.754084 ], [ -86.413629, 45.78888 ], [ -86.366841, 45.781203 ], [ -86.340412, 45.793034 ], [ -86.317483, 45.906316 ], [ -86.270342, 45.940225 ], [ -86.206809, 45.958973 ], [ -86.150976, 45.948412 ], [ -86.078374, 45.961073 ], [ -85.910937, 45.914375 ], [ -85.915394, 45.946471 ], [ -85.883974, 45.962837 ], [ -85.865501, 45.962286 ], [ -85.866173, 45.93464 ], [ -85.655568, 45.936233 ], [ -85.610311, 45.95546 ], [ -85.496238, 46.067865 ], [ -85.368041, 46.067127 ], [ -85.342289, 46.083114 ], [ -85.261776, 46.033755 ], [ -84.999748, 46.001229 ], [ -84.920203, 45.920898 ], [ -84.868478, 45.89461 ], [ -84.887889, 45.865397 ], [ -84.876194, 45.853113 ], [ -84.812202, 45.858007 ], [ -84.774812, 45.833993 ], [ -84.72633, 45.827536 ], [ -84.696315, 45.856712 ], [ -84.734148, 45.897258 ], [ -84.65949, 45.896537 ], [ -84.672285, 45.858612 ], [ -84.594315, 45.810291 ], [ -84.593898, 45.818306 ], [ -84.56926, 45.823311 ], [ -84.569005, 45.827831 ], [ -84.591959, 45.870584 ], [ -84.638893, 45.898498 ], [ -84.625045, 45.910178 ], [ -84.335836, 45.914108 ], [ -84.342496, 45.948137 ], [ -84.326553, 45.95676 ], [ -84.114287, 45.978239 ], [ -84.100646, 45.958579 ], [ -84.030281, 45.945348 ], [ -83.941189, 45.958977 ], [ -83.83542, 45.931761 ], [ -83.665419, 45.936294 ], [ -83.518515, 45.906694 ], [ -83.636867, 45.773944 ], [ -83.483974, 45.771937 ] ] ] } },
{ "type": "Feature", "properties": { "territory": "Great Plains", "fillColor": "#D8D9B7", "fillOpacity": 0.85, "strokeColor": "#666666", "strokeWidth": 1.0 }, "geometry": { "type": "Polygon", "coordinates": [ [ [ -98.562614, 43.042351 ], [ -98.558611, 43.059096 ], [ -98.524871, 43.039347 ], [ -98.444145, 42.929242 ], [ -98.42074, 42.931924 ], [ -98.189811, 42.841643 ], [ -98.147109, 42.839631 ], [ -98.035071, 42.764114 ], [ -97.936746, 42.775683 ], [ -97.888647, 42.817177 ], [ -97.875531, 42.858656 ], [ -97.841966, 42.868166 ], [ -97.686477, 42.842212 ], [ -97.611811, 42.858367 ], [ -97.443756, 42.846018 ], [ -97.407409, 42.868391 ], [ -97.237868, 42.853139 ], [ -97.218046, 42.845113 ], [ -97.210126, 42.809296 ], [ -97.150763, 42.795566 ], [ -97.130257, 42.771541 ], [ -96.97912, 42.76009 ], [ -96.961576, 42.719841 ], [ -96.906797, 42.7338 ], [ -96.806213, 42.704154 ], [ -96.793235, 42.666021 ], [ -96.691268, 42.656198 ], [ -96.709824, 42.6051 ], [ -96.643585, 42.557607 ], [ -96.611488, 42.506086 ], [ -96.548789, 42.520547 ], [ -96.501319, 42.482749 ], [ -96.445483, 42.49063 ], [ -96.476262, 42.489969 ], [ -96.476048, 42.507783 ], [ -96.49357, 42.515626 ], [ -96.47696, 42.555972 ], [ -96.498544, 42.558116 ], [ -96.485797, 42.57502 ], [ -96.510015, 42.613211 ], [ -96.529937, 42.610471 ], [ -96.515158, 42.62837 ], [ -96.541219, 42.659916 ], [ -96.559388, 42.657829 ], [ -96.57518, 42.682757 ], [ -96.630353, 42.705684 ], [ -96.624414, 42.725212 ], [ -96.639484, 42.736963 ], [ -96.619269, 42.754752 ], [ -96.63647, 42.769535 ], [ -96.603934, 42.783382 ], [ -96.584305, 42.82029 ], [ -96.625747, 42.808783 ], [ -96.62593, 42.82224 ], [ -96.645828, 42.82217 ], [ -96.651787, 42.787993 ], [ -96.686033, 42.794371 ], [ -96.687675, 42.822397 ], [ -96.73453, 42.838449 ], [ -96.726936, 42.863498 ], [ -96.766407, 42.859136 ], [ -96.785995, 42.89068 ], [ -96.69349, 42.891954 ], [ -96.686927, 42.909251 ], [ -96.65659, 42.894718 ], [ -96.646278, 42.923586 ], [ -96.626693, 42.923532 ], [ -96.599274, 42.894866 ], [ -96.597012, 42.920828 ], [ -96.567397, 42.923462 ], [ -96.568504, 42.981493 ], [ -96.608032, 42.981489 ], [ -96.608284, 42.996577 ], [ -96.588477, 42.996832 ], [ -96.588554, 43.025796 ], [ -96.568847, 43.025406 ], [ -96.568832, 43.069181 ], [ -96.509658, 43.083694 ], [ -96.489341, 43.05143 ], [ -96.460742, 43.064337 ], [ -96.421344, 43.127572 ], [ -96.403196, 43.128502 ], [ -96.432315, 43.134767 ], [ -96.412383, 43.156743 ], [ -96.451096, 43.156107 ], [ -96.443236, 43.133756 ], [ -96.465296, 43.147614 ], [ -96.476654, 43.221941 ], [ -96.568697, 43.231916 ], [ -96.549195, 43.247626 ], [ -96.585341, 43.268869 ], [ -96.589274, 43.295265 ], [ -96.530145, 43.3 ], [ -96.521734, 43.386862 ], [ -96.603056, 43.450793 ], [ -96.581084, 43.481462 ], [ -96.599191, 43.500456 ], [ -96.45326, 43.50039 ], [ -96.45339, 43.57318 ], [ -96.43202, 43.57289 ], [ -96.421595, 43.587431 ], [ -96.43226, 43.58966 ], [ -96.410714, 43.590714 ], [ -96.389, 43.60173 ], [ -96.426117, 43.591637 ], [ -96.43235, 43.60899 ], [ -96.45347, 43.60911 ], [ -96.45345, 43.64593 ], [ -96.41226, 43.64559 ], [ -96.4124, 43.67468 ], [ -96.43232, 43.67485 ], [ -96.43219, 43.68941 ], [ -96.3923, 43.68921 ], [ -96.39227, 43.70374 ], [ -96.41223, 43.70983 ], [ -96.39225, 43.7183 ], [ -96.39212, 43.74741 ], [ -96.45334, 43.71862 ], [ -96.452988, 43.849507 ], [ -96.547226, 43.84766 ], [ -96.53685, 43.891084 ], [ -96.496847, 43.891608 ], [ -96.484793, 43.905468 ], [ -96.496453, 43.90557 ], [ -96.486438, 43.93445 ], [ -96.50639, 43.934425 ], [ -96.506057, 43.963412 ], [ -96.453218, 43.963564 ], [ -96.448333, 44.140048 ], [ -96.42787, 44.140122 ], [ -96.428187, 44.125472 ], [ -96.36794, 44.125139 ], [ -96.368639, 44.18335 ], [ -96.427904, 44.183517 ], [ -96.423422, 44.240479 ], [ -96.396871, 44.250552 ], [ -96.404255, 44.298398 ], [ -96.424455, 44.298616 ], [ -96.424164, 44.327606 ], [ -96.403982, 44.327391 ], [ -96.403979, 44.341914 ], [ -96.424146, 44.342135 ], [ -96.424663, 44.371569 ], [ -96.404467, 44.371547 ], [ -96.404421, 44.386068 ], [ -96.452167, 44.383594 ], [ -96.451944, 44.441393 ], [ -96.505216, 44.441435 ], [ -96.504747, 44.48484 ], [ -96.524876, 44.485123 ], [ -96.525292, 44.456075 ], [ -96.545134, 44.456097 ], [ -96.549934, 44.484167 ], [ -96.534947, 44.493445 ], [ -96.544877, 44.528273 ], [ -96.524803, 44.514846 ], [ -96.523519, 44.543744 ], [ -96.45182, 44.543652 ], [ -96.451484, 44.666793 ], [ -96.475443, 44.674269 ], [ -96.451466, 44.674254 ], [ -96.451871, 44.904517 ], [ -96.477355, 44.890066 ], [ -96.475973, 44.918932 ], [ -96.496322, 44.919387 ], [ -96.475572, 44.948093 ], [ -96.451943, 44.948267 ], [ -96.453097, 45.300751 ], [ -96.489065, 45.357071 ], [ -96.521787, 45.375645 ], [ -96.690043, 45.415491 ], [ -96.751717, 45.499677 ], [ -96.861628, 45.499811 ], [ -96.861618, 45.514249 ], [ -96.902768, 45.51439 ], [ -96.896291, 45.572446 ], [ -96.919779, 45.574705 ], [ -96.915718, 45.616082 ], [ -96.895978, 45.616049 ], [ -96.895908, 45.674273 ], [ -96.853291, 45.688534 ], [ -96.833197, 45.65957 ], [ -96.83365, 45.688617 ], [ -96.792081, 45.683076 ], [ -96.776932, 45.692927 ], [ -96.773427, 45.690702 ], [ -96.830843, 45.656417 ], [ -96.826687, 45.653662 ], [ -96.662595, 45.738682 ], [ -96.583085, 45.820024 ], [ -96.561334, 45.945655 ], [ -96.576564, 46.021848 ], [ -96.55544, 46.02203 ], [ -96.55532, 46.05095 ], [ -96.566349, 46.051119 ], [ -96.554411, 46.084079 ], [ -96.576636, 46.173944 ], [ -96.592682, 46.175211 ], [ -96.583761, 46.208059 ], [ -96.598729, 46.242317 ], [ -96.583715, 46.249807 ], [ -96.600402, 46.26175 ], [ -96.599379, 46.329984 ], [ -96.645194, 46.350669 ], [ -96.685355, 46.414212 ], [ -96.704581, 46.417995 ], [ -96.703269, 46.437295 ], [ -96.721853, 46.439829 ], [ -96.711611, 46.459783 ], [ -96.738875, 46.478706 ], [ -96.73826, 46.539294 ], [ -96.750116, 46.540759 ], [ -96.738715, 46.543228 ], [ -96.754397, 46.556818 ], [ -96.74175, 46.563997 ], [ -96.7575, 46.57783 ], [ -96.747266, 46.582022 ], [ -96.771579, 46.596213 ], [ -96.770843, 46.61527 ], [ -96.791306, 46.624971 ], [ -96.782179, 46.631412 ], [ -96.798175, 46.629466 ], [ -96.785815, 46.640523 ], [ -96.802165, 46.667897 ], [ -96.784066, 46.68527 ], [ -96.791197, 46.718874 ], [ -96.779136, 46.726642 ], [ -96.789789, 46.756701 ], [ -96.77785, 46.761588 ], [ -96.789519, 46.766024 ], [ -96.775453, 46.766751 ], [ -96.796756, 46.776999 ], [ -96.787136, 46.785651 ], [ -96.80275, 46.81169 ], [ -96.780136, 46.825429 ], [ -96.793959, 46.833064 ], [ -96.774648, 46.839647 ], [ -96.781331, 46.879687 ], [ -96.769202, 46.878159 ], [ -96.776034, 46.897977 ], [ -96.752654, 46.923543 ], [ -96.762192, 46.934897 ], [ -96.791503, 46.927689 ], [ -96.80414, 46.946911 ], [ -96.795045, 46.965838 ], [ -96.822664, 46.97002 ], [ -96.820976, 47.003326 ], [ -96.839548, 47.006728 ], [ -96.812659, 47.038634 ], [ -96.830386, 47.060823 ], [ -96.816191, 47.108481 ], [ -96.837564, 47.12198 ], [ -96.820723, 47.130369 ], [ -96.841247, 47.151856 ], [ -96.822359, 47.156341 ], [ -96.833484, 47.176644 ], [ -96.821555, 47.184314 ], [ -96.844847, 47.19358 ], [ -96.827167, 47.201316 ], [ -96.845788, 47.22011 ], [ -96.828672, 47.233286 ], [ -96.847448, 47.261933 ], [ -96.834705, 47.266155 ], [ -96.847678, 47.271247 ], [ -96.83066, 47.306066 ], [ -96.846976, 47.315834 ], [ -96.828764, 47.327995 ], [ -96.845786, 47.328037 ], [ -96.830643, 47.338786 ], [ -96.858206, 47.36753 ], [ -96.837141, 47.371291 ], [ -96.854622, 47.37378 ], [ -96.837465, 47.389527 ], [ -96.852714, 47.406094 ], [ -96.842073, 47.411738 ], [ -96.871763, 47.419006 ], [ -96.852816, 47.43203 ], [ -96.863619, 47.45701 ], [ -96.851946, 47.479055 ], [ -96.868519, 47.478473 ], [ -96.852158, 47.486351 ], [ -96.86504, 47.491651 ], [ -96.84228, 47.508636 ], [ -96.871172, 47.527268 ], [ -96.845323, 47.538752 ], [ -96.861749, 47.559279 ], [ -96.847499, 47.566226 ], [ -96.868934, 47.567002 ], [ -96.851568, 47.568655 ], [ -96.851021, 47.598544 ], [ -96.879726, 47.619336 ], [ -96.885116, 47.673808 ], [ -96.930973, 47.715547 ], [ -96.918413, 47.724041 ], [ -96.934883, 47.767209 ], [ -96.991578, 47.808187 ], [ -96.974128, 47.823474 ], [ -96.998337, 47.841932 ], [ -97.001828, 47.868134 ], [ -97.023142, 47.874063 ], [ -97.017854, 47.919911 ], [ -97.055341, 47.947515 ], [ -97.072257, 48.048068 ], [ -97.104483, 48.072428 ], [ -97.101876, 48.095896 ], [ -97.123202, 48.10665 ], [ -97.133468, 48.137101 ], [ -97.122876, 48.13975 ], [ -97.146505, 48.14222 ], [ -97.121167, 48.161102 ], [ -97.144242, 48.162491 ], [ -97.147511, 48.172407 ], [ -97.137131, 48.175357 ], [ -97.13601, 48.17674 ], [ -97.135994, 48.178897 ], [ -97.13668, 48.180866 ], [ -97.138386, 48.182304 ], [ -97.140601, 48.182942 ], [ -97.148458, 48.182433 ], [ -97.149755, 48.185824 ], [ -97.142922, 48.190996 ], [ -97.141518, 48.192518 ], [ -97.141771, 48.193699 ], [ -97.149155, 48.186838 ], [ -97.150124, 48.185518 ], [ -97.150339, 48.184506 ], [ -97.149954, 48.182925 ], [ -97.147639, 48.181739 ], [ -97.13871, 48.182079 ], [ -97.136427, 48.177866 ], [ -97.149231, 48.171578 ], [ -97.147893, 48.135267 ], [ -97.167528, 48.135252 ], [ -97.156174, 48.178554 ], [ -97.204522, 48.208232 ], [ -97.20038, 48.237199 ], [ -97.16771, 48.251499 ], [ -97.167398, 48.309674 ], [ -97.183619, 48.311898 ], [ -97.15859, 48.328351 ], [ -97.145618, 48.358032 ], [ -97.155573, 48.368583 ], [ -97.133443, 48.381719 ], [ -97.16329, 48.391987 ], [ -97.131175, 48.407281 ], [ -97.155413, 48.416741 ], [ -97.122453, 48.418276 ], [ -97.145873, 48.431148 ], [ -97.124824, 48.441896 ], [ -97.150633, 48.440816 ], [ -97.128544, 48.460301 ], [ -97.147418, 48.472753 ], [ -97.12892, 48.475742 ], [ -97.162668, 48.477783 ], [ -97.1315, 48.489006 ], [ -97.150267, 48.5116 ], [ -97.126758, 48.520157 ], [ -97.152423, 48.520364 ], [ -97.141358, 48.535452 ], [ -97.163355, 48.543967 ], [ -97.085302, 48.54401 ], [ -97.084889, 48.558549 ], [ -97.019887, 48.558752 ], [ -97.01901, 48.573297 ], [ -97.041079, 48.602419 ], [ -97.061887, 48.602212 ], [ -97.063001, 48.631339 ], [ -97.111966, 48.630758 ], [ -97.090369, 48.684655 ], [ -97.119904, 48.701248 ], [ -97.110112, 48.707978 ], [ -97.153795, 48.753993 ], [ -97.147469, 48.781441 ], [ -97.174041, 48.793879 ], [ -97.163261, 48.800579 ], [ -97.18164, 48.798517 ], [ -97.158118, 48.810319 ], [ -97.190274, 48.815135 ], [ -97.173884, 48.837993 ], [ -97.190573, 48.864279 ], [ -97.177814, 48.875639 ], [ -97.199394, 48.881113 ], [ -97.190018, 48.895516 ], [ -97.233966, 48.947364 ], [ -97.232522, 48.998833 ], [ -95.153191, 48.99887 ], [ -95.153395, 49.384479 ], [ -95.058302, 49.353253 ], [ -94.957394, 49.370198 ], [ -94.816264, 49.321399 ], [ -94.825535, 49.294354 ], [ -94.797976, 49.19786 ], [ -94.772784, 49.120507 ], [ -94.74965, 49.09874 ], [ -94.683457, 48.88412 ], [ -94.685583, 48.840049 ], [ -94.704291, 48.824217 ], [ -94.694402, 48.789444 ], [ -94.645365, 48.744017 ], [ -94.538515, 48.702701 ], [ -94.452379, 48.692401 ], [ -94.415832, 48.710971 ], [ -94.291194, 48.707812 ], [ -94.252969, 48.686343 ], [ -94.250948, 48.656899 ], [ -94.224205, 48.649457 ], [ -93.844351, 48.630222 ], [ -93.806349, 48.579507 ], [ -93.818489, 48.531413 ], [ -93.793369, 48.516311 ], [ -93.659314, 48.516413 ], [ -93.62846, 48.531873 ], [ -93.612257, 48.522397 ], [ -93.467378, 48.546451 ], [ -93.465469, 48.591635 ], [ -93.254654, 48.642814 ], [ -93.207529, 48.642505 ], [ -93.178376, 48.623258 ], [ -92.954788, 48.63154 ], [ -92.950009, 48.608349 ], [ -92.728412, 48.539372 ], [ -92.634886, 48.542557 ], [ -92.627011, 48.503273 ], [ -92.698675, 48.49484 ], [ -92.712682, 48.462982 ], [ -92.656223, 48.436474 ], [ -92.50747, 48.447979 ], [ -92.456431, 48.414083 ], [ -92.476504, 48.371909 ], [ -92.469771, 48.352092 ], [ -92.369917, 48.220279 ], [ -92.269578, 48.248185 ], [ -92.294562, 48.271214 ], [ -92.306175, 48.316246 ], [ -92.262549, 48.354913 ], [ -92.216959, 48.344957 ], [ -92.14489, 48.365688 ], [ -92.055221, 48.359364 ], [ -92.046944, 48.334772 ], [ -92.000115, 48.321096 ], [ -92.012985, 48.297444 ], [ -92.006525, 48.265411 ], [ -91.97564, 48.244324 ], [ -91.954102, 48.252262 ], [ -91.958352, 48.233135 ], [ -91.893105, 48.23798 ], [ -91.864358, 48.206947 ], [ -91.715364, 48.199504 ], [ -91.724357, 48.170533 ], [ -91.704826, 48.170712 ], [ -91.697776, 48.141598 ], [ -91.711751, 48.11465 ], [ -91.682111, 48.122502 ], [ -91.687574, 48.1119 ], [ -91.651807, 48.113956 ], [ -91.639921, 48.09711 ], [ -91.559112, 48.108593 ], [ -91.575384, 48.06671 ], [ -91.56751, 48.043789 ], [ -91.488184, 48.068378 ], [ -91.450003, 48.06907 ], [ -91.429571, 48.048653 ], [ -91.370827, 48.069732 ], [ -91.266775, 48.078831 ], [ -91.082473, 48.181152 ], [ -90.885757, 48.245953 ], [ -90.839296, 48.239559 ], [ -90.836402, 48.177028 ], [ -90.82102, 48.18468 ], [ -90.796431, 48.159207 ], [ -90.777931, 48.163838 ], [ -90.798224, 48.136889 ], [ -90.782217, 48.135861 ], [ -90.751577, 48.090987 ], [ -90.57968, 48.123797 ], [ -90.559103, 48.12173 ], [ -90.569737, 48.10683 ], [ -90.556701, 48.095931 ], [ -90.467391, 48.108744 ], [ -90.374289, 48.090915 ], [ -90.140825, 48.112555 ], [ -90.023331, 48.084748 ], [ -89.993825, 48.028091 ], [ -89.934576, 48.015817 ], [ -89.895496, 47.987325 ], [ -89.775356, 48.022863 ], [ -89.650871, 48.003617 ], [ -89.610696, 48.017927 ], [ -89.580973, 47.995939 ], [ -89.483385, 48.013716 ], [ -89.957102, 47.291103 ], [ -90.65466, 47.309822 ], [ -91.500181, 46.91332 ], [ -92.020294, 46.704041 ], [ -92.089493, 46.749237 ], [ -92.11659, 46.74864 ], [ -92.14329, 46.73464 ], [ -92.14673, 46.715794 ], [ -92.189091, 46.717541 ], [ -92.204691, 46.704041 ], [ -92.175875, 46.686466 ], [ -92.207092, 46.651941 ], [ -92.270592, 46.650741 ], [ -92.291289, 46.668137 ], [ -92.294033, 46.074377 ], [ -92.332912, 46.062697 ], [ -92.35176, 46.015685 ], [ -92.428555, 46.024241 ], [ -92.469765, 45.973569 ], [ -92.527052, 45.983245 ], [ -92.551933, 45.951651 ], [ -92.638824, 45.934166 ], [ -92.712503, 45.891705 ], [ -92.765146, 45.830183 ], [ -92.757815, 45.806574 ], [ -92.784617, 45.764199 ], [ -92.869193, 45.717568 ], [ -92.889433, 45.641202 ], [ -92.883749, 45.575483 ], [ -92.770223, 45.566939 ], [ -92.726082, 45.541112 ], [ -92.726677, 45.514462 ], [ -92.646602, 45.441635 ], [ -92.65042, 45.39851 ], [ -92.702723, 45.358468 ], [ -92.708675, 45.322525 ], [ -92.762004, 45.288213 ], [ -92.751708, 45.218666 ], [ -92.766808, 45.185466 ], [ -92.739583, 45.115598 ], [ -92.803124, 45.061566 ], [ -92.76206, 45.02432 ], [ -92.769445, 44.97215 ], [ -92.750645, 44.937299 ], [ -92.774571, 44.898084 ], [ -92.765932, 44.835631 ], [ -92.808242, 44.751083 ], [ -92.632021, 44.649187 ], [ -92.621642, 44.614929 ], [ -92.568946, 44.603372 ], [ -92.548889, 44.568252 ], [ -92.336114, 44.554004 ], [ -92.291005, 44.485464 ], [ -92.230856, 44.444496 ], [ -92.056486, 44.402729 ], [ -91.966809, 44.363986 ], [ -91.918625, 44.322671 ], [ -91.924613, 44.291815 ], [ -91.896388, 44.27469 ], [ -91.875158, 44.200575 ], [ -91.721552, 44.130342 ], [ -91.707491, 44.103906 ], [ -91.59207, 44.031372 ], [ -91.439265, 44.000988 ], [ -91.366642, 43.937463 ], [ -91.284138, 43.847065 ], [ -91.244135, 43.774667 ], [ -91.273252, 43.666623 ], [ -91.268748, 43.615348 ], [ -91.231865, 43.581822 ], [ -91.243183, 43.540309 ], [ -91.217353, 43.512474 ], [ -91.233367, 43.455168 ], [ -91.19767, 43.395334 ], [ -91.21477, 43.365874 ], [ -91.107237, 43.313645 ], [ -91.057918, 43.255366 ], [ -91.175253, 43.134665 ], [ -91.179457, 43.067427 ], [ -91.145935, 42.96077 ], [ -91.145615, 42.908006 ], [ -91.100565, 42.883078 ], [ -91.065059, 42.751338 ], [ -90.94921, 42.685569 ], [ -90.706303, 42.634169 ], [ -90.635983, 42.518712 ], [ -90.654496, 42.479205 ], [ -90.567968, 42.440389 ], [ -90.555018, 42.416138 ], [ -90.443874, 42.355218 ], [ -90.415937, 42.322699 ], [ -90.430884, 42.27823 ], [ -90.393151, 42.227186 ], [ -90.216107, 42.15673 ], [ -90.201404, 42.130937 ], [ -90.162895, 42.116718 ], [ -90.164485, 42.042105 ], [ -90.140061, 42.003252 ], [ -90.164135, 41.956178 ], [ -90.153584, 41.906614 ], [ -90.181901, 41.843216 ], [ -90.180954, 41.809354 ], [ -90.310878, 41.742325 ], [ -90.313435, 41.698082 ], [ -90.343452, 41.646959 ], [ -90.343228, 41.587833 ], [ -90.412825, 41.565329 ], [ -90.461432, 41.523533 ], [ -90.591037, 41.512832 ], [ -90.655839, 41.462132 ], [ -90.691196, 41.461809 ], [ -90.697899, 41.4743 ], [ -90.746569, 41.455244 ], [ -90.853604, 41.453909 ], [ -90.930016, 41.421404 ], [ -90.982913, 41.434171 ], [ -91.047034, 41.412334 ], [ -91.074841, 41.305578 ], [ -91.113657, 41.241401 ], [ -91.041557, 41.166162 ], [ -90.994963, 41.16063 ], [ -90.946625, 41.096628 ], [ -90.952233, 40.954047 ], [ -90.965344, 40.921633 ], [ -91.009536, 40.900565 ], [ -91.092993, 40.821079 ], [ -91.123928, 40.669152 ], [ -91.18698, 40.637297 ], [ -91.253074, 40.637962 ], [ -91.339719, 40.613488 ], [ -91.405241, 40.554641 ], [ -91.364211, 40.500043 ], [ -91.381769, 40.442555 ], [ -91.372554, 40.4012 ], [ -91.446308, 40.361823 ], [ -91.492727, 40.278217 ], [ -91.513079, 40.178537 ], [ -91.494981, 40.036945 ], [ -91.41936, 39.927717 ], [ -91.446922, 39.883034 ], [ -91.435541, 39.845074 ], [ -91.362388, 39.790482 ], [ -91.367753, 39.729029 ], [ -91.229317, 39.620853 ], [ -91.181936, 39.602677 ], [ -91.153628, 39.548248 ], [ -91.100307, 39.538695 ], [ -91.03827, 39.448435 ], [ -90.940766, 39.403984 ], [ -90.72996, 39.255894 ], [ -90.707902, 39.15086 ], [ -90.681086, 39.10059 ], [ -90.712726, 39.049736 ], [ -90.678193, 38.991851 ], [ -90.663018, 38.926283 ], [ -90.624737, 38.888188 ], [ -90.582259, 38.868794 ], [ -90.548917, 38.872937 ], [ -90.499672, 38.910605 ], [ -90.471729, 38.959186 ], [ -90.439938, 38.967383 ], [ -90.250248, 38.919344 ], [ -90.113327, 38.849306 ], [ -90.119424, 38.801811 ], [ -90.21141, 38.72135 ], [ -90.181102, 38.659579 ], [ -90.184502, 38.61158 ], [ -90.257782, 38.532012 ], [ -90.291084, 38.43089 ], [ -90.341521, 38.388343 ], [ -90.370819, 38.333554 ], [ -90.358628, 38.221981 ], [ -90.217019, 38.093466 ], [ -90.130788, 38.062341 ], [ -90.11424, 38.029061 ], [ -90.057269, 38.014362 ], [ -90.00011, 37.964563 ], [ -89.940687, 37.970874 ], [ -89.907235, 37.958321 ], [ -89.877758, 37.924051 ], [ -89.799329, 37.881516 ], [ -89.786326, 37.851689 ], [ -89.739875, 37.846921 ], [ -89.669644, 37.799922 ], [ -89.663352, 37.750052 ], [ -89.617278, 37.74972 ], [ -89.583316, 37.713261 ], [ -89.516685, 37.692762 ], [ -89.517718, 37.641217 ], [ -89.475932, 37.592998 ], [ -89.519808, 37.582747 ], [ -89.517051, 37.537278 ], [ -89.439769, 37.4372 ], [ -89.420542, 37.388007 ], [ -89.432836, 37.347056 ], [ -89.489005, 37.333368 ], [ -89.51834, 37.285497 ], [ -89.489915, 37.251315 ], [ -89.458827, 37.248661 ], [ -89.467631, 37.2182 ], [ -89.456105, 37.18812 ], [ -89.377113, 37.090765 ], [ -89.383937, 37.046441 ], [ -89.278628, 36.98867 ], [ -89.260003, 37.023288 ], [ -89.304752, 37.047565 ], [ -89.30829, 37.068371 ], [ -89.25493, 37.072014 ], [ -89.200793, 37.016164 ], [ -89.185491, 36.973518 ], [ -89.125352, 36.983529 ], [ -89.099331, 36.962575 ], [ -89.138109, 36.847323 ], [ -89.179201, 36.829896 ], [ -89.170563, 36.797538 ], [ -89.12438, 36.785826 ], [ -89.117076, 36.765769 ], [ -89.125967, 36.751809 ], [ -89.169785, 36.759641 ], [ -89.197856, 36.739772 ], [ -89.199311, 36.715624 ], [ -89.159118, 36.666354 ], [ -89.197753, 36.628971 ], [ -89.219035, 36.575057 ], [ -89.26349, 36.566269 ], [ -89.324637, 36.631023 ], [ -89.365797, 36.625126 ], [ -89.417275, 36.499011 ], [ -89.464433, 36.457747 ], [ -89.493947, 36.473559 ], [ -89.465913, 36.530015 ], [ -89.47993, 36.569087 ], [ -89.538247, 36.581294 ], [ -89.56905, 36.561721 ], [ -89.559874, 36.523467 ], [ -89.519922, 36.477053 ], [ -89.545255, 36.427079 ], [ -89.509722, 36.373626 ], [ -89.531822, 36.339246 ], [ -89.605668, 36.342234 ], [ -89.620255, 36.323006 ], [ -89.539487, 36.277368 ], [ -89.534676, 36.252771 ], [ -89.602374, 36.238106 ], [ -89.698568, 36.250591 ], [ -89.704459, 36.235468 ], [ -89.607004, 36.171179 ], [ -89.592102, 36.135637 ], [ -89.672463, 36.091837 ], [ -89.692437, 36.020507 ], [ -89.706932, 36.000981 ], [ -89.733056, 36.000809 ], [ -89.718497, 35.963123 ], [ -89.646503, 35.923743 ], [ -89.643585, 35.889742 ], [ -89.669079, 35.87451 ], [ -89.744547, 35.910699 ], [ -89.772904, 35.865632 ], [ -89.695531, 35.835673 ], [ -89.698645, 35.818711 ], [ -89.728682, 35.802597 ], [ -89.781662, 35.805228 ], [ -89.799565, 35.788331 ], [ -89.799416, 35.758108 ], [ -89.825451, 35.745188 ], [ -89.907461, 35.759288 ], [ -89.958336, 35.72656 ], [ -89.955841, 35.690399 ], [ -89.925453, 35.658206 ], [ -89.894236, 35.651605 ], [ -89.863115, 35.670519 ], [ -89.851275, 35.657608 ], [ -89.857753, 35.633677 ], [ -89.957568, 35.588531 ], [ -89.942103, 35.556997 ], [ -89.910681, 35.547451 ], [ -89.903263, 35.52201 ], [ -89.924373, 35.511303 ], [ -89.958749, 35.523837 ], [ -89.958092, 35.541227 ], [ -89.991644, 35.560645 ], [ -90.03793, 35.549933 ], [ -90.048241, 35.503849 ], [ -90.002668, 35.429985 ], [ -90.050564, 35.409635 ], [ -90.044582, 35.393073 ], [ -90.080441, 35.397871 ], [ -90.109966, 35.304988 ], [ -90.156999, 35.301631 ], [ -90.168875, 35.281516 ], [ -90.148858, 35.254273 ], [ -90.091092, 35.245004 ], [ -90.075843, 35.213094 ], [ -90.117191, 35.188297 ], [ -90.064655, 35.140863 ], [ -90.091906, 35.119459 ], [ -90.138669, 35.131519 ], [ -90.1679, 35.121132 ], [ -90.181157, 35.053943 ], [ -90.206997, 35.025849 ], [ -90.296607, 35.038672 ], [ -90.307824, 34.992904 ], [ -90.24518, 34.947899 ], [ -90.241334, 34.919033 ], [ -90.257858, 34.893385 ], [ -90.317741, 34.871058 ], [ -90.308493, 34.845486 ], [ -90.338449, 34.858517 ], [ -90.389393, 34.830665 ], [ -90.438729, 34.825248 ], [ -90.449691, 34.83992 ], [ -90.429408, 34.866406 ], [ -90.43656, 34.882732 ], [ -90.480323, 34.882356 ], [ -90.483498, 34.86046 ], [ -90.455379, 34.820785 ], [ -90.476584, 34.794004 ], [ -90.448168, 34.740103 ], [ -90.483333, 34.722222 ], [ -90.516666, 34.727222 ], [ -90.492777, 34.772499 ], [ -90.513889, 34.8 ], [ -90.544167, 34.791667 ], [ -90.539786, 34.754304 ], [ -90.571944, 34.712777 ], [ -90.529562, 34.695834 ], [ -90.474166, 34.705277 ], [ -90.462883, 34.683805 ], [ -90.534207, 34.627462 ], [ -90.554885, 34.645168 ], [ -90.541928, 34.683862 ], [ -90.570102, 34.693432 ], [ -90.591595, 34.621012 ], [ -90.539623, 34.553925 ], [ -90.592662, 34.490579 ], [ -90.577694, 34.432445 ], [ -90.586232, 34.409172 ], [ -90.657142, 34.377397 ], [ -90.669343, 34.313088 ], [ -90.693129, 34.32257 ], [ -90.676305, 34.371261 ], [ -90.764393, 34.363675 ], [ -90.738025, 34.289279 ], [ -90.765623, 34.269513 ], [ -90.831773, 34.276936 ], [ -90.847149, 34.20613 ], [ -90.892279, 34.222891 ], [ -90.906334, 34.244382 ], [ -90.935548, 34.237847 ], [ -90.908215, 34.192071 ], [ -90.817488, 34.183198 ], [ -90.807219, 34.163713 ], [ -90.845283, 34.136886 ], [ -90.909957, 34.165511 ], [ -90.958644, 34.135484 ], [ -90.94564, 34.107965 ], [ -90.918861, 34.092843 ], [ -90.883126, 34.096729 ], [ -90.871122, 34.080249 ], [ -90.893999, 34.026207 ], [ -90.988184, 34.019211 ], [ -90.966173, 33.964663 ], [ -90.998951, 33.965604 ], [ -91.018948, 34.003225 ], [ -91.04667, 33.992434 ], [ -91.086386, 34.006129 ], [ -91.08646, 33.957804 ], [ -91.010523, 33.933611 ], [ -91.073075, 33.865443 ], [ -91.027901, 33.797668 ], [ -91.05171, 33.777376 ], [ -91.134059, 33.782893 ], [ -91.148807, 33.73136 ], [ -91.117645, 33.705299 ], [ -91.059169, 33.71452 ], [ -91.03194, 33.676972 ], [ -91.091351, 33.657764 ], [ -91.160367, 33.706602 ], [ -91.215434, 33.699062 ], [ -91.230681, 33.680079 ], [ -91.216718, 33.658818 ], [ -91.15253, 33.638079 ], [ -91.12873, 33.609204 ], [ -91.162746, 33.571072 ], [ -91.234058, 33.561415 ], [ -91.182492, 33.49983 ], [ -91.23554, 33.439242 ], [ -91.177165, 33.443942 ], [ -91.168918, 33.498213 ], [ -91.130879, 33.48055 ], [ -91.117053, 33.454979 ], [ -91.132746, 33.429622 ], [ -91.200044, 33.418057 ], [ -91.208035, 33.40173 ], [ -91.14296, 33.379694 ], [ -91.099716, 33.406965 ], [ -91.087034, 33.45129 ], [ -91.058109, 33.446907 ], [ -91.0647, 33.418162 ], [ -91.142219, 33.348989 ], [ -91.141376, 33.298822 ], [ -91.105787, 33.241526 ], [ -91.078045, 33.283627 ], [ -91.043864, 33.275778 ], [ -91.070803, 33.227396 ], [ -91.10026, 33.219428 ], [ -91.080405, 33.180091 ], [ -91.086017, 33.136281 ], [ -91.183216, 33.141805 ], [ -91.201812, 33.124036 ], [ -91.199917, 33.106751 ], [ -91.120669, 33.057695 ], [ -91.165892, 33.004298 ], [ -92.71815, 33.014412 ], [ -92.74471, 32.99372 ], [ -92.76736, 32.99886 ], [ -92.767988, 33.014935 ], [ -94.043015, 33.019262 ], [ -94.043313, 33.551584 ], [ -94.073418, 33.554916 ], [ -94.055615, 33.561577 ], [ -94.07231, 33.584236 ], [ -94.072615, 33.57225 ], [ -94.120669, 33.566986 ], [ -94.126753, 33.550644 ], [ -94.135144, 33.571033 ], [ -94.151448, 33.568466 ], [ -94.142028, 33.581128 ], [ -94.183774, 33.594666 ], [ -94.217304, 33.580245 ], [ -94.194478, 33.573669 ], [ -94.195447, 33.555162 ], [ -94.205817, 33.567099 ], [ -94.250695, 33.557108 ], [ -94.242518, 33.589744 ], [ -94.277324, 33.557329 ], [ -94.290832, 33.559029 ], [ -94.287425, 33.582562 ], [ -94.309543, 33.551631 ], [ -94.343713, 33.567955 ], [ -94.353541, 33.543743 ], [ -94.386786, 33.545123 ], [ -94.401459, 33.560531 ], [ -94.37892, 33.570164 ], [ -94.382596, 33.583257 ], [ -94.409586, 33.568278 ], [ -94.43065, 33.591574 ], [ -94.471246, 33.601893 ], [ -94.448735, 33.642715 ], [ -94.504525, 33.620728 ], [ -94.517468, 33.633056 ], [ -94.52774, 33.615898 ], [ -94.521837, 33.640728 ], [ -94.569975, 33.62847 ], [ -94.543033, 33.649322 ], [ -94.548111, 33.66033 ], [ -94.590478, 33.645075 ], [ -94.560339, 33.666591 ], [ -94.580784, 33.666392 ], [ -94.58793, 33.686255 ], [ -94.596019, 33.663863 ], [ -94.622043, 33.682535 ], [ -94.654919, 33.659925 ], [ -94.671048, 33.668388 ], [ -94.645337, 33.673644 ], [ -94.643715, 33.701522 ], [ -94.651402, 33.685843 ], [ -94.716188, 33.687902 ], [ -94.70156, 33.702878 ], [ -94.733965, 33.715687 ], [ -94.715943, 33.694913 ], [ -94.735856, 33.691625 ], [ -94.753801, 33.708663 ], [ -94.733413, 33.725191 ], [ -94.751366, 33.71354 ], [ -94.751825, 33.734326 ], [ -94.788637, 33.735669 ], [ -94.758948, 33.748532 ], [ -94.763035, 33.759764 ], [ -94.803433, 33.732739 ], [ -94.823385, 33.769179 ], [ -94.820429, 33.733807 ], [ -94.860687, 33.741945 ], [ -94.877083, 33.75222 ], [ -94.866736, 33.76183 ], [ -94.868144, 33.768874 ], [ -94.876372, 33.75733 ], [ -94.921526, 33.790472 ], [ -94.91801, 33.826783 ], [ -94.923289, 33.808742 ], [ -94.947874, 33.808356 ], [ -94.943888, 33.830226 ], [ -94.964401, 33.837021 ], [ -94.970205, 33.861817 ], [ -94.988487, 33.851 ], [ -95.046568, 33.862565 ], [ -95.060105, 33.901873 ], [ -95.075876, 33.901846 ], [ -95.06676, 33.917101 ], [ -95.089607, 33.880857 ], [ -95.100378, 33.895595 ], [ -95.08006, 33.920989 ], [ -95.120893, 33.904539 ], [ -95.1247, 33.934675 ], [ -95.214533, 33.962268 ], [ -95.249395, 33.939889 ], [ -95.258106, 33.889809 ], [ -95.268513, 33.91098 ], [ -95.283804, 33.906489 ], [ -95.288926, 33.87307 ], [ -95.329936, 33.886334 ], [ -95.362571, 33.866902 ], [ -95.442746, 33.866506 ], [ -95.463336, 33.872396 ], [ -95.46144, 33.887106 ], [ -95.504999, 33.875922 ], [ -95.509526, 33.897586 ], [ -95.544141, 33.880603 ], [ -95.55421, 33.926958 ], [ -95.594085, 33.943057 ], [ -95.632774, 33.904815 ], [ -95.665478, 33.909004 ], [ -95.700635, 33.885845 ], [ -95.752153, 33.894577 ], [ -95.757959, 33.849566 ], [ -95.815571, 33.859853 ], [ -95.830406, 33.834785 ], [ -95.925089, 33.884936 ], [ -95.932209, 33.883882 ], [ -95.941796, 33.861651 ], [ -95.94414, 33.859998 ], [ -95.948676, 33.858041 ], [ -95.951382, 33.857332 ], [ -95.984856, 33.852492 ], [ -96.002925, 33.87359 ], [ -95.996833, 33.853898 ], [ -96.017055, 33.841454 ], [ -96.026968, 33.857474 ], [ -96.048834, 33.836468 ], [ -96.100095, 33.847971 ], [ -96.09936, 33.83047 ], [ -96.149227, 33.837091 ], [ -96.150765, 33.816987 ], [ -96.179122, 33.810224 ], [ -96.169592, 33.800944 ], [ -96.163766, 33.813051 ], [ -96.155538, 33.81404 ], [ -96.186627, 33.755021 ], [ -96.229023, 33.748021 ], [ -96.293708, 33.769409 ], [ -96.31223, 33.706304 ], [ -96.346859, 33.686216 ], [ -96.423532, 33.776432 ], [ -96.500984, 33.772801 ], [ -96.531966, 33.823989 ], [ -96.572937, 33.819098 ], [ -96.629274, 33.8455 ], [ -96.587934, 33.894784 ], [ -96.628294, 33.894477 ], [ -96.667187, 33.91694 ], [ -96.699574, 33.839049 ], [ -96.761587, 33.824407 ], [ -96.794276, 33.868886 ], [ -96.832157, 33.874835 ], [ -96.850593, 33.847211 ], [ -96.875281, 33.860505 ], [ -96.9163, 33.957798 ], [ -96.97287, 33.935698 ], [ -96.981337, 33.956378 ], [ -96.996251, 33.942664 ], [ -96.983835, 33.890949 ], [ -97.021438, 33.846379 ], [ -97.041832, 33.837756 ], [ -97.06704, 33.860514 ], [ -97.088498, 33.851849 ], [ -97.048146, 33.817456 ], [ -97.092646, 33.804198 ], [ -97.086451, 33.743343 ], [ -97.125135, 33.71709 ], [ -97.160687, 33.727596 ], [ -97.192565, 33.75968 ], [ -97.204995, 33.81887 ], [ -97.166629, 33.847311 ], [ -97.180845, 33.895204 ], [ -97.210921, 33.916064 ], [ -97.245049, 33.903216 ], [ -97.255639, 33.863702 ], [ -97.270933, 33.858001 ], [ -97.309172, 33.888698 ], [ -97.332063, 33.855056 ], [ -97.33188, 33.884483 ], [ -97.368731, 33.821443 ], [ -97.426799, 33.818641 ], [ -97.463242, 33.842004 ], [ -97.450807, 33.886608 ], [ -97.46142, 33.90523 ], [ -97.500271, 33.919635 ], [ -97.581078, 33.899679 ], [ -97.59695, 33.916311 ], [ -97.589597, 33.953554 ], [ -97.671277, 33.991553 ], [ -97.732261, 33.936519 ], [ -97.762768, 33.934396 ], [ -97.76377, 33.914241 ], [ -97.783522, 33.918302 ], [ -97.780839, 33.894447 ], [ -97.79891, 33.898537 ], [ -97.83432, 33.857634 ], [ -97.875311, 33.849721 ], [ -97.967752, 33.882214 ], [ -97.98454, 33.900703 ], [ -97.957155, 33.914454 ], [ -97.953395, 33.936445 ], [ -97.974173, 33.942832 ], [ -97.94573, 33.989839 ], [ -97.974173, 34.006716 ], [ -98.027672, 33.993357 ], [ -98.088203, 34.005481 ], [ -98.106179, 34.034887 ], [ -98.082463, 34.039428 ], [ -98.120208, 34.072127 ], [ -98.089755, 34.128211 ], [ -98.109462, 34.154111 ], [ -98.170827, 34.114171 ], [ -98.365621, 34.156993 ], [ -98.384381, 34.146317 ], [ -98.380093, 34.130831 ], [ -98.398441, 34.128456 ], [ -98.414426, 34.085074 ], [ -98.483551, 34.062282 ], [ -98.560977, 34.123922 ], [ -98.55088, 34.132583 ], [ -98.599789, 34.160571 ], [ -98.648073, 34.164441 ], [ -98.690072, 34.133155 ], [ -98.757037, 34.124633 ], [ -98.812954, 34.158444 ], [ -98.868116, 34.149635 ], [ -98.872922, 34.166584 ], [ -98.951284, 34.212189 ], [ -98.972609, 34.202591 ], [ -98.988172, 34.22131 ], [ -99.044463, 34.198106 ], [ -99.079392, 34.21155 ], [ -99.12664, 34.203064 ], [ -99.130443, 34.219478 ], [ -99.188311, 34.213899 ], [ -99.195403, 34.280849 ], [ -99.211448, 34.292247 ], [ -99.206905, 34.338277 ], [ -99.232632, 34.338872 ], [ -99.236494, 34.365805 ], [ -99.274415, 34.384349 ], [ -99.261275, 34.403508 ], [ -99.319602, 34.408879 ], [ -99.35897, 34.455807 ], [ -99.395187, 34.44203 ], [ -99.387181, 34.410842 ], [ -99.405286, 34.372858 ], [ -99.424897, 34.385823 ], [ -99.438269, 34.371164 ], [ -99.51428, 34.414035 ], [ -99.569696, 34.418418 ], [ -99.600026, 34.374688 ], [ -99.694528, 34.378218 ], [ -99.923211, 34.574552 ], [ -100.000277, 34.56045 ], [ -100.000406, 36.499702 ], [ -101.914831, 36.50008 ], [ -101.919169, 36.458447 ], [ -101.990916, 36.43679 ], [ -101.99093, 36.415387 ], [ -102.060892, 36.400746 ], [ -102.080833, 36.42975 ], [ -102.134645, 36.429528 ], [ -102.116912, 36.470389 ], [ -102.16217, 36.472455 ], [ -102.162463, 36.500326 ], [ -103.002366, 36.500398 ], [ -103.002329, 37.00015 ], [ -102.042089, 36.993016 ], [ -102.051416, 40.749586 ], [ -102.113227, 40.749592 ], [ -102.112894, 40.778628 ], [ -102.051429, 40.778999 ], [ -102.051717, 41.002359 ], [ -102.233028, 41.002356 ], [ -102.181197, 41.031004 ], [ -102.240453, 41.040604 ], [ -102.246945, 41.091355 ], [ -102.265998, 41.091407 ], [ -102.26586, 41.047753 ], [ -102.297588, 41.045647 ], [ -102.242022, 41.040613 ], [ -102.259839, 41.002398 ], [ -103.972591, 41.001833 ], [ -103.97314, 41.047258 ], [ -103.950013, 41.047198 ], [ -103.950607, 41.105093 ], [ -104.045608, 41.104991 ], [ -104.053026, 41.090598 ], [ -104.052287, 41.393214 ], [ -103.983968, 41.393604 ], [ -103.985137, 41.46582 ], [ -104.004436, 41.465778 ], [ -104.00558, 41.506827 ], [ -103.987833, 41.535216 ], [ -103.997738, 41.54661 ], [ -103.986415, 41.63976 ], [ -104.052789, 41.638095 ], [ -104.053028, 43.000585 ], [ -103.811434, 43.001355 ], [ -103.805124, 42.98842 ], [ -103.757766, 42.982499 ], [ -103.753081, 42.963583 ], [ -103.681774, 42.943434 ], [ -103.671307, 42.987501 ], [ -103.641756, 42.987757 ], [ -103.653706, 43.001421 ], [ -103.020732, 43.000707 ], [ -103.051087, 43.070851 ], [ -103.050798, 43.1585 ], [ -102.983772, 43.159405 ], [ -102.949707, 43.129993 ], [ -102.79118, 43.12897 ], [ -102.784802, 43.106684 ], [ -102.79811, 43.109288 ], [ -102.78774, 43.101697 ], [ -102.82605, 43.075417 ], [ -102.840818, 43.033189 ], [ -102.809335, 42.99998 ], [ -101.033441, 42.99792 ], [ -101.008832, 43.005967 ], [ -101.006174, 43.05408 ], [ -100.964207, 43.046239 ], [ -100.964386, 43.09918 ], [ -100.905012, 43.103778 ], [ -100.907623, 43.171819 ], [ -100.850628, 43.195824 ], [ -100.854542, 43.228597 ], [ -100.749132, 43.201244 ], [ -100.749012, 43.18682 ], [ -100.619724, 43.201737 ], [ -100.610118, 43.158176 ], [ -100.520455, 43.158616 ], [ -100.520695, 43.230667 ], [ -100.452743, 43.230674 ], [ -100.453081, 43.259676 ], [ -100.411661, 43.252542 ], [ -100.411844, 43.211422 ], [ -100.332489, 43.216088 ], [ -100.289627, 43.176734 ], [ -100.243959, 43.173809 ], [ -100.255245, 43.155784 ], [ -100.288088, 43.161804 ], [ -100.273195, 43.157548 ], [ -100.273136, 43.129134 ], [ -100.297354, 43.128889 ], [ -100.297376, 43.103696 ], [ -100.413405, 43.103808 ], [ -100.413339, 43.045797 ], [ -100.373845, 43.045765 ], [ -100.373646, 43.024193 ], [ -100.354053, 43.024087 ], [ -100.354793, 42.998975 ], [ -99.080456, 42.998223 ], [ -99.078599, 43.011819 ], [ -99.060518, 42.998268 ], [ -98.645473, 42.99849 ], [ -98.645721, 43.035772 ], [ -98.562614, 43.042351 ] ] ] } },
{ "type": "Feature", "properties": { "territory": "Mid-Atlantic", "fillColor": "#FFD700", "fillOpacity": 0.85, "strokeColor": "#666666", "strokeWidth": 1.0 }, "geometry": { "type": "MultiPolygon", "coordinates": [ [ [ [ -89.568614, 36.562465 ], [ -89.540853, 36.581017 ], [ -89.484337, 36.571575 ], [ -89.46782, 36.546974 ], [ -89.46828, 36.522206 ], [ -89.489633, 36.497524 ], [ -89.475495, 36.547583 ], [ -89.5199, 36.574401 ], [ -89.551836, 36.541853 ], [ -89.529168, 36.497852 ], [ -89.539232, 36.497934 ], [ -89.568614, 36.562465 ] ] ], [ [ [ -87.495496, 36.639527 ], [ -87.853319, 36.63316 ], [ -87.849544, 36.663695 ], [ -88.070541, 36.678255 ], [ -88.032649, 36.542095 ], [ -88.053293, 36.497058 ], [ -89.417275, 36.499011 ], [ -89.365797, 36.625126 ], [ -89.326264, 36.63184 ], [ -89.269546, 36.569716 ], [ -89.236308, 36.566881 ], [ -89.159118, 36.666354 ], [ -89.200552, 36.732567 ], [ -89.172887, 36.758771 ], [ -89.118202, 36.762326 ], [ -89.12438, 36.785826 ], [ -89.170563, 36.797538 ], [ -89.179201, 36.829896 ], [ -89.138109, 36.847323 ], [ -89.098983, 36.958222 ], [ -89.170173, 37.007067 ], [ -89.182467, 37.039164 ], [ -89.086712, 37.165451 ], [ -89.000065, 37.22476 ], [ -88.931513, 37.227427 ], [ -88.802606, 37.187736 ], [ -88.732499, 37.143945 ], [ -88.618689, 37.116768 ], [ -88.56651, 37.075374 ], [ -88.459941, 37.074628 ], [ -88.424657, 37.152291 ], [ -88.448038, 37.203642 ], [ -88.51141, 37.261477 ], [ -88.515903, 37.284091 ], [ -88.475283, 37.389857 ], [ -88.412114, 37.425061 ], [ -88.364465, 37.401736 ], [ -88.281631, 37.452729 ], [ -88.085457, 37.471564 ], [ -88.067844, 37.485867 ], [ -88.069011, 37.525399 ], [ -88.14059, 37.58483 ], [ -88.159157, 37.662611 ], [ -88.121522, 37.710243 ], [ -88.059333, 37.742967 ], [ -88.02985, 37.798252 ], [ -87.95184, 37.771695 ], [ -87.907375, 37.807129 ], [ -87.909967, 37.843028 ], [ -87.940977, 37.879473 ], [ -87.903864, 37.925537 ], [ -87.875025, 37.922864 ], [ -87.829773, 37.876425 ], [ -87.675011, 37.901643 ], [ -87.664033, 37.887477 ], [ -87.679411, 37.836525 ], [ -87.644161, 37.826189 ], [ -87.612446, 37.833608 ], [ -87.583925, 37.872485 ], [ -87.627317, 37.920402 ], [ -87.597764, 37.973897 ], [ -87.577809, 37.970198 ], [ -87.556045, 37.928168 ], [ -87.510567, 37.906081 ], [ -87.449131, 37.941854 ], [ -87.411991, 37.944503 ], [ -87.22026, 37.848971 ], [ -87.161704, 37.839764 ], [ -87.130068, 37.786779 ], [ -87.11073, 37.782418 ], [ -87.065414, 37.807614 ], [ -87.034166, 37.906265 ], [ -86.918922, 37.936837 ], [ -86.819689, 37.999422 ], [ -86.794965, 37.989213 ], [ -86.732545, 37.894768 ], [ -86.680788, 37.915035 ], [ -86.647853, 37.909387 ], [ -86.662241, 37.85285 ], [ -86.638279, 37.84269 ], [ -86.598194, 37.867163 ], [ -86.588687, 37.92109 ], [ -86.507341, 37.929505 ], [ -86.524937, 37.966495 ], [ -86.525138, 38.028734 ], [ -86.433923, 38.065705 ], [ -86.43233, 38.084802 ], [ -86.464682, 38.102508 ], [ -86.461241, 38.120926 ], [ -86.432344, 38.126336 ], [ -86.401879, 38.104329 ], [ -86.380768, 38.129018 ], [ -86.32512, 38.136339 ], [ -86.325874, 38.154029 ], [ -86.376728, 38.169743 ], [ -86.359772, 38.19884 ], [ -86.272847, 38.140835 ], [ -86.267805, 38.057148 ], [ -86.178178, 38.010561 ], [ -86.094602, 38.008809 ], [ -86.038906, 37.95899 ], [ -86.030358, 37.992057 ], [ -85.946509, 38.005228 ], [ -85.925654, 38.021784 ], [ -85.905052, 38.089957 ], [ -85.90618, 38.167906 ], [ -85.843599, 38.232179 ], [ -85.829065, 38.276554 ], [ -85.781188, 38.288307 ], [ -85.743475, 38.267294 ], [ -85.679962, 38.297585 ], [ -85.652264, 38.328792 ], [ -85.606954, 38.438574 ], [ -85.505707, 38.464717 ], [ -85.469689, 38.508012 ], [ -85.419532, 38.53533 ], [ -85.438629, 38.65889 ], [ -85.456723, 38.686357 ], [ -85.435947, 38.72871 ], [ -85.272376, 38.74074 ], [ -85.213053, 38.695453 ], [ -85.173161, 38.688007 ], [ -84.991924, 38.778284 ], [ -84.941119, 38.775688 ], [ -84.887421, 38.794831 ], [ -84.813819, 38.785075 ], [ -84.830045, 38.83014 ], [ -84.785275, 38.880425 ], [ -84.877247, 38.909413 ], [ -84.830049, 38.97256 ], [ -84.897371, 39.0574 ], [ -84.753401, 39.147114 ], [ -84.618343, 39.073304 ], [ -84.452534, 39.119239 ], [ -84.426389, 39.053134 ], [ -84.347599, 39.03758 ], [ -84.306074, 39.007753 ], [ -84.288777, 38.955644 ], [ -84.23434, 38.893265 ], [ -84.231864, 38.83272 ], [ -84.213115, 38.805835 ], [ -84.070779, 38.770414 ], [ -83.962367, 38.787521 ], [ -83.869407, 38.761301 ], [ -83.836759, 38.717718 ], [ -83.784463, 38.696723 ], [ -83.76912, 38.655075 ], [ -83.668395, 38.626453 ], [ -83.647842, 38.632404 ], [ -83.62553, 38.678876 ], [ -83.521141, 38.703079 ], [ -83.46771, 38.675348 ], [ -83.357836, 38.654879 ], [ -83.299037, 38.597374 ], [ -83.245664, 38.628564 ], [ -83.153644, 38.618839 ], [ -83.112384, 38.671623 ], [ -83.054018, 38.695068 ], [ -83.030495, 38.725839 ], [ -82.971489, 38.7272 ], [ -82.886311, 38.755254 ], [ -82.870959, 38.736542 ], [ -82.877493, 38.689465 ], [ -82.842472, 38.58891 ], [ -82.795871, 38.56181 ], [ -82.698285, 38.54377 ], [ -82.653595, 38.493843 ], [ -82.610808, 38.471953 ], [ -82.591056, 38.415573 ], [ -82.53769, 38.404157 ], [ -82.330335, 38.4445 ], [ -82.304223, 38.496308 ], [ -82.291271, 38.578983 ], [ -82.26207, 38.598183 ], [ -82.205171, 38.591719 ], [ -82.177267, 38.603784 ], [ -82.187968, 38.733082 ], [ -82.221566, 38.787187 ], [ -82.145467, 38.83968 ], [ -82.143167, 38.898079 ], [ -82.037749, 39.023865 ], [ -82.00599, 39.029387 ], [ -81.984016, 39.005997 ], [ -81.934419, 38.990522 ], [ -81.89847, 38.929603 ], [ -81.927999, 38.893492 ], [ -81.90297, 38.87609 ], [ -81.855971, 38.892734 ], [ -81.827354, 38.945898 ], [ -81.762658, 38.924123 ], [ -81.756975, 38.937154 ], [ -81.78182, 38.964935 ], [ -81.764253, 39.015279 ], [ -81.808055, 39.053777 ], [ -81.813854, 39.079678 ], [ -81.775555, 39.078377 ], [ -81.746054, 39.096978 ], [ -81.75462, 39.184917 ], [ -81.725622, 39.215905 ], [ -81.693659, 39.224907 ], [ -81.683613, 39.270947 ], [ -81.570247, 39.267675 ], [ -81.557547, 39.338774 ], [ -81.456143, 39.409274 ], [ -81.412706, 39.394618 ], [ -81.375961, 39.341697 ], [ -81.270292, 39.386047 ], [ -81.217315, 39.38759 ], [ -81.185145, 39.431479 ], [ -81.132534, 39.446275 ], [ -81.071025, 39.515608 ], [ -80.973483, 39.588446 ], [ -80.928346, 39.616554 ], [ -80.88036, 39.620706 ], [ -80.860025, 39.694686 ], [ -80.832296, 39.700601 ], [ -80.81973, 39.668653 ], [ -80.814011, 39.698129 ], [ -80.753162, 39.667505 ], [ -80.713197, 39.674205 ], [ -80.710303, 39.698362 ], [ -80.682982, 39.721306 ], [ -80.607558, 39.721894 ], [ -80.606429, 39.755368 ], [ -80.591789, 39.749407 ], [ -80.597682, 39.735993 ], [ -80.579811, 39.739291 ], [ -80.587689, 39.721753 ], [ -75.788596, 39.722199 ], [ -75.707279, 38.633265 ], [ -75.716545, 38.632427 ], [ -75.735084, 38.608634 ], [ -75.717157, 38.567872 ], [ -75.741882, 38.566905 ], [ -75.72071, 38.55511 ], [ -75.701931, 38.56533 ], [ -75.69367, 38.46008 ], [ -74.986282, 38.451632 ], [ -75.020805, 38.309756 ], [ -75.1352, 38.074469 ], [ -75.303132, 37.838169 ], [ -75.360125, 37.810186 ], [ -75.417073, 37.82105 ], [ -75.460933, 37.771356 ], [ -75.541779, 37.606145 ], [ -75.529901, 37.556717 ], [ -75.58911, 37.477857 ], [ -75.604026, 37.422024 ], [ -75.643456, 37.372864 ], [ -75.644386, 37.34227 ], [ -75.715515, 37.275687 ], [ -75.729271, 37.216901 ], [ -75.766049, 37.154932 ], [ -75.889676, 37.054515 ], [ -75.928307, 36.938179 ], [ -75.711319, 36.250163 ], [ -75.437617, 35.74696 ], [ -75.41782, 35.686082 ], [ -75.402422, 35.54421 ], [ -75.4746, 35.202029 ], [ -75.519213, 35.169083 ], [ -75.595369, 35.182827 ], [ -75.807724, 35.115906 ], [ -76.032596, 35.000169 ], [ -76.315731, 34.77603 ], [ -76.439001, 34.640288 ], [ -76.483183, 34.55636 ], [ -76.514867, 34.535142 ], [ -76.572066, 34.542544 ], [ -76.614722, 34.618278 ], [ -76.6928, 34.64295 ], [ -76.904628, 34.632339 ], [ -77.160576, 34.569026 ], [ -77.516162, 34.382443 ], [ -77.691093, 34.245744 ], [ -77.785555, 34.125171 ], [ -77.894246, 33.878655 ], [ -77.896659, 33.787547 ], [ -77.943061, 33.75377 ], [ -77.99971, 33.76713 ], [ -78.01286, 33.803863 ], [ -78.066581, 33.847985 ], [ -78.145353, 33.862734 ], [ -78.341208, 33.855293 ], [ -78.499301, 33.812852 ], [ -79.676494, 34.805065 ], [ -80.797484, 34.819803 ], [ -80.781921, 34.935848 ], [ -80.934739, 35.107318 ], [ -81.041496, 35.044713 ], [ -81.057079, 35.085681 ], [ -81.032854, 35.107377 ], [ -81.052074, 35.133486 ], [ -81.034264, 35.149257 ], [ -82.00171, 35.188499 ], [ -82.016981, 35.230972 ], [ -81.992922, 35.255428 ], [ -82.02972, 35.28281 ], [ -82.040864, 35.267959 ], [ -82.079652, 35.281246 ], [ -82.057468, 35.32178 ], [ -82.071417, 35.315672 ], [ -82.077958, 35.335054 ], [ -82.107144, 35.342528 ], [ -82.090263, 35.359956 ], [ -82.130312, 35.395945 ], [ -82.178714, 35.410128 ], [ -82.128383, 35.419217 ], [ -82.138191, 35.434544 ], [ -82.085093, 35.471651 ], [ -82.110698, 35.505917 ], [ -82.101513, 35.513425 ], [ -82.127742, 35.523714 ], [ -82.002783, 35.551847 ], [ -81.967619, 35.526007 ], [ -81.856654, 35.542187 ], [ -81.856481, 35.595336 ], [ -81.829492, 35.592119 ], [ -81.883189, 35.729828 ], [ -81.855947, 35.72835 ], [ -81.835662, 35.750498 ], [ -81.883335, 35.791921 ], [ -81.864167, 35.794709 ], [ -81.874818, 35.817119 ], [ -81.919242, 35.848759 ], [ -81.907461, 35.890318 ], [ -81.937257, 35.95517 ], [ -81.94478, 35.956265 ], [ -81.937494, 35.935424 ], [ -81.939608, 35.93045 ], [ -81.936921, 35.922843 ], [ -81.937373, 35.918633 ], [ -81.958351, 35.936487 ], [ -81.981954, 35.911361 ], [ -81.999467, 35.922177 ], [ -81.992572, 35.946136 ], [ -81.964361, 35.960923 ], [ -82.059133, 35.988554 ], [ -82.039175, 36.007774 ], [ -82.08092, 36.104762 ], [ -82.054317, 36.126624 ], [ -82.030067, 36.123393 ], [ -81.908167, 36.301966 ], [ -81.854988, 36.337211 ], [ -81.793085, 36.362408 ], [ -81.764954, 36.338722 ], [ -81.707475, 36.335225 ], [ -81.741705, 36.412422 ], [ -81.695029, 36.467458 ], [ -81.708021, 36.53583 ], [ -81.6469, 36.611918 ], [ -81.922644, 36.616213 ], [ -81.934144, 36.594213 ], [ -83.646615, 36.60316 ], [ -83.690789, 36.582596 ], [ -83.798145, 36.584136 ], [ -83.836222, 36.537296 ], [ -83.911715, 36.570791 ], [ -83.906705, 36.586946 ], [ -84.830035, 36.604536 ], [ -85.136033, 36.623813 ], [ -85.15537, 36.640744 ], [ -85.153112, 36.6293 ], [ -85.180341, 36.632065 ], [ -85.189883, 36.617691 ], [ -85.501507, 36.614855 ], [ -86.493428, 36.65224 ], [ -86.563909, 36.633562 ], [ -86.589906, 36.652443 ], [ -87.436324, 36.640846 ], [ -87.424302, 36.598417 ], [ -87.465443, 36.588567 ], [ -87.498118, 36.593904 ], [ -87.496101, 36.620791 ], [ -87.513666, 36.6231 ], [ -87.495496, 36.639527 ] ] ], [ [ [ -75.709594, 38.632976 ], [ -75.710174, 38.631248 ], [ -75.710334, 38.632919 ], [ -75.709594, 38.632976 ] ] ] ] } },
{ "type": "Feature", "properties": { "territory": "NYC", "fillColor": "#4B4ACF", "fillOpacity": 0.85, "strokeColor": "#666666", "strokeWidth": 1.0 }, "geometry": { "type": "MultiPolygon", "coordinates": [ [ [ [ -74.046248, 40.689319 ], [ -74.043885, 40.690185 ], [ -74.043619, 40.68876 ], [ -74.046248, 40.689319 ] ] ], [ [ [ -74.039931, 40.69859 ], [ -74.038893, 40.699625 ], [ -74.038372, 40.698669 ], [ -74.039931, 40.69859 ] ] ], [ [ [ -73.83043, 40.982784 ], [ -73.828152, 40.984623 ], [ -73.830085, 40.981875 ], [ -73.83043, 40.982784 ] ] ], [ [ [ -73.88273, 41.003908 ], [ -73.852345, 41.00352 ], [ -73.854394, 40.982018 ], [ -73.828404, 40.985849 ], [ -73.832464, 40.983593 ], [ -73.830422, 40.979533 ], [ -73.812294, 40.964352 ], [ -73.775332, 40.976376 ], [ -73.760399, 40.907086 ], [ -73.717682, 40.947754 ], [ -73.690645, 40.95943 ], [ -73.69828, 40.939293 ], [ -73.68551, 40.943715 ], [ -73.659773, 40.969462 ], [ -73.66297, 40.986697 ], [ -73.612885, 40.950943 ], [ -72.067079, 41.2689 ], [ -72.0394, 41.248837 ], [ -72.003019, 41.252804 ], [ -71.907258, 41.304483 ], [ -71.790972, 41.184101 ], [ -71.777491, 41.077162 ], [ -71.794139, 41.036977 ], [ -71.837088, 41.010892 ], [ -72.374529, 40.818595 ], [ -73.274025, 40.551314 ], [ -73.326272, 40.556916 ], [ -73.486496, 40.520505 ], [ -73.783969, 40.532387 ], [ -73.889645, 40.486511 ], [ -73.977874, 40.519095 ], [ -74.225331, 40.476578 ], [ -74.253036, 40.48666 ], [ -74.247527, 40.54927 ], [ -74.214575, 40.560533 ], [ -74.19143, 40.642025 ], [ -74.055749, 40.651476 ], [ -74.014029, 40.757551 ], [ -73.929821, 40.888682 ], [ -73.896144, 40.981873 ], [ -73.908732, 41.038589 ], [ -73.896029, 41.043635 ], [ -73.916799, 41.043008 ], [ -73.920739, 41.063928 ], [ -73.906766, 41.142267 ], [ -73.960283, 41.192487 ], [ -73.963123, 41.224517 ], [ -73.976262, 41.22965 ], [ -73.978652, 41.263334 ], [ -73.954683, 41.288203 ], [ -73.986871, 41.32104 ], [ -73.950772, 41.395966 ], [ -73.962406, 41.399425 ], [ -73.972447, 41.414103 ], [ -74.013574, 41.334604 ], [ -74.049111, 41.346422 ], [ -74.065913, 41.342301 ], [ -74.067793, 41.341473 ], [ -74.0685, 41.340966 ], [ -74.06913, 41.340369 ], [ -74.052077, 41.343006 ], [ -74.059954, 41.326925 ], [ -74.005815, 41.307343 ], [ -74.07489, 41.257891 ], [ -74.085423, 41.271303 ], [ -74.099246, 41.258098 ], [ -74.089596, 41.273806 ], [ -74.111863, 41.286185 ], [ -74.077404, 41.309301 ], [ -74.089208, 41.302649 ], [ -74.101062, 41.342274 ], [ -74.079, 41.354193 ], [ -74.085633, 41.369812 ], [ -73.978514, 41.425362 ], [ -74.016531, 41.453657 ], [ -73.996302, 41.547738 ], [ -73.959485, 41.584769 ], [ -73.946793, 41.681149 ], [ -73.959001, 41.824576 ], [ -73.94729, 41.864058 ], [ -73.971042, 41.920215 ], [ -73.98158, 41.917691 ], [ -73.9622, 41.926324 ], [ -73.929508, 42.110894 ], [ -73.902415, 42.139859 ], [ -73.929626, 42.078778 ], [ -73.932213, 41.993423 ], [ -73.955876, 41.907031 ], [ -73.928247, 41.870842 ], [ -73.944519, 41.842512 ], [ -73.944528, 41.598894 ], [ -73.9824, 41.531799 ], [ -73.989318, 41.484394 ], [ -73.977375, 41.486687 ], [ -73.983556, 41.452129 ], [ -73.943751, 41.393525 ], [ -73.980533, 41.319902 ], [ -73.930842, 41.288621 ], [ -73.965965, 41.250431 ], [ -73.892693, 41.205142 ], [ -73.89903, 41.168792 ], [ -73.880592, 41.184698 ], [ -73.869458, 41.161316 ], [ -73.866262, 41.071422 ], [ -73.88273, 41.003908 ] ] ] ] } },
{ "type": "Feature", "properties": { "territory": "New England", "fillColor": "#D98585", "fillOpacity": 0.85, "strokeColor": "#666666", "strokeWidth": 1.0 }, "geometry": { "type": "MultiPolygon", "coordinates": [ [ [ [ -72.067079, 41.2689 ], [ -73.612885, 40.950943 ], [ -73.659671, 40.987909 ], [ -73.655255, 41.012246 ], [ -73.727775, 41.100696 ], [ -73.482695, 41.212772 ], [ -73.550962, 41.295421 ], [ -73.489615, 42.000092 ], [ -73.487319, 42.049525 ], [ -73.50821, 42.086134 ], [ -73.264827, 42.745851 ], [ -73.276421, 42.746019 ], [ -73.290944, 42.80192 ], [ -73.278306, 42.837558 ], [ -73.241579, 43.53496 ], [ -73.258631, 43.56495 ], [ -73.297324, 43.579373 ], [ -73.30644, 43.628333 ], [ -73.37189, 43.62449 ], [ -73.395768, 43.568087 ], [ -73.431229, 43.588285 ], [ -73.417669, 43.621687 ], [ -73.426463, 43.642599 ], [ -73.350762, 43.771387 ], [ -73.392517, 43.82134 ], [ -73.372589, 43.845354 ], [ -73.374162, 43.876241 ], [ -73.408554, 43.931894 ], [ -73.407645, 44.021111 ], [ -73.437905, 44.045125 ], [ -73.390625, 44.191068 ], [ -73.312741, 44.265411 ], [ -73.33495, 44.36444 ], [ -73.293627, 44.438903 ], [ -73.306713, 44.500335 ], [ -73.37495, 44.575817 ], [ -73.390231, 44.618354 ], [ -73.361308, 44.694524 ], [ -73.365562, 44.741786 ], [ -73.333154, 44.788759 ], [ -73.38159, 44.849354 ], [ -73.338979, 44.917681 ], [ -73.338244, 44.964751 ], [ -73.354633, 44.987352 ], [ -73.343178, 45.010713 ], [ -71.501019, 45.013443 ], [ -71.498042, 45.070187 ], [ -71.428385, 45.123672 ], [ -71.437604, 45.141876 ], [ -71.397342, 45.203518 ], [ -71.442818, 45.238292 ], [ -71.384137, 45.233509 ], [ -71.356539, 45.253897 ], [ -71.360278, 45.270332 ], [ -71.296234, 45.299144 ], [ -71.264948, 45.293792 ], [ -71.230614, 45.249417 ], [ -71.14756, 45.239435 ], [ -71.098201, 45.301673 ], [ -71.008521, 45.319241 ], [ -71.010373, 45.347664 ], [ -70.984975, 45.331907 ], [ -70.952379, 45.339117 ], [ -70.917835, 45.311723 ], [ -70.921334, 45.279226 ], [ -70.895049, 45.240325 ], [ -70.838066, 45.234618 ], [ -70.848941, 45.26309 ], [ -70.835464, 45.293964 ], [ -70.81154, 45.303767 ], [ -70.819901, 45.340195 ], [ -70.802533, 45.365677 ], [ -70.825737, 45.400265 ], [ -70.798095, 45.426516 ], [ -70.754579, 45.42831 ], [ -70.723847, 45.395571 ], [ -70.678171, 45.394274 ], [ -70.658769, 45.377673 ], [ -70.621269, 45.402736 ], [ -70.650732, 45.444944 ], [ -70.681114, 45.452183 ], [ -70.716396, 45.486467 ], [ -70.722571, 45.513672 ], [ -70.677099, 45.552211 ], [ -70.687692, 45.569422 ], [ -70.558589, 45.666476 ], [ -70.526392, 45.666356 ], [ -70.465469, 45.70653 ], [ -70.400346, 45.719717 ], [ -70.383836, 45.734554 ], [ -70.41687, 45.795536 ], [ -70.39616, 45.798659 ], [ -70.370824, 45.835198 ], [ -70.258822, 45.891169 ], [ -70.26309, 45.923987 ], [ -70.239142, 45.943944 ], [ -70.277004, 45.967251 ], [ -70.315859, 45.962991 ], [ -70.283942, 45.995488 ], [ -70.317996, 46.019075 ], [ -70.278321, 46.056286 ], [ -70.310956, 46.064182 ], [ -70.301909, 46.08236 ], [ -70.285937, 46.099826 ], [ -70.253114, 46.100119 ], [ -70.236283, 46.145233 ], [ -70.292692, 46.191464 ], [ -70.231633, 46.291028 ], [ -70.205881, 46.299728 ], [ -70.208944, 46.329494 ], [ -70.191189, 46.350217 ], [ -70.126992, 46.370808 ], [ -70.096944, 46.409478 ], [ -70.0565, 46.415578 ], [ -69.997111, 46.69552 ], [ -69.224461, 47.459833 ], [ -69.090138, 47.424136 ], [ -69.043217, 47.426784 ], [ -69.030599, 47.40742 ], [ -69.054883, 47.377716 ], [ -69.050747, 47.256479 ], [ -68.900034, 47.177742 ], [ -68.717024, 47.240541 ], [ -68.617512, 47.243372 ], [ -68.58005, 47.287115 ], [ -68.377858, 47.287375 ], [ -68.384715, 47.324081 ], [ -68.36313, 47.354657 ], [ -68.234469, 47.355301 ], [ -68.15468, 47.325185 ], [ -68.135891, 47.295648 ], [ -67.957218, 47.199619 ], [ -67.882916, 47.104403 ], [ -67.790196, 47.06722 ], [ -67.781248, 45.94345 ], [ -67.750628, 45.917636 ], [ -67.803911, 45.882898 ], [ -67.755319, 45.82335 ], [ -67.806483, 45.794405 ], [ -67.80627, 45.755244 ], [ -67.781796, 45.731117 ], [ -67.809622, 45.729574 ], [ -67.802934, 45.696088 ], [ -67.818008, 45.693819 ], [ -67.80363, 45.677651 ], [ -67.727229, 45.66264 ], [ -67.717943, 45.667661 ], [ -67.734552, 45.68892 ], [ -67.709574, 45.681328 ], [ -67.645566, 45.613339 ], [ -67.639102, 45.625115 ], [ -67.519216, 45.587568 ], [ -67.450018, 45.602466 ], [ -67.423194, 45.571592 ], [ -67.434864, 45.528137 ], [ -67.416211, 45.501295 ], [ -67.463599, 45.50838 ], [ -67.503714, 45.486704 ], [ -67.472677, 45.42322 ], [ -67.419235, 45.377104 ], [ -67.460312, 45.300018 ], [ -67.489663, 45.282133 ], [ -67.436989, 45.222738 ], [ -67.429267, 45.193465 ], [ -67.40052, 45.177667 ], [ -67.405029, 45.160063 ], [ -67.340848, 45.125041 ], [ -67.295973, 45.147837 ], [ -67.28336, 45.191859 ], [ -67.227284, 45.163429 ], [ -67.158871, 45.162035 ], [ -67.112557, 45.112584 ], [ -67.021665, 44.953914 ], [ -66.96871, 44.910389 ], [ -66.974863, 44.841605 ], [ -66.885444, 44.794208 ], [ -66.952269, 44.760422 ], [ -67.140854, 44.608265 ], [ -67.235871, 44.558142 ], [ -67.30082, 44.549857 ], [ -67.335983, 44.522697 ], [ -67.443396, 44.505279 ], [ -67.444227, 44.481126 ], [ -67.473027, 44.448339 ], [ -67.567585, 44.397209 ], [ -67.715329, 44.386501 ], [ -67.77475, 44.411314 ], [ -67.805569, 44.391015 ], [ -67.795262, 44.361165 ], [ -67.823728, 44.327038 ], [ -67.874443, 44.316925 ], [ -67.925178, 44.341434 ], [ -67.999446, 44.280197 ], [ -68.12828, 44.264253 ], [ -68.122626, 44.226041 ], [ -68.17075, 44.190114 ], [ -68.175858, 44.125083 ], [ -68.20336, 44.099587 ], [ -68.263136, 44.090617 ], [ -68.311393, 44.053429 ], [ -68.436843, 44.053233 ], [ -68.568388, 43.95797 ], [ -68.659586, 43.947991 ], [ -68.721478, 43.961938 ], [ -68.742649, 43.943147 ], [ -68.679258, 43.923455 ], [ -68.669433, 43.869576 ], [ -68.785324, 43.804339 ], [ -68.786139, 43.768364 ], [ -68.817234, 43.739646 ], [ -68.86145, 43.732515 ], [ -68.920169, 43.747392 ], [ -68.949836, 43.78017 ], [ -69.009922, 43.798436 ], [ -69.022784, 43.842507 ], [ -69.055894, 43.858911 ], [ -69.083005, 43.825647 ], [ -69.149825, 43.795735 ], [ -69.197199, 43.795992 ], [ -69.236554, 43.825626 ], [ -69.26234, 43.815374 ], [ -69.233276, 43.780962 ], [ -69.238097, 43.750084 ], [ -69.282948, 43.713766 ], [ -69.335093, 43.704485 ], [ -69.387588, 43.736105 ], [ -69.387279, 43.799016 ], [ -69.40927, 43.810817 ], [ -69.505785, 43.778456 ], [ -69.51909, 43.732122 ], [ -69.550938, 43.707144 ], [ -69.617288, 43.699814 ], [ -69.664745, 43.711748 ], [ -69.730396, 43.657273 ], [ -69.855212, 43.646947 ], [ -70.155986, 43.524444 ], [ -70.280397, 43.408738 ], [ -70.318948, 43.390138 ], [ -70.367397, 43.323317 ], [ -70.49323, 43.286829 ], [ -70.520831, 43.252104 ], [ -70.506324, 43.21883 ], [ -70.521675, 43.154883 ], [ -70.486362, 43.170264 ], [ -70.440938, 43.16664 ], [ -70.407227, 43.138439 ], [ -70.406243, 43.102092 ], [ -70.439772, 43.076542 ], [ -70.493014, 43.073043 ], [ -70.530199, 43.093732 ], [ -70.540127, 43.130547 ], [ -70.553032, 43.123579 ], [ -70.599658, 43.056939 ], [ -70.558353, 43.047264 ], [ -70.532542, 43.019994 ], [ -70.544593, 42.937679 ], [ -70.614086, 42.912862 ], [ -70.667777, 42.927464 ], [ -70.694395, 42.956754 ], [ -70.726024, 42.928524 ], [ -70.74883, 42.858831 ], [ -70.714324, 42.731911 ], [ -70.625943, 42.739724 ], [ -70.549306, 42.724164 ], [ -70.513934, 42.680594 ], [ -70.502143, 42.635471 ], [ -70.521793, 42.593459 ], [ -70.60629, 42.53122 ], [ -70.688704, 42.263468 ], [ -70.640113, 42.228372 ], [ -70.642946, 42.178185 ], [ -70.608381, 42.138479 ], [ -70.27743, 42.114345 ], [ -70.172542, 42.134515 ], [ -70.067098, 42.105327 ], [ -70.011591, 42.073378 ], [ -69.909178, 41.942062 ], [ -69.866525, 41.817011 ], [ -69.85895, 41.706916 ], [ -69.868125, 41.656791 ], [ -69.915399, 41.589243 ], [ -69.936401, 41.521936 ], [ -70.040313, 41.46596 ], [ -70.101508, 41.474444 ], [ -70.126677, 41.503698 ], [ -70.122559, 41.537833 ], [ -70.063352, 41.590173 ], [ -70.077934, 41.612528 ], [ -70.1815, 41.593547 ], [ -70.249463, 41.560146 ], [ -70.311254, 41.571062 ], [ -70.395164, 41.556722 ], [ -70.448567, 41.513093 ], [ -70.508603, 41.498965 ], [ -70.489689, 41.462977 ], [ -70.436449, 41.468919 ], [ -70.392892, 41.44548 ], [ -70.383449, 41.369933 ], [ -70.267283, 41.393426 ], [ -70.215115, 41.360275 ], [ -70.13794, 41.346371 ], [ -70.097844, 41.353584 ], [ -70.116541, 41.395132 ], [ -70.094412, 41.43081 ], [ -70.044272, 41.443801 ], [ -70.006467, 41.433898 ], [ -69.969634, 41.403511 ], [ -69.894885, 41.290372 ], [ -69.89901, 41.245538 ], [ -69.930953, 41.210543 ], [ -69.999457, 41.188305 ], [ -70.109684, 41.189803 ], [ -70.285736, 41.242346 ], [ -70.344083, 41.276146 ], [ -70.459851, 41.265253 ], [ -70.512199, 41.298313 ], [ -70.571848, 41.300094 ], [ -70.703106, 41.28904 ], [ -70.754188, 41.216091 ], [ -70.823645, 41.200649 ], [ -70.866343, 41.215397 ], [ -70.890541, 41.243091 ], [ -70.890337, 41.277362 ], [ -70.870027, 41.297068 ], [ -70.901005, 41.334613 ], [ -70.896017, 41.370148 ], [ -70.955752, 41.350161 ], [ -70.99948, 41.354103 ], [ -71.032701, 41.380273 ], [ -71.033604, 41.414085 ], [ -71.085038, 41.433467 ], [ -71.494805, 41.307355 ], [ -71.575253, 41.320955 ], [ -71.695043, 41.282647 ], [ -71.79148, 41.272165 ], [ -71.790972, 41.184101 ], [ -71.907258, 41.304483 ], [ -72.003019, 41.252804 ], [ -72.0394, 41.248837 ], [ -72.067079, 41.2689 ] ] ], [ [ [ 145.790197, 15.149951 ], [ 145.791659, 15.150777 ], [ 145.792805, 15.149465 ], [ 145.790197, 15.149951 ] ] ], [ [ [ 145.813054, 15.257997 ], [ 145.81425, 15.257853 ], [ 145.813588, 15.256699 ], [ 145.813054, 15.257997 ] ] ], [ [ [ 145.691345, 15.12121 ], [ 145.716989, 15.219404 ], [ 145.721042, 15.219721 ], [ 145.720857, 15.217404 ], [ 145.723662, 15.216945 ], [ 145.72343, 15.222508 ], [ 145.729425, 15.218623 ], [ 145.777195, 15.252995 ], [ 145.809602, 15.28963 ], [ 145.818753, 15.286592 ], [ 145.828755, 15.262427 ], [ 145.81069, 15.258238 ], [ 145.778411, 15.209808 ], [ 145.797638, 15.166701 ], [ 145.78925, 15.150372 ], [ 145.760565, 15.163349 ], [ 145.741403, 15.140775 ], [ 145.756956, 15.120957 ], [ 145.750482, 15.093349 ], [ 145.691345, 15.12121 ] ] ], [ [ [ 145.721277, 15.21779 ], [ 145.723317, 15.217837 ], [ 145.723553, 15.218598 ], [ 145.723427, 15.217421 ], [ 145.721277, 15.21779 ] ] ], [ [ [ 145.710617, 15.24056 ], [ 145.713565, 15.241811 ], [ 145.713124, 15.239849 ], [ 145.710617, 15.24056 ] ] ], [ [ [ 145.585187, 14.994657 ], [ 145.596424, 15.053295 ], [ 145.645321, 15.101089 ], [ 145.658969, 15.05882 ], [ 145.648617, 15.033914 ], [ 145.673797, 15.005943 ], [ 145.665492, 14.948154 ], [ 145.641277, 14.923472 ], [ 145.608627, 14.990372 ], [ 145.585187, 14.994657 ] ] ], [ [ [ 145.144183, 14.139574 ], [ 145.123051, 14.127159 ], [ 145.142329, 14.144239 ], [ 145.159845, 14.168218 ], [ 145.241319, 14.20026 ], [ 145.290273, 14.189441 ], [ 145.282268, 14.159996 ], [ 145.24104, 14.151357 ], [ 145.214616, 14.116128 ], [ 145.169922, 14.110522 ], [ 145.144183, 14.139574 ] ] ], [ [ [ 145.143036, 14.146277 ], [ 145.142624, 14.147173 ], [ 145.143326, 14.147494 ], [ 145.143036, 14.146277 ] ] ], [ [ [ 144.62404, 13.454771 ], [ 144.769354, 13.48109 ], [ 144.771505, 13.503927 ], [ 144.805066, 13.515741 ], [ 144.802121, 13.535791 ], [ 144.859242, 13.654336 ], [ 144.907852, 13.605316 ], [ 144.956848, 13.598143 ], [ 144.925879, 13.521128 ], [ 144.784465, 13.4226 ], [ 144.772359, 13.303284 ], [ 144.727325, 13.246506 ], [ 144.677493, 13.254466 ], [ 144.661893, 13.271425 ], [ 144.657417, 13.316451 ], [ 144.635422, 13.34133 ], [ 144.663298, 13.400726 ], [ 144.621233, 13.440599 ], [ 144.62404, 13.454771 ] ] ], [ [ [ -71.678302, 41.148904 ], [ -71.624504, 41.274129 ], [ -71.570655, 41.294018 ], [ -71.535979, 41.28618 ], [ -71.489322, 41.235171 ], [ -71.479562, 41.148055 ], [ -71.528168, 41.103114 ], [ -71.624501, 41.100979 ], [ -71.678302, 41.148904 ] ] ] ] } },
{ "type": "Feature", "properties": { "territory": "North Florida", "fillColor": "#C9D433", "fillOpacity": 0.85, "strokeColor": "#666666", "strokeWidth": 1.0 }, "geometry": { "type": "Polygon", "coordinates": [ [ [ -87.518325, 30.280206 ], [ -87.452378, 30.300201 ], [ -87.450078, 30.3111 ], [ -87.50348, 30.307601 ], [ -87.504701, 30.324039 ], [ -87.461078, 30.3353 ], [ -87.429578, 30.406498 ], [ -87.366939, 30.44048 ], [ -87.425078, 30.465596 ], [ -87.450371, 30.514462 ], [ -87.394913, 30.614266 ], [ -87.406474, 30.675146 ], [ -87.529977, 30.740952 ], [ -87.545432, 30.779389 ], [ -87.634744, 30.86561 ], [ -87.590933, 30.953513 ], [ -87.598829, 30.997455 ], [ -85.0019, 31.000681 ], [ -85.005734, 30.975908 ], [ -84.981127, 30.963386 ], [ -84.983127, 30.934786 ], [ -84.934424, 30.883588 ], [ -84.925665, 30.842685 ], [ -84.937424, 30.820889 ], [ -84.914322, 30.753591 ], [ -84.864693, 30.711542 ], [ -82.214677, 30.568556 ], [ -82.240403, 30.53777 ], [ -82.20124, 30.485114 ], [ -82.206728, 30.406775 ], [ -82.161777, 30.357111 ], [ -82.105241, 30.368896 ], [ -82.066184, 30.355757 ], [ -82.037218, 30.371848 ], [ -82.043762, 30.414869 ], [ -82.016906, 30.475111 ], [ -82.005401, 30.563698 ], [ -82.049023, 30.655295 ], [ -82.035927, 30.706205 ], [ -82.045608, 30.727552 ], [ -82.036773, 30.754434 ], [ -82.011603, 30.761878 ], [ -82.02288, 30.787706 ], [ -81.97364, 30.778719 ], [ -81.949638, 30.827845 ], [ -81.909111, 30.81568 ], [ -81.901245, 30.82988 ], [ -81.868515, 30.792906 ], [ -81.793075, 30.787251 ], [ -81.78263, 30.761454 ], [ -81.76172, 30.775698 ], [ -81.72013, 30.744719 ], [ -81.672494, 30.73879 ], [ -81.683096, 30.748492 ], [ -81.662323, 30.754177 ], [ -81.652153, 30.72887 ], [ -81.624366, 30.73634 ], [ -81.60987, 30.715933 ], [ -81.601882, 30.729586 ], [ -81.538391, 30.708656 ], [ -81.532295, 30.724091 ], [ -81.488464, 30.726309 ], [ -81.451241, 30.709484 ], [ -81.347015, 30.712444 ], [ -81.380867, 30.627345 ], [ -81.377674, 30.54446 ], [ -81.353574, 30.44666 ], [ -81.316897, 30.407721 ], [ -81.335381, 30.361292 ], [ -81.330627, 30.299481 ], [ -81.186399, 29.76008 ], [ -80.906836, 29.144706 ], [ -80.522973, 28.608238 ], [ -80.468605, 28.463078 ], [ -80.481209, 28.425511 ], [ -80.519428, 28.391084 ], [ -80.543999, 28.271092 ], [ -80.499773, 28.077233 ], [ -80.332526, 27.761157 ], [ -80.222395, 27.446957 ], [ -80.039102, 27.029853 ], [ -79.975425, 26.80025 ], [ -79.982476, 26.569247 ], [ -80.05453, 26.07312 ], [ -80.06943, 25.75736 ], [ -80.09178, 25.72111 ], [ -80.11557, 25.52666 ], [ -80.09552, 25.47103 ], [ -80.139104, 25.433101 ], [ -80.333321, 25.099202 ], [ -80.390435, 25.057189 ], [ -80.399658, 25.023578 ], [ -80.439101, 24.997989 ], [ -80.462886, 24.955937 ], [ -80.514343, 24.940628 ], [ -80.640428, 24.838434 ], [ -80.771092, 24.765951 ], [ -80.852228, 24.748931 ], [ -81.059736, 24.635864 ], [ -81.147686, 24.649064 ], [ -81.374801, 24.571488 ], [ -81.465088, 24.552854 ], [ -81.514615, 24.564757 ], [ -81.527852, 24.553279 ], [ -81.519881, 24.512555 ], [ -81.539924, 24.486034 ], [ -81.660078, 24.441345 ], [ -81.740748, 24.434032 ], [ -81.770205, 24.463238 ], [ -81.770807, 24.496872 ], [ -81.792362, 24.495613 ], [ -81.781807, 24.460927 ], [ -81.813522, 24.417639 ], [ -81.946441, 24.399348 ], [ -81.979768, 24.431656 ], [ -81.974409, 24.471209 ], [ -82.034272, 24.482496 ], [ -82.067171, 24.523715 ], [ -82.100333, 24.499998 ], [ -82.16949, 24.4977 ], [ -82.21417, 24.52742 ], [ -82.21545, 24.58376 ], [ -82.3265, 24.58373 ], [ -82.28243, 24.67624 ], [ -82.20073, 24.73817 ], [ -82.10976, 24.74711 ], [ -82.02695, 24.72572 ], [ -81.89429, 24.76365 ], [ -81.48849, 24.96635 ], [ -81.26031, 24.98659 ], [ -81.17129, 24.96921 ], [ -81.29506, 25.09793 ], [ -81.3423, 25.22483 ], [ -81.31491, 25.35155 ], [ -81.3252, 25.39062 ], [ -81.42541, 25.5516 ], [ -81.4876, 25.59205 ], [ -81.51902, 25.65694 ], [ -81.57623, 25.68604 ], [ -81.68273, 25.67277 ], [ -81.76672, 25.70025 ], [ -81.87372, 25.83412 ], [ -81.96444, 26.05361 ], [ -82.00546, 26.28443 ], [ -82.08688, 26.27195 ], [ -82.16932, 26.28846 ], [ -82.27636, 26.35102 ], [ -82.32065, 26.39675 ], [ -82.42578, 26.63809 ], [ -82.44505, 26.76463 ], [ -82.59439, 26.99023 ], [ -82.67054, 27.15444 ], [ -82.8323, 27.35572 ], [ -82.90265, 27.48104 ], [ -82.934925, 27.583699 ], [ -82.91522, 27.68413 ], [ -82.99389, 27.77767 ], [ -83.02054, 27.87831 ], [ -82.99746, 28.01275 ], [ -83.01698, 28.24645 ], [ -82.97418, 28.31574 ], [ -82.89736, 28.35701 ], [ -82.83914, 28.57458 ], [ -82.87086, 28.6216 ], [ -82.9235, 28.76713 ], [ -82.9158, 28.8565 ], [ -82.94177, 28.90683 ], [ -82.94557, 28.96375 ], [ -83.00568, 28.9468 ], [ -83.0939, 28.94744 ], [ -83.20269, 28.99912 ], [ -83.25588, 29.08179 ], [ -83.26208, 29.15572 ], [ -83.33042, 29.21186 ], [ -83.35723, 29.2917 ], [ -83.53876, 29.41449 ], [ -83.56633, 29.46484 ], [ -83.58207, 29.56332 ], [ -83.70578, 29.64405 ], [ -83.79534, 29.80193 ], [ -83.919, 29.84194 ], [ -84.06492, 29.94008 ], [ -84.160797, 29.921266 ], [ -84.18998, 29.83038 ], [ -84.25638, 29.76965 ], [ -84.32327, 29.74809 ], [ -84.41995, 29.74696 ], [ -84.47452, 29.68773 ], [ -84.58868, 29.64074 ], [ -84.71055, 29.55206 ], [ -84.90063, 29.46982 ], [ -85.07639, 29.43769 ], [ -85.25967, 29.52481 ], [ -85.35865, 29.50559 ], [ -85.45334, 29.53785 ], [ -85.54374, 29.65152 ], [ -85.58962, 29.83756 ], [ -85.70979, 29.93584 ], [ -85.80647, 29.97989 ], [ -85.8935, 30.04529 ], [ -86.1498, 30.16291 ], [ -86.37392, 30.22341 ], [ -86.65027, 30.24605 ], [ -86.8556, 30.22792 ], [ -87.18002, 30.17244 ], [ -87.30281, 30.1683 ], [ -87.51837, 30.12553 ], [ -87.518325, 30.280206 ] ], [ [ -81.784364, 26.470302 ], [ -81.774298, 26.449379 ], [ -81.7555, 26.449626 ], [ -81.755749, 26.47128 ], [ -81.784364, 26.470302 ] ] ] } },
{ "type": "Feature", "properties": { "territory": "Northeast", "fillColor": "#2F5D31", "fillOpacity": 0.85, "strokeColor": "#666666", "strokeWidth": 1.0 }, "geometry": { "type": "MultiPolygon", "coordinates": [ [ [ [ -79.762418, 42.516072 ], [ -78.99976, 42.804368 ], [ -78.930559, 42.850105 ], [ -78.905758, 42.899957 ], [ -78.918859, 42.946857 ], [ -79.019964, 42.994756 ], [ -79.00713, 43.065757 ], [ -79.074459, 43.077863 ], [ -79.057961, 43.106957 ], [ -79.069649, 43.120322 ], [ -79.042299, 43.143663 ], [ -79.055932, 43.254674 ], [ -79.200936, 43.450422 ], [ -78.688295, 43.634742 ], [ -76.776233, 43.629529 ], [ -76.753538, 43.684275 ], [ -76.438287, 44.094172 ], [ -76.352679, 44.134743 ], [ -76.312639, 44.199045 ], [ -76.206774, 44.214538 ], [ -76.164258, 44.239603 ], [ -76.161825, 44.280776 ], [ -76.001107, 44.347867 ], [ -75.970179, 44.342533 ], [ -75.912827, 44.367805 ], [ -75.821379, 44.432042 ], [ -75.807582, 44.471707 ], [ -75.766936, 44.515272 ], [ -75.413734, 44.772178 ], [ -75.369953, 44.782883 ], [ -75.283128, 44.849148 ], [ -75.027125, 44.946568 ], [ -74.992727, 44.977469 ], [ -74.907948, 44.983369 ], [ -74.826576, 45.015865 ], [ -74.731301, 44.990419 ], [ -74.670527, 45.006286 ], [ -74.150135, 44.99136 ], [ -73.343178, 45.010713 ], [ -73.354633, 44.987352 ], [ -73.338244, 44.964751 ], [ -73.338979, 44.917681 ], [ -73.38159, 44.849354 ], [ -73.333154, 44.788759 ], [ -73.365562, 44.741786 ], [ -73.361308, 44.694524 ], [ -73.390231, 44.618354 ], [ -73.37495, 44.575817 ], [ -73.306713, 44.500335 ], [ -73.293627, 44.438903 ], [ -73.33495, 44.36444 ], [ -73.312741, 44.265411 ], [ -73.390625, 44.191068 ], [ -73.437905, 44.045125 ], [ -73.407645, 44.021111 ], [ -73.408554, 43.931894 ], [ -73.374162, 43.876241 ], [ -73.372589, 43.845354 ], [ -73.392517, 43.82134 ], [ -73.350762, 43.771387 ], [ -73.426463, 43.642599 ], [ -73.417669, 43.621687 ], [ -73.431229, 43.588285 ], [ -73.395768, 43.568087 ], [ -73.37189, 43.62449 ], [ -73.30644, 43.628333 ], [ -73.297324, 43.579373 ], [ -73.258631, 43.56495 ], [ -73.241579, 43.53496 ], [ -73.278306, 42.837558 ], [ -73.290944, 42.80192 ], [ -73.276421, 42.746019 ], [ -73.264827, 42.745851 ], [ -73.50821, 42.086134 ], [ -73.487319, 42.049525 ], [ -73.489615, 42.000092 ], [ -73.550962, 41.295421 ], [ -73.482695, 41.212772 ], [ -73.727775, 41.100696 ], [ -73.655255, 41.012246 ], [ -73.659749, 40.969514 ], [ -73.68551, 40.943715 ], [ -73.69828, 40.939293 ], [ -73.690645, 40.95943 ], [ -73.717682, 40.947754 ], [ -73.760714, 40.907145 ], [ -73.775332, 40.976376 ], [ -73.812294, 40.964352 ], [ -73.828404, 40.985849 ], [ -73.854394, 40.982018 ], [ -73.852345, 41.00352 ], [ -73.883519, 41.004035 ], [ -73.866262, 41.071422 ], [ -73.869458, 41.161316 ], [ -73.880592, 41.184698 ], [ -73.89903, 41.168792 ], [ -73.892693, 41.205142 ], [ -73.965965, 41.250431 ], [ -73.930842, 41.288621 ], [ -73.980533, 41.319902 ], [ -73.958483, 41.344945 ], [ -73.943751, 41.393525 ], [ -73.983556, 41.452129 ], [ -73.977375, 41.486687 ], [ -73.989318, 41.484394 ], [ -73.9824, 41.531799 ], [ -73.944528, 41.598894 ], [ -73.935714, 41.735885 ], [ -73.944519, 41.842512 ], [ -73.928247, 41.870842 ], [ -73.955876, 41.907031 ], [ -73.932213, 41.993423 ], [ -73.929626, 42.078778 ], [ -73.902415, 42.139859 ], [ -73.929508, 42.110894 ], [ -73.9622, 41.926324 ], [ -73.98158, 41.917691 ], [ -73.971042, 41.920215 ], [ -73.94729, 41.864058 ], [ -73.959001, 41.824576 ], [ -73.946793, 41.681149 ], [ -73.959485, 41.584769 ], [ -73.996302, 41.547738 ], [ -74.016531, 41.453657 ], [ -73.978514, 41.425362 ], [ -74.085633, 41.369812 ], [ -74.079, 41.354193 ], [ -74.101062, 41.342274 ], [ -74.089208, 41.302649 ], [ -74.078292, 41.314222 ], [ -74.077404, 41.309301 ], [ -74.111863, 41.286185 ], [ -74.089596, 41.273806 ], [ -74.099246, 41.258098 ], [ -74.085423, 41.271303 ], [ -74.07489, 41.257891 ], [ -74.005815, 41.307343 ], [ -74.059954, 41.326925 ], [ -74.052077, 41.343006 ], [ -74.06913, 41.340369 ], [ -74.049111, 41.346422 ], [ -74.013574, 41.334604 ], [ -73.972447, 41.414103 ], [ -73.950772, 41.395966 ], [ -73.986871, 41.32104 ], [ -73.954683, 41.288203 ], [ -73.978652, 41.263334 ], [ -73.976262, 41.22965 ], [ -73.963123, 41.224517 ], [ -73.960283, 41.192487 ], [ -73.906766, 41.142267 ], [ -73.920739, 41.063928 ], [ -73.916799, 41.043008 ], [ -73.896029, 41.043635 ], [ -73.908732, 41.038589 ], [ -73.896144, 40.981873 ], [ -73.929821, 40.888682 ], [ -74.014029, 40.757551 ], [ -74.055749, 40.651476 ], [ -74.19143, 40.642025 ], [ -74.214575, 40.560533 ], [ -74.247484, 40.549377 ], [ -74.258843, 40.498875 ], [ -74.225331, 40.476578 ], [ -73.977874, 40.519095 ], [ -73.888434, 40.484049 ], [ -73.890791, 40.31069 ], [ -73.965275, 40.11295 ], [ -74.038158, 39.75012 ], [ -74.096531, 39.649949 ], [ -74.287271, 39.398252 ], [ -74.368754, 39.320681 ], [ -74.461615, 39.301023 ], [ -74.565241, 39.210642 ], [ -74.644279, 39.114824 ], [ -74.646874, 39.076212 ], [ -74.715571, 39.009216 ], [ -74.743107, 38.958885 ], [ -74.824329, 38.896262 ], [ -74.907986, 38.879316 ], [ -75.017366, 38.786639 ], [ -74.986282, 38.451632 ], [ -75.69367, 38.46008 ], [ -75.701931, 38.56533 ], [ -75.72071, 38.55511 ], [ -75.741882, 38.566905 ], [ -75.717157, 38.567872 ], [ -75.735084, 38.608634 ], [ -75.707279, 38.633265 ], [ -75.788596, 39.722199 ], [ -79.211113, 39.722038 ], [ -79.219934, 39.757476 ], [ -79.248026, 39.741433 ], [ -79.302788, 39.749898 ], [ -79.287727, 39.76884 ], [ -79.29386, 39.831505 ], [ -79.275409, 39.84882 ], [ -79.298828, 39.842286 ], [ -79.331696, 39.872648 ], [ -79.322538, 39.901046 ], [ -79.36167, 39.96008 ], [ -79.310671, 40.018043 ], [ -79.304229, 39.988142 ], [ -79.280161, 39.970059 ], [ -79.258811, 39.971273 ], [ -79.257357, 40.001509 ], [ -79.241469, 39.986479 ], [ -79.232809, 39.99786 ], [ -79.264922, 40.022138 ], [ -79.264232, 40.065742 ], [ -79.336317, 40.088041 ], [ -79.297785, 40.102841 ], [ -79.257036, 40.086158 ], [ -79.213791, 40.117991 ], [ -79.183619, 40.110686 ], [ -79.172565, 40.125542 ], [ -79.194098, 40.142905 ], [ -79.183408, 40.154258 ], [ -79.19304, 40.178851 ], [ -79.129653, 40.180924 ], [ -79.130146, 40.225435 ], [ -79.107929, 40.213026 ], [ -79.102446, 40.232165 ], [ -79.086343, 40.242391 ], [ -79.056646, 40.278604 ], [ -79.055115, 40.289455 ], [ -79.073098, 40.28661 ], [ -79.059042, 40.276632 ], [ -79.100685, 40.273201 ], [ -79.098721, 40.291428 ], [ -79.119724, 40.294247 ], [ -79.117136, 40.277213 ], [ -79.138637, 40.268479 ], [ -79.180262, 40.291458 ], [ -79.173849, 40.326373 ], [ -79.222015, 40.357548 ], [ -79.220677, 40.373436 ], [ -79.256677, 40.392654 ], [ -79.26606, 40.375164 ], [ -79.286384, 40.38574 ], [ -79.305838, 40.360503 ], [ -79.34072, 40.382894 ], [ -79.339041, 40.396181 ], [ -79.350274, 40.391249 ], [ -79.342971, 40.412088 ], [ -79.358045, 40.400901 ], [ -79.355925, 40.433049 ], [ -79.373642, 40.44618 ], [ -79.36836, 40.489726 ], [ -79.392696, 40.483964 ], [ -79.379516, 40.512224 ], [ -79.400168, 40.521961 ], [ -79.338949, 40.577695 ], [ -79.359948, 40.602361 ], [ -79.345311, 40.616191 ], [ -79.379713, 40.647342 ], [ -79.395382, 40.638165 ], [ -79.420738, 40.649543 ], [ -79.424676, 40.68451 ], [ -79.394224, 40.680396 ], [ -79.391795, 40.685581 ], [ -79.400797, 40.690187 ], [ -79.405481, 40.696228 ], [ -79.402635, 40.699023 ], [ -79.34081, 40.687367 ], [ -79.347436, 40.721142 ], [ -79.319137, 40.720296 ], [ -79.315959, 40.753722 ], [ -79.238295, 40.751417 ], [ -79.215015, 40.784196 ], [ -79.1814, 40.78541 ], [ -79.171972, 40.79877 ], [ -79.19476, 40.788616 ], [ -79.214993, 40.82593 ], [ -79.103672, 40.817983 ], [ -79.092028, 40.838911 ], [ -79.056529, 40.838457 ], [ -79.072522, 40.84508 ], [ -79.061976, 40.876643 ], [ -79.076064, 40.899387 ], [ -79.05162, 40.908178 ], [ -79.171964, 40.910884 ], [ -79.169441, 40.933546 ], [ -79.208844, 40.9523 ], [ -79.197401, 40.961642 ], [ -79.212546, 40.96089 ], [ -79.20856, 40.972877 ], [ -79.179441, 40.982471 ], [ -79.192391, 40.987341 ], [ -79.185688, 41.003048 ], [ -79.14421, 41.006266 ], [ -79.143894, 41.025012 ], [ -79.166677, 41.036102 ], [ -79.153907, 41.042599 ], [ -79.161948, 41.070777 ], [ -79.186958, 41.070565 ], [ -79.180475, 41.080773 ], [ -79.193793, 41.084006 ], [ -79.180512, 41.087854 ], [ -79.211212, 41.098363 ], [ -79.211126, 41.110885 ], [ -79.227999, 41.091219 ], [ -79.266678, 41.130853 ], [ -79.290016, 41.132913 ], [ -79.293877, 41.11063 ], [ -79.325559, 41.127352 ], [ -79.305672, 41.164613 ], [ -79.289261, 41.159159 ], [ -79.285408, 41.17159 ], [ -79.223946, 41.150495 ], [ -79.210136, 41.180246 ], [ -79.275898, 41.180031 ], [ -79.263695, 41.189915 ], [ -79.276988, 41.204955 ], [ -79.234574, 41.235018 ], [ -79.209745, 41.234854 ], [ -79.209583, 41.258471 ], [ -79.241524, 41.265533 ], [ -79.209257, 41.305001 ], [ -79.208878, 41.331861 ], [ -79.12876, 41.337149 ], [ -79.151532, 41.417239 ], [ -79.065154, 41.423194 ], [ -79.06352, 41.453207 ], [ -78.976658, 41.451761 ], [ -78.976657, 41.436963 ], [ -78.958957, 41.437061 ], [ -78.952037, 41.732934 ], [ -78.919115, 41.715233 ], [ -78.932927, 41.725635 ], [ -78.905928, 41.7569 ], [ -78.917924, 41.768117 ], [ -78.949417, 41.760045 ], [ -78.954164, 41.855132 ], [ -78.970941, 41.859268 ], [ -78.992828, 41.837786 ], [ -78.997759, 41.835823 ], [ -79.004283, 41.837814 ], [ -78.93072, 41.92595 ], [ -78.93085, 41.96034 ], [ -78.961378, 41.998707 ], [ -79.761954, 41.998841 ], [ -79.762418, 42.516072 ] ] ], [ [ [ -73.8054, 40.926836 ], [ -73.822375, 40.889477 ], [ -73.853528, 40.907465 ], [ -73.831206, 40.933951 ], [ -73.8054, 40.926836 ] ] ] ] } },
{ "type": "Feature", "properties": { "territory": "Northwest", "fillColor": "#5B9BD5", "fillOpacity": 0.85, "strokeColor": "#666666", "strokeWidth": 1.0 }, "geometry": { "type": "MultiPolygon", "coordinates": [ [ [ [ -125.098776450000017, 24.963954749999949 ], [ -125.054766750000013, 24.992923900000022 ], [ -125.015800900000031, 24.973214350000038 ], [ -124.9923481, 24.986196550000038 ], [ -124.932150199999981, 24.94418185000001 ], [ -124.97341345000001, 24.92659085 ], [ -124.9602006, 24.915843750000018 ], [ -124.9831368, 24.89516995 ], [ -125.054636550000012, 24.920379399999987 ], [ -125.0869818, 24.891524699999984 ], [ -125.098776450000017, 24.963954749999949 ] ] ], [ [ [ -124.50838805, 25.190389350000032 ], [ -124.499354550000021, 25.178841799999983 ], [ -124.485577850000041, 25.178649299999979 ], [ -124.475222750000015, 25.172947799999989 ], [ -124.511573399999989, 25.161043250000024 ], [ -124.50838805, 25.190389350000032 ] ] ], [ [ [ -127.990424299999987, 24.087509950000012 ], [ -127.9729565, 24.104107650000014 ], [ -127.93564405, 24.110116799999982 ], [ -127.935209, 24.127957699999985 ], [ -127.901649249999977, 24.128980050000024 ], [ -127.90603475, 24.15111965 ], [ -127.865321, 24.17192049999996 ], [ -127.877802350000039, 24.20606335 ], [ -127.8171638, 24.184663650000047 ], [ -127.78342695, 24.160206 ], [ -127.83762655, 24.132119549999977 ], [ -127.87545875, 24.131836400000026 ], [ -127.8636697, 24.117800700000018 ], [ -127.8844961, 24.123954400000038 ], [ -127.96762705, 24.09136974999997 ], [ -127.990424299999987, 24.087509950000012 ] ] ], [ [ [ -125.639715450000011, 24.88223395 ], [ -125.58700195, 24.8974103 ], [ -125.5869925, 24.8595515 ], [ -125.639715450000011, 24.88223395 ] ] ], [ [ [ -124.62466995, 25.18489260000004 ], [ -124.6101131, 25.167674 ], [ -124.6113157, 25.164211449999989 ], [ -124.628809400000023, 25.163449499999963 ], [ -124.62466995, 25.18489260000004 ] ] ], [ [ [ -125.99454055, 24.8227168 ], [ -125.995303200000023, 24.800673099999983 ], [ -125.9651549, 24.76331235 ], [ -125.984509550000013, 24.763207350000012 ], [ -125.984538250000028, 24.786091750000029 ], [ -126.002087600000024, 24.796212 ], [ -125.99454055, 24.8227168 ] ] ], [ [ [ -127.119812950000011, 24.43522725 ], [ -127.09258085, 24.46843385 ], [ -127.053123250000013, 24.469347349999968 ], [ -127.05416625, 24.48333825 ], [ -127.025362300000012, 24.500166949999986 ], [ -127.0298262, 24.46224515 ], [ -127.066516700000037, 24.431882299999973 ], [ -127.119812950000011, 24.43522725 ] ] ], [ [ [ -126.877685750000012, 24.578886850000021 ], [ -126.854564400000015, 24.573934699999981 ], [ -126.853289350000011, 24.558454550000043 ], [ -126.804541, 24.550786750000043 ], [ -126.837617400000013, 24.544474150000013 ], [ -126.7800949, 24.54192405 ], [ -126.862786599999978, 24.538150350000027 ], [ -126.877685750000012, 24.578886850000021 ] ] ], [ [ [ -125.814479900000023, 24.94462495 ], [ -125.7451652, 24.94800735 ], [ -125.7532488, 24.925440050000031 ], [ -125.70546715, 24.89683105 ], [ -125.79788675, 24.917648700000015 ], [ -125.814479900000023, 24.94462495 ] ] ], [ [ [ -125.28177885, 25.182281600000028 ], [ -125.220633850000013, 25.20211365 ], [ -125.1894681, 25.203947650000043 ], [ -125.28177885, 25.182281600000028 ] ] ], [ [ [ -129.75560135, 23.87930929999996 ], [ -129.77777175, 23.864858850000029 ], [ -129.782188400000024, 23.895240949999984 ], [ -129.772221450000018, 23.895232900000014 ], [ -129.75560135, 23.87930929999996 ] ] ], [ [ [ -130.62356705000002, 23.771675549999987 ], [ -130.633275, 23.7833071 ], [ -130.598577050000017, 23.783336499999972 ], [ -130.594478900000013, 23.767977799999983 ], [ -130.6165765, 23.76573745 ], [ -130.620336550000019, 23.750976899999987 ], [ -130.5911623, 23.74636775 ], [ -130.6396289, 23.733676749999972 ], [ -130.643836600000014, 23.7563851 ], [ -130.62356705000002, 23.771675549999987 ] ] ], [ [ [ -125.444245, 26.2623326 ], [ -125.375353799999985, 26.269521600000026 ], [ -125.3751921, 26.219446400000027 ], [ -125.425587900000025, 26.21944605 ], [ -125.444245, 26.2623326 ] ] ], [ [ [ -128.225553250000019, 25.414625249999975 ], [ -128.12650255, 25.412530149999963 ], [ -128.112964550000015, 25.408102299999989 ], [ -128.1538673, 25.386429599999971 ], [ -128.225553250000019, 25.414625249999975 ] ] ], [ [ [ -125.520005300000022, 26.344572450000019 ], [ -125.503547250000011, 26.36158805 ], [ -125.497966850000012, 26.36758530000003 ], [ -125.496771600000017, 26.368062350000052 ], [ -125.5053872, 26.353824 ], [ -125.519098450000016, 26.344126550000027 ], [ -125.5074284, 26.329360049999956 ], [ -125.4712391, 26.356418550000036 ], [ -125.37386175, 26.36324215 ], [ -125.279423699999981, 26.339198550000013 ], [ -125.332852250000016, 26.28469550000003 ], [ -125.370266200000017, 26.296506250000018 ], [ -125.458163450000015, 26.281159449999969 ], [ -125.45587305, 26.299409499999989 ], [ -125.495224950000036, 26.304273100000024 ], [ -125.519250700000029, 26.340521199999959 ], [ -125.520005300000022, 26.344572450000019 ] ] ], [ [ [ -125.474269750000033, 26.507652499999981 ], [ -125.453000949999989, 26.517764 ], [ -125.452974700000027, 26.507652149999988 ], [ -125.474269750000033, 26.507652499999981 ] ] ], [ [ [ -128.432524, 25.62112665 ], [ -128.378886500000021, 25.623999799999982 ], [ -128.33416105, 25.63715735000001 ], [ -128.401143350000012, 25.5875753 ], [ -128.405126350000018, 25.60345935 ], [ -128.447653450000018, 25.60642069999998 ], [ -128.432524, 25.62112665 ] ] ], [ [ [ -125.8206042, 26.582761449999971 ], [ -125.80518985, 26.58951889999998 ], [ -125.798919950000013, 26.584690649999974 ], [ -125.8206042, 26.582761449999971 ] ] ], [ [ [ -125.519125400000021, 26.677019600000026 ], [ -125.504044950000022, 26.67449155000001 ], [ -125.519124, 26.674491550000031 ], [ -125.519125400000021, 26.677019600000026 ] ] ], [ [ [ -125.9444195, 26.564620600000019 ], [ -125.8834579, 26.56817765 ], [ -125.868443950000014, 26.555994850000012 ], [ -125.932945100000012, 26.542787950000022 ], [ -125.94336285, 26.550889749999989 ], [ -125.9301318, 26.546579150000028 ], [ -125.923447150000015, 26.550078799999987 ], [ -125.9444195, 26.564620600000019 ] ] ], [ [ [ -125.716327299999989, 26.7206401 ], [ -125.73353120000003, 26.716039 ], [ -125.745817949999989, 26.717106500000021 ], [ -125.74233195, 26.722961300000026 ], [ -125.716327299999989, 26.7206401 ] ] ], [ [ [ -126.260856600000025, 26.58783785000001 ], [ -126.21676920000003, 26.57777885 ], [ -126.203280550000017, 26.591485550000016 ], [ -126.18303655, 26.57591545 ], [ -126.238831100000041, 26.562425749999985 ], [ -126.248335, 26.567954699999966 ], [ -126.226556950000017, 26.57524589999997 ], [ -126.260856600000025, 26.58783785000001 ] ] ], [ [ [ -125.279215100000016, 26.886819050000025 ], [ -125.27475050000001, 26.871652149999971 ], [ -125.315520600000028, 26.87165145 ], [ -125.315521300000015, 26.886816600000017 ], [ -125.279215100000016, 26.886819050000025 ] ] ], [ [ [ -125.216514, 26.922203350000046 ], [ -125.2320386, 26.912093599999984 ], [ -125.2320925, 26.922203350000046 ], [ -125.216514, 26.922203350000046 ] ] ], [ [ [ -125.52260055, 26.833881899999941 ], [ -125.510635099999988, 26.84609235000001 ], [ -125.48143635, 26.846314250000013 ], [ -125.496189549999983, 26.83672915 ], [ -125.52260055, 26.833881899999941 ] ] ], [ [ [ -125.383333100000016, 26.892444250000011 ], [ -125.40789365, 26.8413194 ], [ -125.42851285, 26.84131905 ], [ -125.3997047, 26.860176349999961 ], [ -125.410808800000012, 26.861994600000045 ], [ -125.409674450000011, 26.85439295 ], [ -125.4379793, 26.849800250000023 ], [ -125.413387950000029, 26.8593962 ], [ -125.4708331, 26.862499649999968 ], [ -125.4708331, 26.892444249999983 ], [ -125.383333100000016, 26.892444250000011 ] ] ], [ [ [ -125.31054885, 26.91876705000001 ], [ -125.281201, 26.93031425 ], [ -125.272217900000015, 26.918768450000012 ], [ -125.31054885, 26.91876705000001 ] ] ], [ [ [ -125.12346685, 26.982827900000018 ], [ -125.132475500000012, 26.990973450000038 ], [ -125.122442400000011, 26.993320199999985 ], [ -125.12346685, 26.982827900000018 ] ] ], [ [ [ -126.3044204, 26.659321149999965 ], [ -126.2740341, 26.64921035 ], [ -126.30442005, 26.64921 ], [ -126.3044204, 26.659321149999965 ] ] ], [ [ [ -125.609958450000022, 26.9014333 ], [ -125.59848545, 26.910501800000024 ], [ -125.5866236, 26.9026296 ], [ -125.596335399999973, 26.894108849999967 ], [ -125.609958450000022, 26.9014333 ] ] ], [ [ [ -125.67871945, 26.926286800000025 ], [ -125.651181450000024, 26.896923900000026 ], [ -125.708358850000025, 26.896037 ], [ -125.67871945, 26.926286800000025 ] ] ], [ [ [ -126.547609850000015, 26.7654793 ], [ -126.5986661, 26.7544214 ], [ -126.6973164, 26.792503149999945 ], [ -126.582989950000012, 26.828970700000028 ], [ -126.55000035, 26.819845150000013 ], [ -126.57438310000002, 26.7992543 ], [ -126.421533900000014, 26.78570195 ], [ -126.416358450000018, 26.750315899999961 ], [ -126.547609500000021, 26.750313099999985 ], [ -126.547609850000015, 26.7654793 ] ] ], [ [ [ -125.52908885, 27.151136600000022 ], [ -125.48296725, 27.185824750000016 ], [ -125.521441699999983, 27.22158319999998 ], [ -125.43277795, 27.22583745 ], [ -125.363899, 27.271451550000013 ], [ -125.379477150000028, 27.287559249999966 ], [ -125.29039165, 27.266272599999979 ], [ -125.24960755, 27.318103400000037 ], [ -125.12058635, 27.31922515 ], [ -125.10265725, 27.20825589999998 ], [ -125.2094328, 27.197994599999983 ], [ -125.242084300000016, 27.22031445 ], [ -125.256143450000025, 27.225796500000044 ], [ -125.2346111, 27.1912515 ], [ -125.27111715, 27.188957949999978 ], [ -125.2869249, 27.176578100000029 ], [ -125.286113950000029, 27.15103195 ], [ -125.35972945, 27.136644850000032 ], [ -125.414759950000033, 27.160098 ], [ -125.466386, 27.141787399999952 ], [ -125.52908885, 27.151136600000022 ] ] ], [ [ [ -127.0223369, 26.726759150000014 ], [ -126.99986305000003, 26.734084299999985 ], [ -126.96450395, 26.736276 ], [ -126.976788250000013, 26.725032600000024 ], [ -127.0223369, 26.726759150000014 ] ] ], [ [ [ -126.43243745, 26.92873155 ], [ -126.422447750000018, 26.930299900000019 ], [ -126.417061600000025, 26.927564650000015 ], [ -126.43243745, 26.92873155 ] ] ], [ [ [ -125.505748050000037, 27.2608588 ], [ -125.51901795000002, 27.250748349999988 ], [ -125.532300100000015, 27.260856349999976 ], [ -125.505748050000037, 27.2608588 ] ] ], [ [ [ -125.80424485, 27.2852139 ], [ -125.812783450000012, 27.275608150000018 ], [ -125.8204019, 27.27739175 ], [ -125.80424485, 27.2852139 ] ] ], [ [ [ -125.891014400000017, 27.336664950000042 ], [ -125.94429980000001, 27.30994245 ], [ -126.019418550000026, 27.33666215000002 ], [ -125.891014400000017, 27.336664950000042 ] ] ], [ [ [ -126.91847335, 27.139795899999989 ], [ -126.87853765, 27.16631435 ], [ -126.80756535, 27.159619549999988 ], [ -126.781338450000021, 27.179064500000077 ], [ -126.79527685, 27.1818106 ], [ -126.7649889, 27.190194499999986 ], [ -126.75308435, 27.182535800000029 ], [ -126.770382049999981, 27.1847814 ], [ -126.766166649999988, 27.17100084999997 ], [ -126.738658049999984, 27.173979700000039 ], [ -126.731275500000024, 27.189488899999986 ], [ -126.669746550000013, 27.1755078 ], [ -126.6259157, 27.18812215 ], [ -126.5817492, 27.168664950000025 ], [ -126.522842099999977, 27.18557485 ], [ -126.533941300000023, 27.188639100000017 ], [ -126.50938005, 27.204058 ], [ -126.49386035, 27.198029599999987 ], [ -126.51536015, 27.184565450000012 ], [ -126.4540762, 27.1648293 ], [ -126.50111550000004, 27.128585049999973 ], [ -126.55132405, 27.122869549999976 ], [ -126.581124799999984, 27.10965145 ], [ -126.5749074, 27.097883749999969 ], [ -126.61792975, 27.089997200000017 ], [ -126.644027850000015, 27.103521900000015 ], [ -126.80029165000002, 27.087494350000018 ], [ -126.7947102, 27.103419 ], [ -126.823355600000028, 27.10343405 ], [ -126.806396699999979, 27.118959 ], [ -126.86334975, 27.14601679999998 ], [ -126.930591750000019, 27.1355623 ], [ -126.930672250000029, 27.12211215000001 ], [ -126.958665250000024, 27.14117735 ], [ -126.91847335, 27.139795899999989 ] ] ], [ [ [ -126.1211765, 27.345616550000013 ], [ -126.05613005, 27.348119050000015 ], [ -126.04259765, 27.33096905 ], [ -126.1129809, 27.329529500000028 ], [ -126.1211765, 27.345616550000013 ] ] ], [ [ [ -126.7516875, 27.247023650000031 ], [ -126.75683075, 27.2425657 ], [ -126.758772899999983, 27.245844150000025 ], [ -126.7516875, 27.247023650000031 ] ] ], [ [ [ -126.663064, 27.426245 ], [ -126.573916550000021, 27.48660144999997 ], [ -126.49169035, 27.489592549999966 ], [ -126.4915899, 27.468139649999966 ], [ -126.538205350000013, 27.473944399999986 ], [ -126.609368750000016, 27.42239779999996 ], [ -126.663064, 27.426245 ] ] ], [ [ [ -126.37515155, 27.55261915 ], [ -126.396795200000014, 27.523646500000027 ], [ -126.4516962, 27.523645800000022 ], [ -126.462487750000022, 27.559021 ], [ -126.37515155, 27.55261915 ] ] ], [ [ [ -126.034363550000037, 27.6566969 ], [ -126.056667300000015, 27.66427615 ], [ -126.028872050000018, 27.66427685 ], [ -126.034363550000037, 27.6566969 ] ] ], [ [ [ -125.599975050000026, 27.81752155 ], [ -125.609979800000019, 27.839527800000042 ], [ -125.50213255, 27.819511300000016 ], [ -125.5603127, 27.798775900000045 ], [ -125.64225855, 27.795666499999964 ], [ -125.599975050000026, 27.81752155 ] ] ], [ [ [ -126.495724100000032, 27.582497600000011 ], [ -126.484987499999988, 27.615924 ], [ -126.440566550000014, 27.610299499999982 ], [ -126.364186050000015, 27.56660304999998 ], [ -126.435548950000012, 27.566021349999989 ], [ -126.495724100000032, 27.582497600000011 ] ] ], [ [ [ -125.9901162, 28.2353736 ], [ -126.03652165, 28.255779299999972 ], [ -126.0141759, 28.266723450000065 ], [ -126.0222819, 28.27517 ], [ -126.103216950000018, 28.286362649999987 ], [ -126.09181325, 28.303341850000024 ], [ -126.0520942, 28.297112899999988 ], [ -126.029294850000014, 28.321996849999973 ], [ -126.06384055, 28.315233449999972 ], [ -126.074669200000031, 28.323975750000034 ], [ -126.06131005, 28.329570499999946 ], [ -126.08791565, 28.331947699999979 ], [ -126.158386400000012, 28.320671050000033 ], [ -126.287047800000025, 28.351977499999972 ], [ -126.342514750000035, 28.337528450000026 ], [ -126.300701300000028, 28.307696550000049 ], [ -126.3247799, 28.293923350000011 ], [ -126.2992264, 28.24253355 ], [ -126.306615250000021, 28.2308285 ], [ -126.357486, 28.1909663 ], [ -126.5102386, 28.166126799999969 ], [ -126.511022250000011, 28.175086799999974 ], [ -126.52286275, 28.184161950000025 ], [ -126.516066800000019, 28.173581449999979 ], [ -126.52888415000001, 28.17232845 ], [ -126.53318425, 28.17047765 ], [ -126.533631199999988, 28.16911755000001 ], [ -126.49981875, 28.1616167 ], [ -126.51402035000001, 28.15477105 ], [ -126.463620350000028, 28.164410400000019 ], [ -126.48877730000001, 28.157031349999986 ], [ -126.5138121, 28.1546209 ], [ -126.54189855, 28.155261050000046 ], [ -126.553855250000012, 28.152478900000037 ], [ -126.831156400000012, 28.188751850000017 ], [ -126.820278750000014, 28.19344045000005 ], [ -126.837795200000031, 28.211428 ], [ -126.8006392, 28.2229745 ], [ -126.8199347, 28.244069700000022 ], [ -126.872497700000011, 28.25143545 ], [ -126.82424215, 28.28003150000001 ], [ -126.658374, 28.292125400000039 ], [ -126.6433548, 28.3284127 ], [ -126.5524101, 28.349950299999982 ], [ -126.505429250000034, 28.325434200000014 ], [ -126.432973300000015, 28.337122099999984 ], [ -126.414032, 28.362401549999959 ], [ -126.488738800000021, 28.41060389999998 ], [ -126.48973525000001, 28.42557690000001 ], [ -126.42356845, 28.423074049999979 ], [ -126.3856393, 28.450363550000041 ], [ -126.348112300000039, 28.45164 ], [ -126.258063250000035, 28.492020549999982 ], [ -126.185937, 28.473141899999959 ], [ -126.14645105, 28.431400199999981 ], [ -126.050595500000028, 28.473529 ], [ -125.9247516, 28.473263699999972 ], [ -125.783724, 28.440207249999986 ], [ -125.76564965, 28.4511948 ], [ -125.768502150000018, 28.472702649999977 ], [ -125.81619455000002, 28.4777535 ], [ -125.768563749999984, 28.487858 ], [ -125.768657200000021, 28.503013350000032 ], [ -125.615862600000014, 28.503005299999977 ], [ -125.490770850000033, 28.463441649999975 ], [ -125.47845995, 28.448876400000032 ], [ -125.490822650000013, 28.44432115 ], [ -125.47695005, 28.4456935 ], [ -125.48635665, 28.43681855 ], [ -125.458766850000018, 28.4210962 ], [ -125.516156, 28.4072474 ], [ -125.5552405, 28.384210049999975 ], [ -125.5572117, 28.364479850000055 ], [ -125.538120600000013, 28.3513174 ], [ -125.477031950000026, 28.36504265 ], [ -125.432406600000022, 28.315014 ], [ -125.400138, 28.3025561 ], [ -125.4196603, 28.284278050000033 ], [ -125.38345175, 28.275783899999983 ], [ -125.463416600000016, 28.2465974 ], [ -125.5603372, 28.23793665000002 ], [ -125.581880400000017, 28.2169895 ], [ -125.689619850000014, 28.186105150000014 ], [ -125.7157106, 28.164077900000017 ], [ -125.7208185, 28.135023 ], [ -125.77569185000003, 28.1136814 ], [ -125.780726600000023, 28.14086975 ], [ -125.806078150000019, 28.1567188 ], [ -125.794459900000021, 28.172363799999971 ], [ -125.86583505000003, 28.18918445 ], [ -125.856917400000029, 28.199345299999969 ], [ -125.8984575, 28.213755500000033 ], [ -125.89476955, 28.227352649999968 ], [ -125.9901162, 28.2353736 ] ] ], [ [ [ -128.508163200000013, 27.881508899999965 ], [ -128.467200600000012, 27.894065499999964 ], [ -128.439402200000018, 27.890231949999983 ], [ -128.47350445, 27.88166605 ], [ -128.508163200000013, 27.881508899999965 ] ] ], [ [ [ -125.77502125, 28.720231749999964 ], [ -125.759547750000038, 28.735146649999972 ], [ -125.737245050000013, 28.720232100000015 ], [ -125.77502125, 28.720231749999964 ] ] ], [ [ [ -127.038152, 28.43731695000001 ], [ -127.0261001, 28.44406005 ], [ -127.002419100000012, 28.436049249999968 ], [ -127.038152, 28.43731695000001 ] ] ], [ [ [ -127.062400350000033, 28.47267955 ], [ -127.08657065, 28.468671700000012 ], [ -127.0865976, 28.47267885 ], [ -127.062400350000033, 28.47267955 ] ] ], [ [ [ -128.93450415, 27.920113200000053 ], [ -128.89949015000002, 27.93158865 ], [ -128.86617365, 27.917865149999972 ], [ -128.90146625, 27.901570199999941 ], [ -128.93450415, 27.920113200000053 ] ] ], [ [ [ -127.641400100000013, 28.5795923 ], [ -127.5388809, 28.616253400000012 ], [ -127.548617200000024, 28.6080354 ], [ -127.50265975, 28.622794550000048 ], [ -127.509682149999989, 28.61083785 ], [ -127.496419250000017, 28.6070162 ], [ -127.48706725000001, 28.609397599999973 ], [ -127.484332, 28.6172075 ], [ -127.470650150000012, 28.61937120000005 ], [ -127.467973350000022, 28.62104175000005 ], [ -127.46707035, 28.6219906 ], [ -127.48168495, 28.625528049999978 ], [ -127.34361415, 28.665400399999967 ], [ -127.31415185, 28.643092100000032 ], [ -127.194941850000035, 28.667724399999983 ], [ -127.248152, 28.693348600000014 ], [ -126.8564278, 28.8089305 ], [ -126.350811150000027, 28.902592949999963 ], [ -126.3385804, 28.903666399999981 ], [ -126.33856045, 28.866713400000013 ], [ -126.3116276, 28.866711650000028 ], [ -126.31161955, 28.745480399999973 ], [ -126.28546685, 28.7454811 ], [ -126.2854532, 28.624245300000013 ], [ -126.380435850000026, 28.6242439 ], [ -126.362087800000012, 28.611116099999943 ], [ -126.46525275, 28.588137199999981 ], [ -126.53985315, 28.621024250000026 ], [ -126.54961955, 28.640011049999966 ], [ -126.622167900000036, 28.617961050000019 ], [ -126.666960550000013, 28.62401010000001 ], [ -126.696505100000024, 28.614593 ], [ -126.6774084, 28.578992400000033 ], [ -126.7883094, 28.556241 ], [ -126.825348500000018, 28.498422049999988 ], [ -126.89286805, 28.515175500000034 ], [ -126.98967385, 28.503455750000011 ], [ -126.9956781, 28.528342150000022 ], [ -126.965884350000024, 28.544591599999983 ], [ -126.976883799999982, 28.55140225 ], [ -127.132169, 28.543163600000046 ], [ -127.17130145000003, 28.562498649999984 ], [ -127.2730496, 28.550409649999985 ], [ -127.35164175, 28.51671095 ], [ -127.444242300000013, 28.552750800000055 ], [ -127.49100335, 28.522402649999986 ], [ -127.62439255, 28.551946149999981 ], [ -127.641400100000013, 28.5795923 ] ] ], [ [ [ -127.925677100000016, 28.618438100000059 ], [ -127.91627155, 28.609072099999977 ], [ -127.934061699999987, 28.6154092 ], [ -127.925677100000016, 28.618438100000059 ] ] ], [ [ [ -126.362131200000022, 29.3027224 ], [ -126.372470200000024, 29.298259549999958 ], [ -126.404111600000036, 29.309079800000013 ], [ -126.39252135000001, 29.31395880000002 ], [ -126.362131200000022, 29.3027224 ] ] ], [ [ [ -127.187689850000012, 29.521810150000043 ], [ -127.0175132, 29.553085100000022 ], [ -127.013261050000011, 29.538173350000015 ], [ -126.97193165000003, 29.533150499999984 ], [ -126.937411849999989, 29.550190599999983 ], [ -126.853572500000013, 29.54257460000002 ], [ -126.7528215, 29.4898149 ], [ -126.8125035, 29.433830650000012 ], [ -126.8316254, 29.434967799999956 ], [ -126.99944795, 29.4995883 ], [ -127.187689850000012, 29.521810150000043 ] ] ], [ [ [ -122.82285525, 25.773958 ], [ -122.6096202, 25.777494399999988 ], [ -122.564366600000014, 25.7565259 ], [ -122.54437635, 25.75828779999998 ], [ -122.57203825000002, 25.78073994999998 ], [ -122.67755065, 25.80564875 ], [ -122.6761132, 25.832996700000045 ], [ -122.604183300000031, 25.865019250000024 ], [ -122.549903550000025, 25.840832149999986 ], [ -122.541794050000036, 25.796950549999984 ], [ -122.52442775, 25.767944299999986 ], [ -122.5316633, 25.801324149999985 ], [ -122.49873145, 25.791994199999984 ], [ -122.526831900000033, 25.80744145 ], [ -122.52109015000002, 25.821003599999958 ], [ -122.458378200000013, 25.801799800000019 ], [ -122.511063350000015, 25.8264853 ], [ -122.5173196, 25.844818650000015 ], [ -122.42204995, 25.82688885 ], [ -122.4288228, 25.806715549999986 ], [ -122.41736065, 25.796416450000017 ], [ -122.41281415, 25.796300599999974 ], [ -122.410055100000037, 25.8328511 ], [ -122.432290950000024, 25.863275899999987 ], [ -122.407520749999989, 25.8572097 ], [ -122.383540150000016, 25.8430844 ], [ -122.3650388, 25.83569695000001 ], [ -122.364015400000014, 25.83814485 ], [ -122.456600900000012, 25.89539015 ], [ -122.5104897, 25.903547949999982 ], [ -122.341785500000029, 26.022916500000033 ], [ -122.319193, 26.007824499999973 ], [ -122.27153245, 25.99864505 ], [ -122.289095800000013, 26.01419660000003 ], [ -122.253801100000018, 26.019952 ], [ -122.310716699999986, 26.042519649999964 ], [ -122.265554800000018, 26.0353051 ], [ -122.27006980000003, 26.052549599999967 ], [ -122.23992290000001, 26.058893349999977 ], [ -122.229505500000016, 26.0772645 ], [ -121.98678505, 26.01554795 ], [ -121.990222749999987, 25.980076500000017 ], [ -122.027679050000017, 25.95443515 ], [ -122.2458204, 25.919491149999981 ], [ -122.26697860000003, 25.90659155 ], [ -122.25424630000002, 25.895207799999984 ], [ -122.32639915, 25.881238949999982 ], [ -122.280263200000022, 25.85788695 ], [ -122.346848600000015, 25.83137795 ], [ -122.323316700000021, 25.782417150000018 ], [ -122.2368744, 25.8155107 ], [ -122.25959955, 25.834868150000016 ], [ -122.235963, 25.858186200000048 ], [ -122.212774450000026, 25.830084700000057 ], [ -122.22515150000001, 25.812953599999968 ], [ -122.182173600000013, 25.811124849999988 ], [ -122.1895124, 25.835393849999978 ], [ -122.114208150000039, 25.8390902 ], [ -122.19501825, 25.7936231 ], [ -122.16855475, 25.793928300000037 ], [ -122.18194435, 25.7889597 ], [ -122.18422775, 25.7777093 ], [ -122.1840468, 25.777180099999974 ], [ -122.1839012, 25.77698375 ], [ -122.183747200000013, 25.776850399999983 ], [ -122.179412800000037, 25.774184099999971 ], [ -122.138694500000028, 25.790682750000023 ], [ -122.152202400000036, 25.7575136 ], [ -122.114842700000011, 25.7717852 ], [ -122.05447995, 25.767060900000011 ], [ -122.103939850000017, 25.730910800000022 ], [ -122.1115471, 25.701098849999976 ], [ -122.16912139999998, 25.697299249999979 ], [ -122.2618875, 25.7286106 ], [ -122.335904099999979, 25.733111249999965 ], [ -122.31108315, 25.719725150000073 ], [ -122.3591497, 25.71606415000003 ], [ -122.347844350000017, 25.7123636 ], [ -122.36935535, 25.69966455000003 ], [ -122.286019650000028, 25.71508765 ], [ -122.219252600000019, 25.692021950000015 ], [ -122.211596, 25.67568955 ], [ -122.24649625, 25.64708125 ], [ -122.261245250000016, 25.6594765 ], [ -122.286447, 25.6429663 ], [ -122.320378100000042, 25.6620504 ], [ -122.302781850000017, 25.670867250000018 ], [ -122.306959450000022, 25.674104750000026 ], [ -122.384668550000015, 25.658896200000012 ], [ -122.4048786, 25.676451849999989 ], [ -122.422489550000023, 25.657055199999963 ], [ -122.355481, 25.65540845 ], [ -122.33998195, 25.649181249999977 ], [ -122.3364613, 25.64412445 ], [ -122.329541450000036, 25.641150499999981 ], [ -122.3294725, 25.63987545 ], [ -122.44350249999998, 25.6240229 ], [ -122.507737650000038, 25.58937675000001 ], [ -122.515701200000038, 25.6120291 ], [ -122.542636500000015, 25.611223750000015 ], [ -122.521711050000036, 25.609540599999988 ], [ -122.52370955, 25.5731525 ], [ -122.583185750000013, 25.581997349999984 ], [ -122.61702725, 25.567571050000012 ], [ -122.55864725, 25.569341 ], [ -122.561457049999987, 25.55432005 ], [ -122.571694550000032, 25.5585106 ], [ -122.59099425, 25.5496066 ], [ -122.53920930000001, 25.550086450000013 ], [ -122.560392700000023, 25.5267558 ], [ -122.5840863, 25.52585 ], [ -122.59117590000001, 25.540761750000026 ], [ -122.593825050000021, 25.51789275000003 ], [ -122.620896150000036, 25.50914905 ], [ -122.592166749999976, 25.501329 ], [ -122.642666500000033, 25.493193950000016 ], [ -122.691317200000015, 25.460385650000021 ], [ -122.71832215, 25.467511300000012 ], [ -122.71632015, 25.4684507 ], [ -122.707589050000038, 25.485311949999986 ], [ -122.71045205, 25.4869545 ], [ -122.71887515, 25.467451100000019 ], [ -122.74871475, 25.4602201 ], [ -122.726154450000024, 25.4949891 ], [ -122.61670525, 25.548135200000019 ], [ -122.650471500000023, 25.536539 ], [ -122.63761425, 25.554796750000019 ], [ -122.64797285, 25.56354989999998 ], [ -122.659785, 25.538149 ], [ -122.690601800000024, 25.5358642 ], [ -122.67233775, 25.572085700000024 ], [ -122.608460300000019, 25.598414799999961 ], [ -122.631652, 25.60551 ], [ -122.7331254, 25.5383877 ], [ -122.74915015000002, 25.5488114 ], [ -122.7336784, 25.56186675 ], [ -122.73898405, 25.5688384 ], [ -122.68565805, 25.592336350000039 ], [ -122.77969815, 25.607125250000024 ], [ -122.86335025, 25.594525599999962 ], [ -122.865021500000012, 25.575510450000046 ], [ -122.83286595, 25.567374 ], [ -122.8025829, 25.589641350000022 ], [ -122.733906600000012, 25.5924179 ], [ -122.74141935, 25.559679599999956 ], [ -122.763831950000011, 25.547326699999964 ], [ -122.754579, 25.52438175 ], [ -122.7906605, 25.51648505 ], [ -122.80047905, 25.5041563 ], [ -122.79892365, 25.517920399999984 ], [ -122.8073121, 25.52036095 ], [ -122.80449775, 25.511909150000033 ], [ -122.8041285, 25.504188149999976 ], [ -122.804916350000013, 25.49701735 ], [ -122.779411500000023, 25.50749005 ], [ -122.80749305, 25.494732549999938 ], [ -122.8077629, 25.51962665 ], [ -122.823971050000026, 25.5282622 ], [ -122.79568615, 25.533820899999981 ], [ -122.8830906, 25.54740265 ], [ -122.8821701, 25.618402249999956 ], [ -122.916660150000013, 25.644873450000052 ], [ -122.977018350000023, 25.6504542 ], [ -122.95945465, 25.662218750000036 ], [ -122.9796507, 25.6715039 ], [ -122.9434068, 25.66951520000001 ], [ -122.947358300000019, 25.68244735 ], [ -122.95297930000001, 25.67587015 ], [ -122.95981795, 25.674231449999986 ], [ -122.943355350000019, 25.69048265 ], [ -122.952112700000029, 25.69817215 ], [ -122.9206918, 25.727271149999982 ], [ -122.82285525, 25.773958 ] ] ], [ [ [ -122.180926550000024, 25.872426300000015 ], [ -122.1470028, 25.890355050000018 ], [ -122.1413335, 25.874570049999985 ], [ -122.112754600000031, 25.870447400000035 ], [ -122.126899150000014, 25.859412249999984 ], [ -122.180926550000024, 25.872426300000015 ] ] ], [ [ [ -124.218384700000016, 25.31229085 ], [ -124.29190220000001, 25.29505265 ], [ -124.298545900000036, 25.297499150000029 ], [ -124.264853150000036, 25.319472499999982 ], [ -124.218384700000016, 25.31229085 ] ] ], [ [ [ -124.39714405, 25.299192800000025 ], [ -124.35552275, 25.290822899999974 ], [ -124.334045350000011, 25.294220699999958 ], [ -124.36728135, 25.275911500000017 ], [ -124.39714405, 25.299192800000025 ] ] ], [ [ [ -124.3380028, 25.545548 ], [ -124.284479400000023, 25.550033249999981 ], [ -124.2843618, 25.509567650000026 ], [ -124.33811305, 25.50956695 ], [ -124.336905200000018, 25.52934370000002 ], [ -124.34945445, 25.530344 ], [ -124.3380028, 25.545548 ] ] ], [ [ [ -123.98710015, 25.764890550000015 ], [ -123.9305741, 25.753855750000014 ], [ -123.9493761, 25.74374004999996 ], [ -123.950149250000024, 25.717983549999964 ], [ -123.890870800000016, 25.7205599 ], [ -123.904511, 25.7429739 ], [ -123.858104500000024, 25.745910049999988 ], [ -123.85531325, 25.757483499999985 ], [ -123.74854785, 25.750301149999984 ], [ -123.7996769, 25.746127399999967 ], [ -123.789329150000029, 25.736103750000016 ], [ -123.8125387, 25.71736790000001 ], [ -123.807274350000014, 25.706310700000021 ], [ -123.856585850000016, 25.698592150000039 ], [ -123.87751585, 25.71534034999998 ], [ -123.8736543, 25.701930100000027 ], [ -123.899378949999985, 25.696451200000016 ], [ -123.93251345000003, 25.702712700000021 ], [ -123.9171404, 25.71760065 ], [ -123.95377455, 25.7158902 ], [ -123.9787355, 25.724935950000024 ], [ -123.987459250000015, 25.747092 ], [ -124.009021350000012, 25.746030450000028 ], [ -123.98710015, 25.764890550000015 ] ] ], [ [ [ -123.918159950000032, 25.985806 ], [ -123.841761600000012, 25.981794650000019 ], [ -123.841720300000034, 25.966648399999983 ], [ -123.945490750000019, 25.953972449999984 ], [ -123.9461722, 26.01337865 ], [ -123.92786895, 26.013395800000012 ], [ -123.918159950000032, 25.985806 ] ] ], [ [ [ -123.772627150000019, 26.148439450000023 ], [ -123.749907600000043, 26.2040282 ], [ -123.667530200000016, 26.19834945 ], [ -123.67106485, 26.155552850000021 ], [ -123.545389300000011, 26.209777300000042 ], [ -123.510611200000028, 26.209789900000011 ], [ -123.51060525, 26.115580399999956 ], [ -123.838633650000034, 26.115648300000018 ], [ -123.772627150000019, 26.148439450000023 ] ] ], [ [ [ -122.9946146, 26.402291300000027 ], [ -122.802294150000023, 26.401511849999956 ], [ -122.84420980000003, 26.401508699999976 ], [ -122.844204550000015, 26.340833400000026 ], [ -122.962101350000012, 26.340831299999977 ], [ -122.962091900000019, 26.28015565 ], [ -122.943286750000041, 26.28015565 ], [ -122.94328185000002, 26.248043499999959 ], [ -123.06281665, 26.29489975 ], [ -123.08280375, 26.283579349999986 ], [ -123.066019150000017, 26.26060675 ], [ -123.092917, 26.244919050000014 ], [ -123.233197350000012, 26.266171399999987 ], [ -123.33778435, 26.2551667 ], [ -123.34369095, 26.26881915 ], [ -123.290528750000021, 26.28067260000002 ], [ -123.28407125, 26.31015835 ], [ -123.34369725, 26.308076200000041 ], [ -123.40051170000001, 26.348169050000013 ], [ -123.4358974, 26.35364935 ], [ -123.382243100000025, 26.355877800000034 ], [ -123.3667675, 26.376623349999988 ], [ -123.33830445000001, 26.36190025 ], [ -123.25335560000002, 26.35962245 ], [ -123.130807300000029, 26.396212500000022 ], [ -122.9946146, 26.402291300000027 ] ] ], [ [ [ -123.73026560000001, 26.261727100000023 ], [ -123.722155400000034, 26.289836300000019 ], [ -123.6964486, 26.29291525 ], [ -123.710302650000031, 26.25141225 ], [ -123.73026560000001, 26.261727100000023 ] ] ], [ [ [ -122.838433750000021, 26.524170399999985 ], [ -122.832188, 26.551550549999977 ], [ -122.791535500000023, 26.594268749999987 ], [ -122.6885011, 26.57033365000002 ], [ -122.66911075000003, 26.590129300000012 ], [ -122.579939850000031, 26.580001 ], [ -122.579943, 26.536376650000012 ], [ -122.629203750000016, 26.533799600000012 ], [ -122.664419350000017, 26.508854050000025 ], [ -122.69073585000001, 26.5090903 ], [ -122.657595050000012, 26.528299 ], [ -122.723618350000024, 26.514453 ], [ -122.7733348, 26.513994849999971 ], [ -122.78842925, 26.526112199999965 ], [ -122.773347750000013, 26.531482600000018 ], [ -122.838433750000021, 26.524170399999985 ] ] ], [ [ [ -122.83860420000002, 26.658614149999973 ], [ -122.785558200000011, 26.67757294999997 ], [ -122.779060100000024, 26.668751199999971 ], [ -122.81305140000002, 26.6436534 ], [ -122.842186450000028, 26.643631349999975 ], [ -122.83860420000002, 26.658614149999973 ] ] ], [ [ [ -119.712772750000013, 29.4714714 ], [ -119.66914035, 29.48872395 ], [ -119.68122655, 29.504649299999969 ], [ -119.668216350000023, 29.505502250000035 ], [ -119.671132550000024, 29.52350239999998 ], [ -119.589672150000013, 29.54696255 ], [ -119.578232750000012, 29.5598814 ], [ -119.600776600000017, 29.564571400000013 ], [ -119.595575600000018, 29.57500035000001 ], [ -118.15031535, 29.574426 ], [ -118.150340200000016, 29.465141650000028 ], [ -118.296988100000021, 29.462995800000055 ], [ -118.47075225, 29.4129948 ], [ -118.59226035, 29.341631549999974 ], [ -118.634564500000025, 29.2908154 ], [ -118.708316850000017, 29.24660864999997 ], [ -118.71487445, 29.26025165 ], [ -118.692115700000016, 29.2713211 ], [ -118.7064048, 29.277843700000023 ], [ -118.6803774, 29.297896950000023 ], [ -118.693774, 29.319268649999977 ], [ -118.820930400000023, 29.366344 ], [ -118.905689899999985, 29.345761549999963 ], [ -118.94488885, 29.386480550000012 ], [ -118.949565549999974, 29.391271350000022 ], [ -118.950657550000017, 29.3920529 ], [ -118.966564, 29.367497250000014 ], [ -119.10973465, 29.305088400000024 ], [ -119.22440165, 29.2821445 ], [ -119.228404250000011, 29.26431165 ], [ -119.268005, 29.240815449999982 ], [ -119.264291500000027, 29.211117249999962 ], [ -119.2846251, 29.199889600000017 ], [ -119.253130350000021, 29.173629799999961 ], [ -119.26701905000003, 29.164701649999966 ], [ -119.2518063, 29.149322649999984 ], [ -119.267512199999985, 29.14055935 ], [ -119.2517762, 29.128030049999978 ], [ -119.276681150000016, 29.103569249999982 ], [ -119.26686505, 29.0843273 ], [ -119.28948170000001, 29.067608849999989 ], [ -119.2798406, 29.041003599999986 ], [ -119.299498350000022, 29.035998250000034 ], [ -119.2921816, 29.021157900000016 ], [ -119.338012700000021, 29.015485800000015 ], [ -119.3308055, 28.999685049999989 ], [ -119.345315450000015, 28.997790499999976 ], [ -119.33215755, 28.99436295 ], [ -119.39007555, 28.958236300000014 ], [ -119.425059800000014, 28.954290749999981 ], [ -119.407780650000021, 28.946632050000026 ], [ -119.481192450000023, 28.94916324999998 ], [ -119.469768450000018, 28.938243249999982 ], [ -119.499756450000021, 28.942737250000036 ], [ -119.526867800000034, 28.92573565 ], [ -119.492671050000027, 28.916521549999985 ], [ -119.503808050000018, 28.903612500000037 ], [ -119.439455300000034, 28.90208685 ], [ -119.35364090000003, 28.865029900000017 ], [ -119.26903015, 28.861304849999986 ], [ -119.2265923, 28.87953775 ], [ -119.132345700000016, 28.85788255 ], [ -119.188809100000014, 28.848722699999964 ], [ -119.193233450000022, 28.814811550000037 ], [ -119.257066100000017, 28.8094576 ], [ -119.2510307, 28.76779535 ], [ -119.212490800000026, 28.767634699999984 ], [ -119.21252475, 28.682016300000019 ], [ -119.1861778, 28.6679841 ], [ -118.772009149999988, 28.66942330000003 ], [ -118.7719325, 28.72809240000003 ], [ -118.55014414999998, 28.728200899999976 ], [ -118.540689600000022, 28.74426135000002 ], [ -118.493080850000013, 28.72640925 ], [ -118.401480250000034, 28.734755699999983 ], [ -118.39225495, 28.749969500000013 ], [ -118.256191750000013, 28.698093899999975 ], [ -118.150464100000036, 28.68838245000002 ], [ -118.1505222, 27.443525549999972 ], [ -118.282576500000019, 27.453734350000012 ], [ -118.33731370000001, 27.4777188 ], [ -118.544043300000013, 27.4786946 ], [ -118.544145850000021, 27.509017199999985 ], [ -118.60974425, 27.509017549999989 ], [ -118.59232405, 27.5390955 ], [ -118.604863149999986, 27.550206599999989 ], [ -118.554183500000022, 27.602872500000053 ], [ -118.54735675000002, 27.634220250000034 ], [ -118.572060800000017, 27.669184900000058 ], [ -118.6172262, 27.646265499999963 ], [ -118.776568950000012, 27.667281600000024 ], [ -118.832997700000021, 27.6934469 ], [ -118.8554327, 27.723999800000012 ], [ -118.947318200000012, 27.69242315 ], [ -118.896317950000025, 27.6909423 ], [ -118.884606600000012, 27.652761850000015 ], [ -118.85064295, 27.64846805 ], [ -118.872474549999978, 27.616245649999978 ], [ -118.9228406, 27.58889490000001 ], [ -118.853126200000034, 27.568341849999964 ], [ -118.9108153, 27.528286100000038 ], [ -118.858429050000012, 27.507394250000011 ], [ -118.867339, 27.4888502 ], [ -118.765027349999983, 27.450692149999973 ], [ -118.801600950000037, 27.4400133 ], [ -118.81521035, 27.417117700000023 ], [ -118.90134710000001, 27.429651899999989 ], [ -118.89525255, 27.442320850000012 ], [ -118.93678915000001, 27.4575126 ], [ -118.936758700000027, 27.480123649999967 ], [ -118.996891150000025, 27.472441850000042 ], [ -119.194209600000036, 27.545893549999988 ], [ -119.390394050000012, 27.520027499999973 ], [ -119.624577649999978, 27.4078182 ], [ -119.665390800000011, 27.403554850000013 ], [ -119.69062685, 27.37860965 ], [ -119.6940663, 27.3926345 ], [ -119.71689120000002, 27.3514885 ], [ -119.69627655, 27.345619350000039 ], [ -119.688009550000018, 27.334126049999988 ], [ -119.702416249999985, 27.329340500000022 ], [ -119.65457615000004, 27.287414 ], [ -119.5856153, 27.336763300000033 ], [ -119.4692109, 27.325138049999968 ], [ -119.4423491, 27.342717499999978 ], [ -119.4483292, 27.3459074 ], [ -119.45894995, 27.358929849999971 ], [ -119.458280050000013, 27.360855550000018 ], [ -119.4349977, 27.347245799999971 ], [ -119.4383059, 27.361019700000011 ], [ -119.426783200000031, 27.347238449999985 ], [ -119.41387835, 27.355006349999954 ], [ -119.425789199999983, 27.345496499999946 ], [ -119.41654255, 27.3421127 ], [ -119.299233750000013, 27.348146 ], [ -119.2828786, 27.336631 ], [ -119.301874150000017, 27.34386375 ], [ -119.2929103, 27.333921300000011 ], [ -119.31300765, 27.33113495 ], [ -119.250474200000028, 27.305617499999968 ], [ -119.324250700000036, 27.28125715 ], [ -119.279343949999983, 27.289094700000017 ], [ -119.268743499999985, 27.289904950000054 ], [ -119.248071800000019, 27.2876716 ], [ -119.295810750000015, 27.261126199999968 ], [ -119.25759285, 27.269172 ], [ -119.241632850000016, 27.250279700000011 ], [ -119.19350645, 27.26210515 ], [ -119.1981737, 27.2508362 ], [ -119.16160815, 27.24344105 ], [ -119.14728125000002, 27.276467749999977 ], [ -118.991167600000026, 27.2038466 ], [ -118.9303061, 27.21288815 ], [ -118.834250700000013, 27.199180400000049 ], [ -118.803750650000026, 27.2125 ], [ -118.686527250000026, 27.20394565 ], [ -118.67318, 27.207757499999971 ], [ -118.700251449999982, 27.2105365 ], [ -118.691663150000011, 27.217347149999984 ], [ -118.663905, 27.205056900000017 ], [ -118.633127750000028, 27.239430750000029 ], [ -118.60247055, 27.2421135 ], [ -118.42848905, 27.20797975 ], [ -118.419187450000024, 27.19337285 ], [ -118.410675450000028, 27.200578650000033 ], [ -118.428752950000018, 27.21049415 ], [ -118.38949485, 27.205754449999958 ], [ -118.398253250000025, 27.216376950000019 ], [ -118.27042205, 27.203535799999987 ], [ -118.15056875, 27.210991500000016 ], [ -118.15064155, 26.737090449999982 ], [ -118.2247054, 26.737086600000012 ], [ -118.224707850000016, 26.7523438 ], [ -118.42671035, 26.752333300000025 ], [ -118.4269102, 26.783062600000033 ], [ -118.488090200000016, 26.782661850000014 ], [ -118.488097550000035, 26.81299355 ], [ -118.794971599999982, 26.81297885 ], [ -118.794983500000015, 26.872121849999989 ], [ -118.992851800000011, 26.866229949999948 ], [ -118.9976979, 26.902456 ], [ -119.10102, 26.902452499999974 ], [ -119.101025250000021, 26.963114150000024 ], [ -119.349130450000018, 26.963108549999976 ], [ -119.345747, 27.023770900000024 ], [ -119.505216800000014, 27.023766699999978 ], [ -119.527188400000014, 27.005769 ], [ -119.516976450000016, 26.993920800000012 ], [ -119.5379768, 26.992849449999973 ], [ -119.51887975, 26.99296565 ], [ -119.511286500000011, 26.996063149999987 ], [ -119.50822575, 26.994474149999981 ], [ -119.48331905000002, 26.956845300000026 ], [ -119.495830500000011, 26.95005985 ], [ -119.5201674, 26.960900049999989 ], [ -119.5333526, 26.962306 ], [ -119.549560400000033, 26.961557700000032 ], [ -119.47871095, 26.945028599999969 ], [ -119.3752954, 26.88028419999997 ], [ -119.4230641, 26.8458232 ], [ -119.41241885, 26.834910900000018 ], [ -119.46115425, 26.8348759 ], [ -119.48379995, 26.784054499999975 ], [ -119.56910160000001, 26.75583155 ], [ -119.6801951, 26.7467991 ], [ -119.8080438, 26.766696949999972 ], [ -119.886384299999989, 26.762100750000023 ], [ -119.843343050000016, 26.779232550000032 ], [ -119.82407765, 26.800910150000043 ], [ -119.93952305, 26.765198249999983 ], [ -120.025285300000021, 26.756641449999979 ], [ -120.028240700000012, 26.749249799999969 ], [ -120.018997200000015, 26.741729 ], [ -119.944375100000016, 26.751132450000018 ], [ -119.928199850000013, 26.731852699999983 ], [ -120.125747900000022, 26.682231800000018 ], [ -120.145495600000018, 26.69745365 ], [ -120.09864145, 26.722764249999983 ], [ -120.1310091, 26.715103449999976 ], [ -120.156066650000014, 26.733873950000014 ], [ -120.117918050000014, 26.767746599999974 ], [ -120.02507985, 26.765849600000024 ], [ -119.8278013, 26.809361600000031 ], [ -119.902474150000032, 26.815474349999974 ], [ -119.89995625, 26.834809400000026 ], [ -119.988756850000016, 26.817635950000039 ], [ -119.994695650000011, 26.82744084999997 ], [ -119.948230350000017, 26.84875445 ], [ -119.97097125, 26.8573795 ], [ -119.969931750000015, 26.86062785 ], [ -119.9640584, 26.861974299999975 ], [ -119.961532449999979, 26.865771800000029 ], [ -120.008938200000017, 26.850882800000051 ], [ -119.995264400000011, 26.872539399999983 ], [ -120.072832450000035, 26.834373300000021 ], [ -120.1286431, 26.8398921 ], [ -120.1454683, 26.860141699999961 ], [ -120.082933800000021, 26.855859800000029 ], [ -120.072886350000019, 26.858245749999984 ], [ -120.09299245, 26.869586449999961 ], [ -120.0511608, 26.8633596 ], [ -119.96480075, 26.886685 ], [ -119.986244200000016, 26.89455195 ], [ -119.9176869, 26.889016699999981 ], [ -119.9781774, 26.908438549999989 ], [ -120.023878649999986, 26.886235600000013 ], [ -120.096010850000042, 26.88329385 ], [ -120.100264050000035, 26.89806665 ], [ -120.087060300000033, 26.896302299999977 ], [ -120.082532350000022, 26.897189899999972 ], [ -120.083682450000026, 26.900860699999985 ], [ -120.1053982, 26.89851675000002 ], [ -120.12359330000001, 26.8865009 ], [ -120.115264700000026, 26.903627799999981 ], [ -120.139848350000037, 26.902616649999974 ], [ -120.16562865, 26.935143550000028 ], [ -120.120302949999981, 26.923159549999976 ], [ -120.094611199999989, 26.927915699999982 ], [ -120.142544750000027, 26.93289655 ], [ -120.152901250000028, 26.94088565 ], [ -120.128516400000038, 26.966946299999979 ], [ -120.17760005, 26.974040099999989 ], [ -120.208980700000026, 26.93642 ], [ -120.269375300000021, 26.930405949999969 ], [ -120.189565500000029, 26.74151935 ], [ -120.32481635000002, 26.72027855 ], [ -120.47250445, 26.753135499999985 ], [ -120.446994, 26.80335385 ], [ -120.521608400000019, 26.768926799999985 ], [ -120.586485449999984, 26.7759002 ], [ -120.585842150000019, 26.746407100000024 ], [ -120.67647045, 26.70388805000001 ], [ -120.675326299999981, 26.690937699999981 ], [ -120.56121545000002, 26.638848949999968 ], [ -120.640656700000036, 26.588206749999966 ], [ -120.71030285, 26.60970235 ], [ -120.701559849999981, 26.647160049999986 ], [ -120.71558015, 26.656600949999966 ], [ -120.7404865, 26.610496150000021 ], [ -120.7560006, 26.609850049999981 ], [ -120.739072850000028, 26.602781099999973 ], [ -120.755414700000017, 26.580034950000016 ], [ -120.79143495, 26.611272100000011 ], [ -120.79383665, 26.584417299999966 ], [ -120.821565750000033, 26.570453699999966 ], [ -120.8649766, 26.585202700000018 ], [ -120.89369165, 26.572917 ], [ -120.923491700000014, 26.590346300000057 ], [ -120.993723400000036, 26.587718850000016 ], [ -120.9627316, 26.613528550000023 ], [ -120.97566235, 26.618722549999966 ], [ -121.02289135, 26.602558500000018 ], [ -121.04479085, 26.555292050000013 ], [ -121.08461875, 26.5422731 ], [ -121.09293825, 26.552975049999976 ], [ -121.050174200000029, 26.58675005 ], [ -121.063250900000014, 26.590893699999985 ], [ -121.05059035, 26.6049182 ], [ -121.0673347, 26.602582649999977 ], [ -121.076479150000011, 26.6403165 ], [ -121.0939739, 26.643230600000017 ], [ -121.10581160000001, 26.61249744999996 ], [ -121.08536005000002, 26.5943496 ], [ -121.111767550000025, 26.5715072 ], [ -121.14680815, 26.566986249999971 ], [ -121.168575, 26.536926149999982 ], [ -121.156600099999977, 26.518441249999988 ], [ -121.1255796, 26.52207145 ], [ -121.133774850000023, 26.497042249999978 ], [ -121.17482705, 26.508729450000011 ], [ -121.191524850000022, 26.583165699999984 ], [ -121.2124986, 26.5797357 ], [ -121.19995775000001, 26.570769750000022 ], [ -121.2120835, 26.53821625 ], [ -121.231020950000016, 26.548004 ], [ -121.252641150000017, 26.5495944 ], [ -121.262887400000025, 26.543681150000022 ], [ -121.23570185, 26.541562250000023 ], [ -121.21527655, 26.507471900000038 ], [ -121.160582750000017, 26.478499250000038 ], [ -121.1743899, 26.4616422 ], [ -121.218126250000012, 26.464580449999985 ], [ -121.247453800000031, 26.506086249999974 ], [ -121.322363250000038, 26.541145049999926 ], [ -121.327166300000016, 26.51594365 ], [ -121.275508050000013, 26.504798599999969 ], [ -121.280024800000021, 26.48007985 ], [ -121.304402650000029, 26.48153445 ], [ -121.312446, 26.464566100000038 ], [ -121.347502350000028, 26.4928328 ], [ -121.33441795, 26.4647383 ], [ -121.347970300000014, 26.4700646 ], [ -121.35690685, 26.46796915 ], [ -121.358404849999985, 26.466563900000011 ], [ -121.32939755000001, 26.452371749999958 ], [ -121.373316949999989, 26.452926850000019 ], [ -121.361210800000023, 26.438485850000056 ], [ -121.39284835, 26.436743549999989 ], [ -121.387830050000019, 26.41987145 ], [ -121.441355550000026, 26.411410199999985 ], [ -121.41132765, 26.427263100000033 ], [ -121.423255650000016, 26.435678850000013 ], [ -121.401662050000013, 26.428242399999984 ], [ -121.422559150000012, 26.43778829999998 ], [ -121.401011050000037, 26.4533388 ], [ -121.410876850000022, 26.457597949999968 ], [ -121.3918064, 26.470188149999981 ], [ -121.3995666, 26.474971599999968 ], [ -121.37706580000004, 26.500102299999977 ], [ -121.38189265, 26.510512 ], [ -121.4296568, 26.452251349999976 ], [ -121.4491483, 26.453873950000041 ], [ -121.46695735, 26.41093420000006 ], [ -121.482945, 26.415528650000024 ], [ -121.470480100000017, 26.4208378 ], [ -121.467131649999985, 26.43504745 ], [ -121.4788374, 26.423304599999973 ], [ -121.499632650000038, 26.435390450000011 ], [ -121.473709900000017, 26.4614021 ], [ -121.53025205, 26.441901150000025 ], [ -121.502860700000028, 26.41595565 ], [ -121.53078335, 26.414270049999985 ], [ -121.503641550000012, 26.405634150000012 ], [ -121.606807550000028, 26.372844399999988 ], [ -121.593762700000013, 26.3716285 ], [ -121.6206945, 26.3547991 ], [ -121.610637600000032, 26.342410499999982 ], [ -121.64968325000001, 26.327608650000034 ], [ -121.6375631, 26.318943350000016 ], [ -121.656310850000011, 26.3263658 ], [ -121.638931949999986, 26.347166299999973 ], [ -121.6618377, 26.346825749999983 ], [ -121.6607464, 26.363906099999976 ], [ -121.692908950000017, 26.3240369 ], [ -121.738330550000015, 26.320714 ], [ -121.75577770000001, 26.3355484 ], [ -121.757312450000029, 26.323575599999987 ], [ -121.8045362, 26.34548909999998 ], [ -121.79603680000001, 26.33715525 ], [ -121.821724700000019, 26.33188985 ], [ -121.812009750000016, 26.321912750000021 ], [ -121.87136240000001, 26.315727549999977 ], [ -121.8503435, 26.31091015 ], [ -121.857223800000028, 26.30671155 ], [ -121.91030375000004, 26.305196049999985 ], [ -121.9157004, 26.3254621 ], [ -121.89628345, 26.320774199999956 ], [ -121.8968088, 26.3284028 ], [ -121.916239050000016, 26.328477350000021 ], [ -121.938275050000016, 26.320989450000013 ], [ -121.992718950000011, 26.339212549999974 ], [ -121.996881850000037, 26.35945550000001 ], [ -121.96164875, 26.379789100000018 ], [ -121.960769900000017, 26.39861735 ], [ -121.7163537, 26.46386505000001 ], [ -121.71847295, 26.477588199999989 ], [ -121.6402329, 26.521229699999967 ], [ -121.792237200000017, 26.476907100000027 ], [ -121.794046700000038, 26.45966855 ], [ -121.88784425, 26.480857200000013 ], [ -121.95351055, 26.518762550000066 ], [ -121.895844900000014, 26.611659899999985 ], [ -121.796890800000028, 26.675271699999985 ], [ -121.7823658, 26.7275911 ], [ -121.75380475, 26.737332649999988 ], [ -121.7440674, 26.792253250000059 ], [ -121.793333750000016, 26.8522513 ], [ -121.661311650000016, 26.8779 ], [ -121.53960405, 26.934680849999964 ], [ -121.43078625, 26.963765849999987 ], [ -121.381070850000015, 26.9259221 ], [ -121.46091705000002, 26.9304126 ], [ -121.458708900000019, 26.910778299999976 ], [ -121.490384600000027, 26.9108434 ], [ -121.50284775, 26.88625170000001 ], [ -121.503602, 26.868982 ], [ -121.476674400000022, 26.86314225 ], [ -121.567057350000027, 26.856355399999984 ], [ -121.56770555, 26.811999549999982 ], [ -121.530290550000018, 26.81212765 ], [ -121.55467609999998, 26.796939050000024 ], [ -121.50590885000004, 26.796641199999975 ], [ -121.50657175, 26.783751749999976 ], [ -121.44390460000001, 26.765091150000035 ], [ -121.3819294, 26.75706425 ], [ -121.299715800000016, 26.77051055 ], [ -121.298639200000025, 26.828761749999973 ], [ -121.247026100000014, 26.830244349999965 ], [ -121.2562353, 26.84910725 ], [ -121.20515420000001, 26.8983162 ], [ -121.2170857, 26.911860500000039 ], [ -121.205834599999989, 26.955573399999949 ], [ -121.324517500000027, 27.007647099999957 ], [ -121.26588025, 27.0274067 ], [ -121.2581722, 27.036144450000013 ], [ -121.276238150000026, 27.037766700000013 ], [ -121.235709550000038, 27.0683714 ], [ -121.15451375, 27.0619608 ], [ -121.164653250000015, 27.07379149999996 ], [ -121.149083500000017, 27.093239949999965 ], [ -120.996417, 27.129463900000012 ], [ -120.9679921, 27.148698150000019 ], [ -121.183866500000022, 27.11785195 ], [ -121.258923650000014, 27.083497700000038 ], [ -121.27092235, 27.043661749999952 ], [ -121.294854649999976, 27.033258 ], [ -121.407717050000016, 27.039241250000014 ], [ -121.415288249999989, 27.048082599999987 ], [ -121.393822750000041, 27.053293399999951 ], [ -121.39932615, 27.0767287 ], [ -121.347896100000014, 27.113872449999985 ], [ -121.361407500000013, 27.159940850000023 ], [ -121.388025700000014, 27.15745725 ], [ -121.390872250000015, 27.200787249999983 ], [ -121.43431215, 27.168888600000031 ], [ -121.42950350000001, 27.158704650000026 ], [ -121.49301555, 27.1350555 ], [ -121.4620185, 27.094132449999975 ], [ -121.48582585000004, 27.09127435000002 ], [ -121.488745550000019, 27.077503250000039 ], [ -121.57467160000003, 27.0717762 ], [ -121.64090490000001, 27.0365522 ], [ -121.64090385, 27.016729600000016 ], [ -121.706698600000024, 26.966853900000022 ], [ -121.835676750000019, 26.94961395 ], [ -121.9230042, 26.9050845 ], [ -121.929833750000014, 26.894054950000012 ], [ -121.89972885, 26.849044600000031 ], [ -121.9402172, 26.861182599999978 ], [ -121.986542500000027, 26.852161 ], [ -122.058091250000018, 26.9033065 ], [ -122.24325875, 26.886869450000024 ], [ -122.2432619, 26.871704650000019 ], [ -122.1514254, 26.871723900000017 ], [ -122.151184950000015, 26.795882049999982 ], [ -122.181826750000042, 26.795881 ], [ -122.18037145, 26.717523 ], [ -122.139307700000032, 26.70489605 ], [ -122.18870985, 26.685871800000022 ], [ -122.19831105, 26.6563402 ], [ -122.2405683, 26.656389550000011 ], [ -122.199869600000014, 26.624651200000045 ], [ -122.248754100000014, 26.569922050000013 ], [ -122.42587895000004, 26.542080949999988 ], [ -122.533205750000022, 26.58449185 ], [ -122.579939850000031, 26.580001 ], [ -122.579943, 26.644196950000033 ], [ -122.534937200000016, 26.644198350000039 ], [ -122.534954350000021, 26.765528650000029 ], [ -122.4890466, 26.765531800000012 ], [ -122.489049400000013, 26.88685335 ], [ -122.504310100000012, 26.8868523 ], [ -122.504309400000025, 26.917182600000015 ], [ -122.8775809, 26.917172450000013 ], [ -122.877457, 26.88963795 ], [ -122.921759650000013, 26.88963725 ], [ -122.921756500000029, 26.857915 ], [ -123.170358, 26.85791185 ], [ -123.17028275, 26.7660274 ], [ -123.209664050000015, 26.76602635 ], [ -123.209659499999987, 26.67523005 ], [ -122.842186800000022, 26.6753669 ], [ -122.842186100000035, 26.65703704999996 ], [ -123.001735, 26.581304400000043 ], [ -123.005110050000013, 26.555457249999979 ], [ -122.9539383, 26.536030849999989 ], [ -122.988575700000013, 26.529387500000027 ], [ -122.983993149999989, 26.511353049999979 ], [ -123.0308382, 26.48410485 ], [ -123.2342008, 26.4671211 ], [ -123.24698175, 26.468218 ], [ -123.21897545000003, 26.478896499999983 ], [ -123.200346, 26.513230450000016 ], [ -123.3144026, 26.535503050000017 ], [ -123.400046550000027, 26.5752172 ], [ -123.400030100000023, 26.9171665 ], [ -123.808597, 26.917164050000022 ], [ -123.808599800000025, 26.947493650000034 ], [ -123.9328162, 26.9474919 ], [ -123.93281375, 26.917162300000026 ], [ -123.975640100000035, 26.917163 ], [ -123.9031516, 26.881841 ], [ -123.92447185, 26.86129739999998 ], [ -123.826409900000016, 26.840731750000028 ], [ -123.85477985, 26.814110399999969 ], [ -123.83574440000001, 26.79015605 ], [ -123.8561403, 26.76575475000001 ], [ -123.8468198, 26.726316050000012 ], [ -123.86345495, 26.7016435 ], [ -123.82909895, 26.676377 ], [ -123.865986850000013, 26.649613200000019 ], [ -123.873895800000014, 26.590456549999978 ], [ -123.915240250000011, 26.533629500000036 ], [ -123.87068105000003, 26.50566555000001 ], [ -123.82548730000002, 26.506300099999972 ], [ -123.76979215, 26.45236545 ], [ -123.815072, 26.423165299999965 ], [ -123.815070600000013, 26.40149365 ], [ -123.861477100000016, 26.401494 ], [ -123.90525895, 26.377129450000023 ], [ -123.905281349999981, 26.355987 ], [ -123.9603871, 26.353939850000028 ], [ -123.95765990000001, 26.366720100000034 ], [ -123.97617105, 26.37393710000002 ], [ -124.020074700000023, 26.3757599 ], [ -124.028881750000011, 26.395985349999982 ], [ -124.08804785, 26.395719349999968 ], [ -124.10868525, 26.41332084999998 ], [ -124.126059250000026, 26.39562275 ], [ -124.196800900000028, 26.40472625 ], [ -124.231181750000033, 26.3926733 ], [ -124.20650885, 26.428663799999978 ], [ -124.312737, 26.36103820000001 ], [ -124.288622, 26.350925650000011 ], [ -124.303294, 26.340059900000021 ], [ -124.286646250000018, 26.332232149999989 ], [ -124.29491815, 26.320656950000028 ], [ -124.278697400000013, 26.288745350000024 ], [ -124.146368, 26.256926150000055 ], [ -124.114366800000013, 26.205540199999955 ], [ -124.088425500000014, 26.201458149999983 ], [ -124.0648467, 26.21862915 ], [ -124.036358800000031, 26.206125049999979 ], [ -123.987823600000027, 26.22947180000002 ], [ -123.9598355, 26.21712275 ], [ -123.877966300000026, 26.221877150000036 ], [ -123.8204158, 26.19560195 ], [ -124.17117005, 26.114977700000036 ], [ -124.21435865, 26.130764100000025 ], [ -124.234659700000023, 26.164380199999975 ], [ -124.2971109, 26.181367450000028 ], [ -124.270305800000017, 26.22085724999997 ], [ -124.27001075, 26.246539550000055 ], [ -124.2862945, 26.24883835 ], [ -124.315399800000037, 26.219676349999975 ], [ -124.363480700000025, 26.204286850000024 ], [ -124.363404050000028, 26.158776700000011 ], [ -124.3890321, 26.14866275 ], [ -124.388989400000014, 26.123378400000011 ], [ -124.360217300000016, 26.103151199999971 ], [ -124.36678120000002, 26.077052749999975 ], [ -124.34401825, 26.07183635 ], [ -124.4149419, 26.037739 ], [ -124.47133635, 26.049009699999985 ], [ -124.4771908, 26.05650635 ], [ -124.476618200000019, 26.0577709 ], [ -124.473888200000019, 26.0538278 ], [ -124.466071650000018, 26.051585 ], [ -124.455983600000025, 26.057928400000023 ], [ -124.47242415, 26.056381400000024 ], [ -124.478658350000018, 26.0681785 ], [ -124.466410450000012, 26.06822925 ], [ -124.47770005000001, 26.076567300000026 ], [ -124.4768961, 26.069907500000024 ], [ -124.485443450000034, 26.06585029999998 ], [ -124.61138465, 26.183786300000033 ], [ -124.677595200000013, 26.193804350000047 ], [ -124.654748250000026, 26.213341 ], [ -124.66544915, 26.227643400000016 ], [ -124.716172200000031, 26.2272178 ], [ -124.7044731, 26.219632250000025 ], [ -124.71298125, 26.19495270000002 ], [ -124.717907850000032, 26.190949049999968 ], [ -124.721243, 26.197451 ], [ -124.72585215, 26.196238949999987 ], [ -124.728251050000011, 26.197964449999986 ], [ -124.734127200000032, 26.198648699999989 ], [ -124.73461545, 26.198239200000049 ], [ -124.734508, 26.198608449999973 ], [ -124.735006050000024, 26.1985934 ], [ -124.7279966, 26.181549450000045 ], [ -124.7684545, 26.168933 ], [ -124.801582, 26.207485500000054 ], [ -124.8571207, 26.2022754 ], [ -124.846657800000017, 26.224689749999975 ], [ -124.84920965, 26.231729300000033 ], [ -124.886759050000023, 26.21116890000004 ], [ -124.89630355, 26.259167550000029 ], [ -124.9295672, 26.271832650000057 ], [ -125.06397595, 26.216057 ], [ -125.0754927, 26.20735565 ], [ -125.089408, 26.1873955 ], [ -125.093861400000023, 26.183685150000024 ], [ -125.089569699999984, 26.19752905 ], [ -125.110710050000037, 26.2094665 ], [ -125.161004350000013, 26.193913199999983 ], [ -125.1610068, 26.249787550000036 ], [ -125.10264605, 26.249787900000012 ], [ -125.102646750000019, 26.280126949999957 ], [ -125.084246549999989, 26.280126949999964 ], [ -125.084249, 26.340803300000037 ], [ -125.0253006, 26.340804 ], [ -125.025301650000017, 26.371142 ], [ -124.966353599999977, 26.371142700000025 ], [ -124.9663739, 26.401479650000027 ], [ -124.946524, 26.40148 ], [ -124.946526450000036, 26.4621532 ], [ -124.886976050000015, 26.4621539 ], [ -124.8869785, 26.52282535 ], [ -124.806098050000017, 26.5228264 ], [ -124.806100500000014, 26.5834961 ], [ -124.745933400000013, 26.583496799999974 ], [ -124.74593655, 26.6441651 ], [ -124.723665700000026, 26.644165449999985 ], [ -124.7236671, 26.674498900000032 ], [ -124.662868599999982, 26.6744996 ], [ -124.6628714, 26.7351658 ], [ -124.602073950000019, 26.735166499999973 ], [ -124.6020757, 26.765498900000033 ], [ -124.5781721, 26.765499599999977 ], [ -124.578175250000015, 26.826162649999954 ], [ -124.516729950000013, 26.826163350000026 ], [ -124.516731350000015, 26.85649435 ], [ -124.4552864, 26.856495050000017 ], [ -124.4552885, 26.88682605 ], [ -124.429671650000031, 26.88682605 ], [ -124.4296741, 26.9171567 ], [ -124.413923750000023, 26.9171567 ], [ -124.56860695, 26.946111849999959 ], [ -124.4997861, 26.982892649999989 ], [ -124.485904400000024, 27.024247599999985 ], [ -124.495050600000027, 27.050066399999977 ], [ -124.54287845, 27.073509399999971 ], [ -124.58830985, 27.134456300000032 ], [ -124.634649500000037, 27.147121400000017 ], [ -124.631818700000011, 27.136417700000038 ], [ -124.67098965000001, 27.132293650000019 ], [ -124.70161045, 27.15340985000002 ], [ -124.339454250000031, 27.1571125 ], [ -124.301850600000023, 27.14837895 ], [ -124.307342800000015, 27.137353249999979 ], [ -124.2080037, 27.162741549999989 ], [ -124.174471950000012, 27.19031945 ], [ -124.16697775, 27.217875300000017 ], [ -124.21119185000002, 27.2388949 ], [ -124.168749800000015, 27.2708422 ], [ -124.117078950000021, 27.281477650000014 ], [ -124.05680405, 27.25457175 ], [ -124.016862750000016, 27.263427799999981 ], [ -124.031711850000022, 27.28160435 ], [ -123.992838400000011, 27.2708597 ], [ -123.99710140000002, 27.286081199999956 ], [ -123.963953600000025, 27.2978573 ], [ -123.857838150000035, 27.282687599999978 ], [ -123.7799621, 27.22919255 ], [ -123.77754465000001, 27.211100700000042 ], [ -123.693112400000018, 27.199158700000019 ], [ -123.63048725, 27.23077 ], [ -123.65879035, 27.2825518 ], [ -123.640960650000011, 27.30268695 ], [ -123.47026845, 27.311426800000021 ], [ -123.465171400000017, 27.33277645 ], [ -123.48469685, 27.347932150000016 ], [ -123.467030950000023, 27.355556199999967 ], [ -123.48860215000002, 27.372060099999967 ], [ -123.46391629999998, 27.394886400000033 ], [ -123.472981650000023, 27.4049279 ], [ -123.4258762, 27.425139700000013 ], [ -123.43598735, 27.44072485 ], [ -123.381475200000011, 27.478405499999962 ], [ -123.30184495, 27.491110499999984 ], [ -123.31799675, 27.521526549999965 ], [ -123.310315300000013, 27.549022550000018 ], [ -123.336912150000018, 27.551158600000022 ], [ -123.34057385, 27.5540062 ], [ -123.31167645, 27.56042974999998 ], [ -123.324240050000014, 27.572643349999971 ], [ -123.260849100000016, 27.59024975000003 ], [ -123.27980195, 27.6022453 ], [ -123.232478100000023, 27.61467765 ], [ -123.291330950000017, 27.614666100000015 ], [ -123.2913908, 27.64188805 ], [ -123.40618240000002, 27.647459 ], [ -123.403841950000015, 27.62995445 ], [ -123.435323050000036, 27.6391983 ], [ -123.460136650000024, 27.627201700000025 ], [ -123.47179165, 27.6455774 ], [ -123.373092350000022, 27.653800650000015 ], [ -123.33296485000001, 27.672079750000041 ], [ -123.28163665000001, 27.662435499999958 ], [ -123.291455200000016, 27.680622900000014 ], [ -123.259147050000024, 27.717672150000052 ], [ -123.321529650000016, 27.716066 ], [ -123.388215500000015, 27.738747749999959 ], [ -123.313571350000032, 27.758754100000044 ], [ -123.3382719, 27.772277050000032 ], [ -123.32653885000002, 27.812511649999976 ], [ -123.3383321, 27.8244694 ], [ -123.295243950000014, 27.860980350000052 ], [ -123.211700349999987, 27.89703035 ], [ -123.0637326, 27.93738325 ], [ -123.079708350000018, 27.974183300000028 ], [ -123.042948899999985, 27.990124750000046 ], [ -123.065784650000012, 27.994084300000019 ], [ -122.01658580000003, 28.00007735 ], [ -122.0192962, 27.938402099999983 ], [ -122.0802396, 27.938400349999966 ], [ -122.079953650000022, 27.877766 ], [ -122.3056935, 27.87776074999995 ], [ -122.3056872, 27.817125 ], [ -122.28383075, 27.81712535 ], [ -122.283825850000014, 27.771647050000023 ], [ -122.1498343, 27.756490650000014 ], [ -122.149829400000016, 27.714109849999989 ], [ -122.35065835, 27.55404085 ], [ -122.350618450000013, 27.490078699999948 ], [ -122.409754100000015, 27.4861888 ], [ -122.470811250000011, 27.514464600000011 ], [ -122.5545589, 27.502254149999974 ], [ -122.51786805, 27.442342899999986 ], [ -122.56900095, 27.37446215 ], [ -122.54269845, 27.341770750000027 ], [ -122.48825315, 27.34177145 ], [ -122.48825315, 27.372096500000016 ], [ -122.37454305, 27.372105250000033 ], [ -122.374542, 27.40242540000002 ], [ -122.3109106, 27.403685749999987 ], [ -122.311397100000022, 27.43081355 ], [ -122.30960755000001, 27.402428200000013 ], [ -121.91999105, 27.402440450000029 ], [ -121.9199914, 27.49340965 ], [ -121.7901267, 27.4934135 ], [ -121.790125650000036, 27.463090899999987 ], [ -121.710599700000031, 27.463093 ], [ -121.704310549999988, 27.495467649999988 ], [ -121.648069400000011, 27.5256415 ], [ -121.418427400000013, 27.524104650000012 ], [ -121.40427585, 27.530181 ], [ -121.4042076, 27.5842182 ], [ -121.335121449999988, 27.58470645 ], [ -121.340552750000043, 27.634700450000018 ], [ -121.203207850000013, 27.635069 ], [ -121.1681291, 27.653925949999955 ], [ -121.14767615, 27.70337954999998 ], [ -121.124373150000011, 27.714564849999988 ], [ -121.150460750000022, 27.732943350000038 ], [ -121.23213325, 27.74316475 ], [ -120.892961200000016, 27.8138301 ], [ -120.881676499999983, 27.832171149999972 ], [ -120.8952145, 27.855687300000024 ], [ -120.88115605000003, 27.873286 ], [ -120.923004850000012, 27.904152149999966 ], [ -121.138137949999987, 27.9005384 ], [ -121.17678075000002, 27.844726349999981 ], [ -121.31291045, 27.831629699999954 ], [ -121.419915950000032, 27.799159150000012 ], [ -121.588911700000025, 27.8084772 ], [ -121.663544300000027, 27.846746900000017 ], [ -121.626348400000026, 27.859270600000038 ], [ -121.64903470000003, 27.8941117 ], [ -121.6138212, 27.9388088 ], [ -121.617195550000034, 27.962494349999989 ], [ -121.582527350000035, 27.978786499999966 ], [ -121.586904100000041, 27.998515299999955 ], [ -121.7486279, 27.999088950000019 ], [ -121.555284750000013, 28.125360550000014 ], [ -121.519421300000019, 28.12536125 ], [ -121.562407600000029, 28.1277983 ], [ -121.742205399999989, 28.12523 ], [ -121.760704300000015, 28.1140006 ], [ -121.95838115, 28.121440900000021 ], [ -121.90817645, 28.137574150000049 ], [ -121.865003250000015, 28.193470200000057 ], [ -121.874125649999982, 28.218293599999988 ], [ -121.8464326, 28.266401799999979 ], [ -121.784436050000011, 28.297606050000034 ], [ -121.835535700000023, 28.323414700000033 ], [ -121.826192799999987, 28.336791699999949 ], [ -121.85535865, 28.344712200000021 ], [ -121.84723725000002, 28.3562097 ], [ -121.890574600000022, 28.349328 ], [ -121.888074550000013, 28.380115750000044 ], [ -121.7817925, 28.3626497 ], [ -121.803395200000011, 28.385035 ], [ -121.5797263, 28.408474849999962 ], [ -121.58478940000002, 28.436225300000078 ], [ -121.408421600000011, 28.4352124 ], [ -121.351211650000025, 28.461847049999982 ], [ -121.061395550000015, 28.4747183 ], [ -121.049813, 28.467398400000032 ], [ -121.065576650000025, 28.45335955 ], [ -121.11045085, 28.434751100000021 ], [ -121.3548065, 28.4054043 ], [ -121.4060528, 28.351545599999962 ], [ -121.29716430000002, 28.372392300000048 ], [ -121.1907041, 28.363746949999957 ], [ -121.17740305, 28.347662 ], [ -121.094689650000021, 28.3503962 ], [ -121.0403854, 28.31409105 ], [ -120.904857700000022, 28.27048805 ], [ -120.83324420000001, 28.268961 ], [ -120.826189950000014, 28.377372099999974 ], [ -120.5626431, 28.397773599999983 ], [ -120.59258735, 28.414781500000021 ], [ -120.626989550000019, 28.412019650000062 ], [ -120.64881485, 28.42578025 ], [ -120.648423200000025, 28.4495659 ], [ -120.7463329, 28.478990049999965 ], [ -120.761885150000012, 28.49205835 ], [ -120.726628950000034, 28.50670025 ], [ -120.7297569, 28.518685649999988 ], [ -120.8120146, 28.528177300000017 ], [ -120.83093735, 28.51802625 ], [ -120.823850900000025, 28.500443650000037 ], [ -120.923582700000011, 28.510189749999977 ], [ -120.883566850000022, 28.517199200000011 ], [ -120.864622400000016, 28.542953249999982 ], [ -120.78436005, 28.576360050000027 ], [ -120.76629025, 28.557673199999982 ], [ -120.752388250000024, 28.570847200000017 ], [ -120.716162200000014, 28.532290149999962 ], [ -120.550520150000025, 28.523394550000013 ], [ -120.493662300000011, 28.53962475 ], [ -120.4665268, 28.573405699999984 ], [ -120.400279500000011, 28.603792699999985 ], [ -120.29764375000002, 28.6162919 ], [ -120.203031400000015, 28.60708234999997 ], [ -120.128547200000014, 28.626964799999978 ], [ -120.03671105, 28.661232949999977 ], [ -119.937768150000025, 28.722695050000038 ], [ -119.9458696, 28.733501300000015 ], [ -119.919584950000015, 28.764946349999988 ], [ -119.93230255, 28.772738050000029 ], [ -119.911218549999987, 28.788898950000021 ], [ -120.00423455, 28.80093895000002 ], [ -120.073902050000015, 28.784635950000034 ], [ -120.106608850000015, 28.7975905 ], [ -120.210639, 28.7720272 ], [ -120.34859395, 28.792955800000023 ], [ -120.3702726, 28.774729549999989 ], [ -120.491094700000019, 28.764764 ], [ -120.52706805, 28.778604399999978 ], [ -120.498625300000015, 28.799626449999984 ], [ -120.329740500000028, 28.854407750000036 ], [ -120.295586800000038, 28.8421385 ], [ -120.229904400000024, 28.864822 ], [ -120.18661745, 28.862855 ], [ -120.20451050000004, 28.8455734 ], [ -120.18547995, 28.842411499999987 ], [ -120.0964361, 28.856590349999969 ], [ -120.035237200000012, 28.823893 ], [ -119.90036295, 28.798943950000027 ], [ -119.897804100000016, 28.78574965 ], [ -119.867247350000028, 28.791613199999972 ], [ -119.867839550000014, 28.805941849999982 ], [ -119.72755815, 28.7915985 ], [ -119.827384450000011, 28.840586599999988 ], [ -119.9387639, 28.8505014 ], [ -119.94479615, 28.86018485 ], [ -119.92490495, 28.873258749999962 ], [ -119.953983300000019, 28.8822205 ], [ -119.8858726, 28.899244500000037 ], [ -119.70455755, 28.892380300000038 ], [ -119.722466, 28.9082143 ], [ -119.77949535, 28.914128599999984 ], [ -119.7043717, 28.937429150000046 ], [ -119.673683, 28.92527225 ], [ -119.70901235, 28.974839250000016 ], [ -119.77624560000001, 28.955470599999988 ], [ -119.7568906, 28.948860150000044 ], [ -119.77017835, 28.9426242 ], [ -119.856603850000013, 28.929948950000028 ], [ -119.837867650000021, 28.91039725 ], [ -119.899335, 28.912750650000028 ], [ -119.9013503, 28.92338715 ], [ -119.874623950000014, 28.92594565000002 ], [ -119.914669900000021, 28.942541949999981 ], [ -119.89468315000002, 28.9644278 ], [ -120.054143850000017, 29.05141925 ], [ -120.21814615, 29.06507415 ], [ -120.25622755, 29.078442749999979 ], [ -120.24913095, 29.08669575 ], [ -120.3170278, 29.08514875 ], [ -120.337092250000012, 29.09906055 ], [ -120.276428150000015, 29.1450901 ], [ -120.192408200000031, 29.157604 ], [ -120.098338, 29.2042212 ], [ -119.9982954, 29.216331200000013 ], [ -119.960326, 29.23742885 ], [ -119.919406100000018, 29.280497049999983 ], [ -119.95080215, 29.322734 ], [ -119.9133175, 29.379251299999982 ], [ -119.870389650000021, 29.411542649999987 ], [ -119.791224900000017, 29.42802275 ], [ -119.796223950000012, 29.443604050000051 ], [ -119.76553735, 29.47068635 ], [ -119.705980300000036, 29.459299450000017 ], [ -119.712772750000013, 29.4714714 ] ] ], [ [ [ -124.187833200000014, 27.3069391 ], [ -124.159615850000023, 27.330770249999986 ], [ -124.13578715, 27.30978145 ], [ -124.187833200000014, 27.3069391 ] ] ], [ [ [ -124.922062150000031, 27.12692324999998 ], [ -124.92740595, 27.1446133 ], [ -124.9062145, 27.144613649999958 ], [ -124.90619420000003, 27.13450495 ], [ -124.922062150000031, 27.12692324999998 ] ] ], [ [ [ -124.701378400000024, 27.375392449999939 ], [ -124.7090483, 27.348340950000015 ], [ -124.773301300000014, 27.352288600000012 ], [ -124.764954500000016, 27.382360599999966 ], [ -124.701378400000024, 27.375392449999939 ] ] ], [ [ [ -121.091523200000012, 28.405065499999953 ], [ -121.07830895, 28.407796199999986 ], [ -121.06476745, 28.40526850000002 ], [ -121.0768323, 28.3977883 ], [ -121.091523200000012, 28.405065499999953 ] ] ], [ [ [ -124.6616611, 27.546414 ], [ -124.628634750000018, 27.52367275 ], [ -124.661575700000014, 27.523672749999989 ], [ -124.6616611, 27.546414 ] ] ], [ [ [ -124.86422395000001, 27.54388525000001 ], [ -124.8679112, 27.513571049999946 ], [ -124.88590575000002, 27.513562649999983 ], [ -124.8859075, 27.54388455 ], [ -124.86422395000001, 27.54388525000001 ] ] ], [ [ [ -121.373686200000023, 28.522152400000053 ], [ -121.345411450000014, 28.533782549999959 ], [ -121.327790350000015, 28.525375549999978 ], [ -121.357613850000021, 28.514517499999968 ], [ -121.373686200000023, 28.522152400000053 ] ] ], [ [ [ -124.819226900000018, 27.624738400000048 ], [ -124.826026699999986, 27.6045994 ], [ -124.85341945, 27.60452765 ], [ -124.853322500000019, 27.624741900000021 ], [ -124.819226900000018, 27.624738400000048 ] ] ], [ [ [ -122.05406835, 28.418689250000025 ], [ -121.993345800000029, 28.412711250000029 ], [ -122.05406870000003, 28.412133750000034 ], [ -122.05406835, 28.418689250000025 ] ] ], [ [ [ -121.00691245000003, 28.713165600000011 ], [ -120.984245750000014, 28.719449150000013 ], [ -120.94683985, 28.706319600000015 ], [ -120.97073715, 28.6982724 ], [ -121.00691245000003, 28.713165600000011 ] ] ], [ [ [ -123.580592650000014, 28.454102250000027 ], [ -123.534262450000028, 28.459853800000012 ], [ -123.45685295, 28.422277449999971 ], [ -123.278599700000015, 28.38901275 ], [ -123.26700175000002, 28.40694745 ], [ -123.110373600000017, 28.45434059999997 ], [ -122.96071080000003, 28.440541499999984 ], [ -122.96281395, 28.45564575 ], [ -122.923299650000018, 28.488852349999945 ], [ -122.808427900000041, 28.52512775 ], [ -122.7295736, 28.52627785 ], [ -122.52672585, 28.57082795 ], [ -122.382095700000022, 28.571880400000015 ], [ -122.312790100000015, 28.623787500000017 ], [ -122.334233200000014, 28.647782449999966 ], [ -122.297708249999985, 28.686772450000046 ], [ -122.33480195, 28.784091350000015 ], [ -122.33866735, 28.804277250000013 ], [ -122.33532275, 28.824565699999983 ], [ -122.324381399999979, 28.8223579 ], [ -122.335163850000015, 28.805575050000041 ], [ -122.315670600000018, 28.8015833 ], [ -122.296049600000018, 28.81190655 ], [ -122.111675200000022, 28.794813600000015 ], [ -122.0668052, 28.807636550000019 ], [ -122.03999905, 28.796147099999988 ], [ -122.058116450000014, 28.7871815 ], [ -122.03207470000001, 28.77332885 ], [ -121.9040139, 28.759696699999978 ], [ -121.913811450000026, 28.76461315 ], [ -121.817399399999985, 28.7795214 ], [ -121.683533150000017, 28.776293699999986 ], [ -121.693744400000028, 28.803089349999969 ], [ -121.6298162, 28.806524250000013 ], [ -121.582079350000015, 28.83877464999998 ], [ -121.521672500000037, 28.854293649999988 ], [ -121.380522750000026, 28.772241749999989 ], [ -121.358051, 28.740605250000019 ], [ -121.382156900000012, 28.737693250000021 ], [ -121.388175149999981, 28.721697899999981 ], [ -121.330576350000015, 28.700385699999988 ], [ -121.6416336, 28.70655445 ], [ -121.643739550000035, 28.55719685 ], [ -121.81318715, 28.537997249999979 ], [ -122.04030005, 28.54361965000005 ], [ -122.1738436, 28.471979899999955 ], [ -122.22421, 28.489537649999988 ], [ -122.299933200000012, 28.474391050000026 ], [ -122.264483450000014, 28.442941099999974 ], [ -122.2655338, 28.4208155 ], [ -122.32563195, 28.419382250000019 ], [ -122.3267978, 28.451262700000019 ], [ -122.388112550000031, 28.45191405 ], [ -122.396300100000019, 28.430277050000011 ], [ -122.374436650000021, 28.4154325 ], [ -122.425439350000019, 28.395378900000011 ], [ -122.4391009, 28.405892200000018 ], [ -122.465002300000023, 28.395852800000029 ], [ -122.4659417, 28.40844685 ], [ -122.535703, 28.39935385 ], [ -122.700527100000016, 28.338971850000021 ], [ -122.796455449999982, 28.328433700000033 ], [ -122.788158, 28.308203700000018 ], [ -122.752783850000014, 28.30452345 ], [ -122.758381750000012, 28.289146550000016 ], [ -122.8185044, 28.2710057 ], [ -122.7999572, 28.2645734 ], [ -122.857045700000029, 28.2565269 ], [ -122.85107645, 28.2419186 ], [ -122.86736055, 28.250378099999974 ], [ -122.85915515, 28.24408265000001 ], [ -122.894892600000034, 28.235561199999989 ], [ -122.845965400000011, 28.222749799999985 ], [ -122.90766445, 28.177591750000047 ], [ -123.1120242, 28.170033499999985 ], [ -123.215861850000024, 28.155485399999964 ], [ -123.224839, 28.142358650000013 ], [ -123.23245009999998, 28.17872995 ], [ -123.2257371, 28.14145775 ], [ -123.244580750000026, 28.1318968 ], [ -123.218229600000029, 28.117873349999968 ], [ -123.272816650000024, 28.104829550000012 ], [ -123.259868400000016, 28.09738435 ], [ -123.259283550000021, 28.0894397 ], [ -123.361868550000011, 28.108296649999943 ], [ -123.40328335, 28.080805550000033 ], [ -123.5370383, 28.127989749999987 ], [ -123.50399935, 28.12988745 ], [ -123.50911355, 28.140367850000015 ], [ -123.483166650000015, 28.149511250000032 ], [ -123.46748, 28.18290405 ], [ -123.435247800000027, 28.186234649999978 ], [ -123.448808900000031, 28.196264949999971 ], [ -123.39604535, 28.20597990000001 ], [ -123.385750449999989, 28.214286799999961 ], [ -123.40060865, 28.217713650000025 ], [ -123.3860651, 28.22153915 ], [ -123.42132655, 28.2230277 ], [ -123.398051200000012, 28.230813799999961 ], [ -123.44591125, 28.251138300000026 ], [ -123.52808775, 28.2421825 ], [ -123.533770349999983, 28.251224400000016 ], [ -123.471377250000018, 28.282564100000041 ], [ -123.473558450000013, 28.336436799999969 ], [ -123.522061800000017, 28.348045950000014 ], [ -123.530252850000011, 28.37743054999995 ], [ -123.510901700000019, 28.403516400000012 ], [ -123.580592650000014, 28.454102250000027 ] ] ], [ [ [ -123.6567747, 28.265602399999974 ], [ -123.6547356, 28.250414150000033 ], [ -123.751389500000016, 28.260548400000019 ], [ -123.710046099999985, 28.2693908 ], [ -123.6567747, 28.265602399999974 ] ] ], [ [ [ -124.332635200000013, 28.098136150000013 ], [ -124.3878729, 28.098142100000057 ], [ -124.387940450000016, 28.12744935000001 ], [ -124.33253475, 28.127443750000012 ], [ -124.332635200000013, 28.098136150000013 ] ] ], [ [ [ -125.122922600000024, 28.04621575 ], [ -125.068807350000014, 28.0565271 ], [ -125.086980400000016, 28.09000005 ], [ -125.124651950000029, 28.109823 ], [ -125.12443285, 28.128409750000024 ], [ -125.006775100000027, 28.142388749999984 ], [ -124.92554745000001, 28.22691515 ], [ -124.7868008, 28.256000850000014 ], [ -124.7815508, 28.01801065 ], [ -124.70811625, 28.01801065 ], [ -124.70810785, 27.92705685000001 ], [ -124.77645585, 27.927056150000013 ], [ -124.77645865, 27.896740550000015 ], [ -124.8390243, 27.896740200000014 ], [ -124.839032700000018, 27.866422850000035 ], [ -124.974083349999987, 27.86642005 ], [ -124.974081250000012, 27.83609955 ], [ -125.041602900000015, 27.83609115 ], [ -125.04159765, 27.80802675 ], [ -125.08079170000002, 27.806301599999962 ], [ -125.088065050000012, 27.8260423 ], [ -125.01998655, 27.884999449999967 ], [ -125.003170449999985, 27.919725050000025 ], [ -125.03427145000002, 27.95537604999998 ], [ -125.07912570000002, 27.956725299999974 ], [ -125.0914443, 27.9943622 ], [ -125.1234014, 28.013802250000012 ], [ -125.122922600000024, 28.04621575 ] ] ], [ [ [ -124.150150100000019, 28.2472883 ], [ -124.168423249999975, 28.260542450000017 ], [ -124.111350850000022, 28.26054245 ], [ -124.150150100000019, 28.2472883 ] ] ], [ [ [ -124.007596499999977, 28.306104750000014 ], [ -124.006875500000021, 28.321183450000042 ], [ -123.97243865, 28.32116805 ], [ -124.007596499999977, 28.306104750000014 ] ] ], [ [ [ -121.977786900000027, 28.904905050000021 ], [ -121.894725250000022, 28.942527950000049 ], [ -121.914774300000019, 28.975773749999984 ], [ -121.8880336, 29.001793449999976 ], [ -121.89760855, 29.00943955 ], [ -121.78417845, 29.052504250000023 ], [ -121.796574399999983, 29.046866100000027 ], [ -121.796992300000014, 29.03811470000004 ], [ -121.7417399, 29.0259186 ], [ -121.79319270000002, 29.020919899999964 ], [ -121.788673150000022, 28.996763249999965 ], [ -121.807168549999986, 28.985238450000018 ], [ -121.7677435, 28.9927428 ], [ -121.743065, 28.961930900000034 ], [ -121.759290299999989, 28.951330800000026 ], [ -121.66100855000002, 28.928117399999977 ], [ -121.650390600000023, 28.91203805 ], [ -121.706605850000031, 28.8962149 ], [ -121.775474300000013, 28.920525200000011 ], [ -121.977786900000027, 28.904905050000021 ] ] ], [ [ [ -122.781181100000012, 28.725960900000018 ], [ -122.77623315000001, 28.709602600000025 ], [ -122.7959175, 28.710621799999977 ], [ -122.797929300000021, 28.714537599999989 ], [ -122.781181100000012, 28.725960900000018 ] ] ], [ [ [ -122.34898465, 28.912600850000036 ], [ -122.19222385, 28.9033164 ], [ -122.17991330000001, 28.893006100000036 ], [ -122.19114865, 28.87664535 ], [ -122.24986745, 28.891489550000031 ], [ -122.293998950000017, 28.884954 ], [ -122.33800795, 28.891535749999981 ], [ -122.34898465, 28.912600850000036 ] ] ], [ [ [ -125.23295945000001, 28.132228599999976 ], [ -125.1988376, 28.113034950000021 ], [ -125.19344725, 28.111427050000017 ], [ -125.195536049999973, 28.11075959999997 ], [ -125.23295945000001, 28.132228599999976 ] ] ], [ [ [ -123.49245565, 28.597384549999983 ], [ -123.492453900000015, 28.583879800000016 ], [ -123.53178445, 28.5838791 ], [ -123.5538243, 28.60408529999998 ], [ -123.49245565, 28.597384549999983 ] ] ], [ [ [ -121.4366386, 29.172056550000026 ], [ -121.40319505, 29.1883417 ], [ -121.389405400000015, 29.231169450000028 ], [ -121.369029800000021, 29.235156649999976 ], [ -121.312210100000016, 29.211732899999955 ], [ -121.166499150000021, 29.2342533 ], [ -121.145138300000028, 29.22938865 ], [ -121.1301051, 29.192995299999989 ], [ -121.0899083, 29.177250199999964 ], [ -121.1284881, 29.1421158 ], [ -121.17741915, 29.141833349999978 ], [ -121.142438050000024, 29.129346749999989 ], [ -121.198539200000042, 29.106126350000032 ], [ -121.2856269, 29.08948175 ], [ -121.3063763, 29.112408150000011 ], [ -121.29906305, 29.13025255 ], [ -121.344922850000017, 29.13272775 ], [ -121.363302050000016, 29.108585799999982 ], [ -121.403669650000026, 29.1191523 ], [ -121.457858400000021, 29.097980100000022 ], [ -121.47765265000001, 29.096344200000033 ], [ -121.450581550000024, 29.109034850000025 ], [ -121.487719, 29.113043399999977 ], [ -121.485592399999987, 29.127952350000051 ], [ -121.43658575000002, 29.151229100000016 ], [ -121.4366386, 29.172056550000026 ] ] ], [ [ [ -125.18274775, 28.333784500000029 ], [ -125.2179504, 28.322285950000023 ], [ -125.21795425, 28.33378380000001 ], [ -125.18274775, 28.333784500000029 ] ] ], [ [ [ -121.922561450000018, 29.452841249999974 ], [ -121.89879015, 29.460636100000023 ], [ -121.8787509, 29.4521465 ], [ -121.90251695, 29.444360050000018 ], [ -121.922561450000018, 29.452841249999974 ] ] ], [ [ [ -123.6870665, 29.015758800000011 ], [ -123.738525599999988, 29.015722400000012 ], [ -123.738667350000028, 29.035961150000023 ], [ -123.68709905, 29.035962199999982 ], [ -123.6870665, 29.015758800000011 ] ] ], [ [ [ -123.7832122, 29.000608700000036 ], [ -123.8217017, 29.0006192 ], [ -123.82173145000003, 29.01575705 ], [ -123.783270300000012, 29.01575775 ], [ -123.7832122, 29.000608700000036 ] ] ], [ [ [ -125.20312475, 28.694211 ], [ -125.19270315, 28.69226605 ], [ -125.20312335, 28.689931550000011 ], [ -125.20312475, 28.694211 ] ] ], [ [ [ -124.025390850000022, 29.082572750000018 ], [ -124.071158950000026, 29.068905600000011 ], [ -124.078228599999989, 29.068785199999986 ], [ -124.0782776, 29.08898825 ], [ -124.025390850000022, 29.082572750000018 ] ] ], [ [ [ -124.853389700000022, 28.921777850000026 ], [ -124.792778100000021, 28.9152605 ], [ -124.7901636, 28.904616300000022 ], [ -124.85385975, 28.908792149999979 ], [ -124.853389700000022, 28.921777850000026 ] ] ], [ [ [ -125.1706087, 28.987949200000013 ], [ -125.154914, 28.989212 ], [ -125.154914, 28.987949200000013 ], [ -125.1706087, 28.987949200000013 ] ] ], [ [ [ -120.751890900000021, 30.20770969999997 ], [ -120.669787549999981, 30.221919 ], [ -120.68210965, 30.21485355 ], [ -120.66992615, 30.20277085000005 ], [ -120.63745455, 30.21967655000002 ], [ -120.530028, 30.202784500000043 ], [ -120.5212521, 30.18523865 ], [ -120.57997405, 30.180555299999988 ], [ -120.6499212, 30.152360350000052 ], [ -120.9406529, 30.192886499999982 ], [ -121.028278199999988, 30.117488449999964 ], [ -121.099139900000011, 30.105100549999982 ], [ -121.099007250000014, 30.089619700000029 ], [ -121.152385750000022, 30.065298549999984 ], [ -121.139499450000017, 30.0549753 ], [ -121.156423, 30.040526249999971 ], [ -121.146351400000015, 30.030537249999984 ], [ -121.194958, 30.00960514999997 ], [ -121.185498900000013, 29.9970181 ], [ -121.24575280000002, 29.9815145 ], [ -121.233685500000021, 29.977750600000022 ], [ -121.2977285, 29.961493799999989 ], [ -121.482064400000013, 29.989301650000012 ], [ -121.52722035, 29.96650055 ], [ -121.586405700000014, 29.964841550000013 ], [ -121.647086600000037, 29.996680349999973 ], [ -121.604344249999983, 30.006874449999987 ], [ -121.617510200000041, 30.012879400000063 ], [ -121.571688900000012, 30.0346088 ], [ -121.614598200000032, 30.05430155 ], [ -121.5929983, 30.057301399999975 ], [ -121.61299485, 30.06099355 ], [ -121.59450575000001, 30.071827800000037 ], [ -121.615988750000014, 30.077053300000014 ], [ -121.597057950000021, 30.091202750000022 ], [ -121.617771650000023, 30.098285700000019 ], [ -121.590189550000019, 30.106682200000041 ], [ -121.616626100000033, 30.13014445000001 ], [ -121.5929304, 30.134764100000027 ], [ -121.5991835, 30.149171149999983 ], [ -121.63117385000001, 30.153990299999975 ], [ -121.592470149999983, 30.179611699999967 ], [ -121.66843135, 30.1671468 ], [ -121.668482450000013, 30.18229305000003 ], [ -121.6243996, 30.183263599999957 ], [ -121.658999900000012, 30.183569499999972 ], [ -121.649826750000031, 30.199541050000022 ], [ -121.681541650000014, 30.237824750000019 ], [ -121.668735499999983, 30.254937650000031 ], [ -121.50349315, 30.27578995 ], [ -121.424325950000039, 30.272587799999989 ], [ -121.43434855000001, 30.2509088 ], [ -121.421413250000015, 30.247100450000012 ], [ -121.3269304, 30.243791899999973 ], [ -121.3404257, 30.247256550000024 ], [ -121.254336899999984, 30.277501450000024 ], [ -121.26937325, 30.29598809999997 ], [ -121.1932969, 30.29950805 ], [ -120.784999500000026, 30.2446837 ], [ -120.789611800000017, 30.230180399999963 ], [ -120.751890900000021, 30.20770969999997 ] ] ], [ [ [ -126.22152885, 29.251663350000022 ], [ -126.0969796, 29.2832526 ], [ -126.065865300000027, 29.3160329 ], [ -125.86804565, 29.379280350000037 ], [ -125.833929399999988, 29.397786949999976 ], [ -125.86753395, 29.4033915 ], [ -125.85546, 29.427232099999962 ], [ -125.802176, 29.454133100000025 ], [ -125.82569005, 29.472774449999978 ], [ -125.747775500000017, 29.474768749999949 ], [ -125.755462200000011, 29.4669018 ], [ -125.7297764, 29.466566850000021 ], [ -125.74138975, 29.461598949999974 ], [ -125.69696285, 29.438640349999989 ], [ -125.62714345000002, 29.4445347 ], [ -125.626608300000015, 29.428389200000019 ], [ -125.71014175, 29.420674149999979 ], [ -125.708359200000018, 29.3609526 ], [ -125.743243, 29.342647599999989 ], [ -125.838756250000017, 29.33358855 ], [ -125.841071500000012, 29.346523149999975 ], [ -125.99079835000002, 29.287576150000021 ], [ -125.952176900000012, 29.280349 ], [ -125.971906400000023, 29.266524 ], [ -125.955467950000028, 29.239031850000011 ], [ -125.9766902, 29.225424550000014 ], [ -125.958956050000026, 29.215260549999989 ], [ -125.851728650000013, 29.2513109 ], [ -125.94094855, 29.2741701 ], [ -125.826300450000033, 29.267086800000037 ], [ -125.880806300000032, 29.214062850000015 ], [ -125.866382800000011, 29.18142605 ], [ -125.88153815, 29.1719197 ], [ -125.858993250000012, 29.15294235 ], [ -125.793001799999985, 29.13604085 ], [ -125.712639700000011, 29.14067660000002 ], [ -125.66371425, 29.125448099999957 ], [ -125.71365155, 29.10514285 ], [ -125.6997891, 29.099623 ], [ -125.618934900000013, 29.1056829 ], [ -125.6241674, 29.0802764 ], [ -125.52559025, 29.066923549999988 ], [ -125.516424450000031, 29.0991736 ], [ -125.456299, 29.097288850000037 ], [ -125.452187900000013, 29.1112724 ], [ -125.508032500000027, 29.11707785 ], [ -125.506129550000026, 29.138388649999978 ], [ -125.584997500000028, 29.16209905 ], [ -125.5528675, 29.1766405 ], [ -125.5598577, 29.1939431 ], [ -125.23094205000001, 29.245736100000034 ], [ -125.224980500000015, 29.261740199999984 ], [ -125.2458545, 29.276597 ], [ -125.15917105, 29.278379200000021 ], [ -125.069972150000027, 29.251397 ], [ -125.0443588, 29.253712250000017 ], [ -125.043435499999987, 29.26704235 ], [ -125.058891500000016, 29.26699055 ], [ -125.04831765, 29.273685 ], [ -125.013090150000011, 29.27632225 ], [ -124.945164950000034, 29.263411099999967 ], [ -124.950125500000013, 29.250182849999987 ], [ -124.867368700000029, 29.24786655000003 ], [ -124.863382200000032, 29.230236349999981 ], [ -124.895941300000018, 29.21541035 ], [ -124.8916853, 29.183847349999979 ], [ -124.860953200000012, 29.167846749999971 ], [ -124.85837125, 29.155303100000037 ], [ -124.8790097, 29.148620900000019 ], [ -124.8601027, 29.122152150000016 ], [ -124.732850050000025, 29.086314249999965 ], [ -124.756783400000018, 29.0616319 ], [ -124.8689472, 29.03798135 ], [ -124.9469531, 29.041069050000015 ], [ -125.010804300000032, 29.020534900000012 ], [ -125.146769500000019, 29.02796785 ], [ -125.21881105, 29.00714355 ], [ -125.340871100000015, 29.00190090000002 ], [ -125.36395115, 28.979938050000044 ], [ -125.4499976, 28.979779500000028 ], [ -125.45985465, 28.9514645 ], [ -125.442102299999988, 28.939963850000041 ], [ -125.31929150000002, 28.884030349999964 ], [ -125.250396450000025, 28.876060499999948 ], [ -125.33814005, 28.854584149999972 ], [ -125.33538765, 28.8390319 ], [ -125.467184350000011, 28.823805850000017 ], [ -125.470342050000014, 28.812440299999942 ], [ -125.4376321, 28.79487835 ], [ -125.465306250000012, 28.791683900000017 ], [ -125.80689715, 29.031739800000022 ], [ -126.1157361, 29.07341359999997 ], [ -126.115618500000011, 29.137070199999982 ], [ -126.1523209, 29.191872850000021 ], [ -126.22152885, 29.251663350000022 ] ] ], [ [ [ -123.899276400000034, 30.290793399999963 ], [ -123.8391534, 30.280696950000038 ], [ -123.839019350000015, 30.2504055 ], [ -123.92938515, 30.25040305 ], [ -123.929532849999987, 30.280696250000037 ], [ -123.899276400000034, 30.290793399999963 ] ] ], [ [ [ -123.7185441, 30.53289820000002 ], [ -123.6546138, 30.560041400000014 ], [ -123.623522600000015, 30.569065100000017 ], [ -123.623517700000022, 30.56799865 ], [ -123.614752650000014, 30.569463399999968 ], [ -123.6085384, 30.567999 ], [ -123.654696050000013, 30.530598700000013 ], [ -123.7185441, 30.53289820000002 ] ] ], [ [ [ -125.8585778, 30.007707449999984 ], [ -125.80379055, 30.008818699999971 ], [ -125.790800300000015, 30.0219332 ], [ -125.71597625, 30.013282249999978 ], [ -125.79654625000002, 29.99396435 ], [ -125.8585778, 30.007707449999984 ] ] ], [ [ [ -124.834848100000031, 30.316006700000024 ], [ -124.77758845, 30.339305850000017 ], [ -124.758882700000015, 30.32707930000003 ], [ -124.834848100000031, 30.316006700000024 ] ] ], [ [ [ -123.031436, 37.777153 ], [ -122.997538, 37.770784 ], [ -122.939711, 37.71535 ], [ -122.941364, 37.67658 ], [ -122.973012, 37.646581 ], [ -123.040696, 37.650328 ], [ -123.09285, 37.713688 ], [ -123.156757, 37.73784 ], [ -123.173763, 37.771831 ], [ -123.160936, 37.802002 ], [ -123.118289, 37.823058 ], [ -123.070494, 37.81383 ], [ -123.031436, 37.777153 ] ] ], [ [ [ -117.744521850000027, 26.445361950000038 ], [ -117.6736689, 26.448857049999983 ], [ -117.65550425, 26.47634569999996 ], [ -117.614556700000023, 26.496010099999964 ], [ -117.59004235, 26.479087600000017 ], [ -117.620650200000014, 26.4549677 ], [ -117.4856069, 26.4102097 ], [ -117.587142950000015, 26.381636400000023 ], [ -117.744521850000027, 26.445361950000038 ] ] ], [ [ [ -119.140251150000012, 28.91833525 ], [ -119.1157641, 28.9364999 ], [ -119.098024700000011, 28.925616299999955 ], [ -119.140251150000012, 28.91833525 ] ] ], [ [ [ -119.121156900000017, 30.14189954999998 ], [ -119.058250350000023, 30.147757850000065 ], [ -119.04194560000002, 30.147312299999989 ], [ -119.0828004, 30.1299299 ], [ -119.121156900000017, 30.14189954999998 ] ] ], [ [ [ -121.136368, 36.834579 ], [ -121.162233, 36.822286 ], [ -121.170157, 36.858423 ], [ -121.148544, 36.853789 ], [ -121.152626, 36.865351 ], [ -121.197653, 36.914038 ], [ -121.281112, 36.817854 ], [ -121.271754, 36.801233 ], [ -121.325899, 36.796315 ], [ -121.327163, 36.767545 ], [ -121.30877, 36.767454 ], [ -121.31846, 36.736005 ], [ -121.29858, 36.713978 ], [ -121.313954, 36.705834 ], [ -121.311593, 36.688081 ], [ -121.293293, 36.666183 ], [ -121.330423, 36.662574 ], [ -121.330209, 36.641482 ], [ -121.342494, 36.637557 ], [ -121.469023, 36.685434 ], [ -121.484508, 36.713062 ], [ -121.453072, 36.721198 ], [ -121.462368, 36.743851 ], [ -121.481523, 36.765447 ], [ -121.504011, 36.757205 ], [ -121.597698, 36.83735 ], [ -121.606372, 36.811936 ], [ -121.642279, 36.838209 ], [ -121.710842, 36.817847 ], [ -121.694534, 36.79639 ], [ -121.69783, 36.790179 ], [ -121.701738, 36.796753 ], [ -121.701538, 36.788972 ], [ -121.733855, 36.783952 ], [ -121.737687, 36.777551 ], [ -121.70957, 36.76028 ], [ -121.754414, 36.759876 ], [ -121.782622, 36.731873 ], [ -121.805062, 36.752057 ], [ -121.814462, 36.682858 ], [ -121.859938, 36.613607 ], [ -121.884348, 36.603883 ], [ -121.936563, 36.638757 ], [ -121.979975, 36.582266 ], [ -121.933804, 36.556547 ], [ -121.927915, 36.525603 ], [ -121.956564, 36.521903 ], [ -121.906455, 36.393245 ], [ -121.912363, 36.361695 ], [ -121.895509, 36.340648 ], [ -121.904995, 36.305668 ], [ -121.853503, 36.276013 ], [ -121.843691, 36.249093 ], [ -121.721206, 36.19515 ], [ -121.677926, 36.160676 ], [ -121.59454, 36.063566 ], [ -121.582047, 36.024292 ], [ -121.505523, 36.000194 ], [ -121.468268, 35.886121 ], [ -121.351312, 35.797514 ], [ -121.290166, 35.660591 ], [ -121.172005, 35.635662 ], [ -121.091214, 35.531205 ], [ -121.010986, 35.459797 ], [ -120.891012, 35.432359 ], [ -120.871406, 35.399355 ], [ -120.871677, 35.362184 ], [ -120.855527, 35.360076 ], [ -120.895244, 35.259044 ], [ -120.804925, 35.238849 ], [ -120.861845, 35.210511 ], [ -120.749685, 35.155911 ], [ -120.71385, 35.174145 ], [ -120.648729, 35.143248 ], [ -120.633272, 35.049195 ], [ -120.67165, 34.902879 ], [ -120.645949, 34.900148 ], [ -120.597504, 34.84859 ], [ -120.581812, 34.861208 ], [ -120.587404, 34.881782 ], [ -120.550048, 34.828956 ], [ -120.563499, 34.827852 ], [ -120.524377, 34.821557 ], [ -120.541396, 34.784619 ], [ -120.575401, 34.768206 ], [ -120.547569, 34.723721 ], [ -120.567711, 34.708875 ], [ -120.563139, 34.689752 ], [ -120.536444, 34.679777 ], [ -120.537067, 34.654638 ], [ -120.565024, 34.664198 ], [ -120.551519, 34.63783 ], [ -120.521553, 34.628351 ], [ -120.521128, 34.600601 ], [ -120.551709, 34.578215 ], [ -120.488136, 34.564345 ], [ -120.491407, 34.511881 ], [ -120.503931, 34.51189 ], [ -120.474006, 34.44613 ], [ -120.14224, 34.472692 ], [ -120.00713, 34.459697 ], [ -119.878039, 34.406891 ], [ -119.795968, 34.41736 ], [ -119.710635, 34.394719 ], [ -119.674812, 34.415334 ], [ -119.563848, 34.414686 ], [ -119.461844, 34.373422 ], [ -119.321481, 34.275607 ], [ -119.28284, 34.26902 ], [ -119.218609, 34.14426 ], [ -119.128655, 34.097967 ], [ -118.85531, 34.030302 ], [ -118.808684, 33.995507 ], [ -118.736172, 34.029333 ], [ -118.567281, 34.03841 ], [ -118.52219, 34.025361 ], [ -118.465147, 33.967442 ], [ -118.398356, 33.839548 ], [ -118.401197, 33.80427 ], [ -118.433247, 33.774703 ], [ -118.414675, 33.738308 ], [ -118.295207, 33.696923 ], [ -118.180838, 33.723072 ], [ -118.186528, 33.755228 ], [ -118.124447, 33.729566 ], [ -118.118946, 33.740577 ], [ -117.930759, 33.602174 ], [ -117.881093, 33.593388 ], [ -117.787556, 33.537307 ], [ -117.717231, 33.456336 ], [ -117.663169, 33.446894 ], [ -117.485768, 33.313523 ], [ -117.316757, 33.091802 ], [ -117.257155, 32.898086 ], [ -117.259364, 32.859761 ], [ -117.285013, 32.832124 ], [ -117.258784, 32.792391 ], [ -117.24742, 32.666635 ], [ -117.199328, 32.685242 ], [ -117.164367, 32.66489 ], [ -117.140032, 32.619548 ], [ -117.12607, 32.534189 ], [ -117.205051, 32.529508 ], [ -117.223302, 32.621238 ], [ -117.268789, 32.619415 ], [ -117.309239, 32.656401 ], [ -117.342, 32.840354 ], [ -117.323279, 32.903064 ], [ -117.375872, 33.075217 ], [ -117.435563, 33.177512 ], [ -117.520999, 33.268872 ], [ -117.713571, 33.408777 ], [ -117.741409, 33.410118 ], [ -117.816356, 33.490872 ], [ -118.049848, 33.620015 ], [ -118.1259, 33.697151 ], [ -118.237008, 33.690595 ], [ -118.274239, 33.663429 ], [ -118.319135, 33.659547 ], [ -118.466962, 33.725524 ], [ -118.485577, 33.753664 ], [ -118.484483, 33.803154 ], [ -118.447254, 33.84876 ], [ -118.557356, 33.987673 ], [ -118.727459, 33.980307 ], [ -118.814752, 33.947214 ], [ -118.887301, 33.987223 ], [ -119.158963, 34.040253 ], [ -119.217993, 34.062491 ], [ -119.285743, 34.140805 ], [ -119.334887, 34.236865 ], [ -119.584795, 34.36166 ], [ -119.651357, 34.366708 ], [ -119.716129, 34.336108 ], [ -119.797067, 34.365331 ], [ -119.891521, 34.357457 ], [ -120.024356, 34.409343 ], [ -120.14728, 34.422916 ], [ -120.456015, 34.391485 ], [ -120.523646, 34.419505 ], [ -120.559439, 34.488466 ], [ -120.684529, 34.527131 ], [ -120.713329, 34.57496 ], [ -120.664691, 34.696344 ], [ -120.702093, 34.748329 ], [ -120.673281, 34.838624 ], [ -120.720319, 34.869241 ], [ -120.734382, 34.901499 ], [ -120.694715, 35.028839 ], [ -120.689606, 35.098828 ], [ -120.800411, 35.116577 ], [ -120.917792, 35.187378 ], [ -120.961253, 35.249975 ], [ -120.923435, 35.348413 ], [ -120.933292, 35.392748 ], [ -121.041635, 35.41999 ], [ -121.151056, 35.516412 ], [ -121.201555, 35.58369 ], [ -121.323512, 35.624969 ], [ -121.366362, 35.680419 ], [ -121.39346, 35.763401 ], [ -121.501047, 35.842745 ], [ -121.561461, 35.943818 ], [ -121.631818, 35.978945 ], [ -121.674359, 36.064661 ], [ -121.727812, 36.129009 ], [ -121.880193, 36.210314 ], [ -121.957666, 36.285117 ], [ -121.981042, 36.419634 ], [ -122.04405, 36.578249 ], [ -122.001124, 36.647704 ], [ -122.076399, 36.910199 ], [ -122.251082, 36.985833 ], [ -122.313899, 37.054764 ], [ -122.376086, 37.065648 ], [ -122.396916, 37.109888 ], [ -122.464117, 37.177848 ], [ -122.484046, 37.249944 ], [ -122.467005, 37.349889 ], [ -122.509889, 37.441554 ], [ -122.546996, 37.457857 ], [ -122.574963, 37.499943 ], [ -122.588177, 37.579408 ], [ -122.567497, 37.639185 ], [ -122.588174, 37.789362 ], [ -122.675654, 37.848517 ], [ -122.715845, 37.845625 ], [ -122.766771, 37.865804 ], [ -122.889291, 37.974109 ], [ -122.953224, 37.941093 ], [ -123.067965, 37.958669 ], [ -123.08513, 38.008433 ], [ -123.014817, 38.149132 ], [ -123.049617, 38.214286 ], [ -123.134523, 38.296263 ], [ -123.134312, 38.345786 ], [ -123.164757, 38.388337 ], [ -123.22022, 38.441954 ], [ -123.360929, 38.510202 ], [ -123.51058, 38.68089 ], [ -123.641253, 38.764394 ], [ -123.784676, 38.893728 ], [ -123.80986, 38.961219 ], [ -123.797217, 38.989863 ], [ -123.763148, 39.00869 ], [ -123.761965, 39.041091 ], [ -123.840771, 39.187335 ], [ -123.894936, 39.348349 ], [ -123.875126, 39.494179 ], [ -123.834649, 39.549194 ], [ -123.857183, 39.674693 ], [ -123.895741, 39.711406 ], [ -123.90097, 39.780466 ], [ -124.078596, 39.972263 ], [ -124.133255, 39.999865 ], [ -124.153762, 40.063544 ], [ -124.231204, 40.093382 ], [ -124.411026, 40.225275 ], [ -124.428222, 40.258121 ], [ -124.428055, 40.361785 ], [ -124.480543, 40.428493 ], [ -124.403367, 40.61317 ], [ -124.232622, 40.869286 ], [ -124.197619, 40.950529 ], [ -124.182694, 41.001313 ], [ -124.227079, 41.046622 ], [ -124.252474, 41.134075 ], [ -124.237625, 41.165959 ], [ -124.195532, 41.184582 ], [ -124.160704, 41.289293 ], [ -124.220032, 41.302994 ], [ -124.24242, 41.3433 ], [ -124.206515, 41.384718 ], [ -124.139973, 41.381821 ], [ -124.133231, 41.432311 ], [ -124.160493, 41.543409 ], [ -124.18499, 41.565769 ], [ -124.209785, 41.635205 ], [ -124.211706, 41.681193 ], [ -124.392055, 41.772377 ], [ -124.438909, 41.824504 ], [ -124.435015, 41.856507 ], [ -124.411317, 41.882056 ], [ -124.356556, 41.885145 ], [ -124.285031, 41.859487 ], [ -124.27612, 41.903052 ], [ -124.306995, 41.992906 ], [ -124.375047, 42.02923 ], [ -124.416273, 42.074854 ], [ -124.433514, 42.164832 ], [ -124.483673, 42.229613 ], [ -124.494154, 42.396086 ], [ -124.5427, 42.415252 ], [ -124.569509, 42.454586 ], [ -124.554651, 42.494142 ], [ -124.465351, 42.553033 ], [ -124.480838, 42.581577 ], [ -124.473554, 42.614734 ], [ -124.530312, 42.63228 ], [ -124.544129, 42.683817 ], [ -124.584689, 42.719302 ], [ -124.664637, 42.720482 ], [ -124.703541, 42.770369 ], [ -124.645154, 42.861892 ], [ -124.572353, 42.922514 ], [ -124.530606, 42.99983 ], [ -124.505331, 43.067953 ], [ -124.51584, 43.12483 ], [ -124.465235, 43.200308 ], [ -124.470326, 43.245496 ], [ -124.455498, 43.268233 ], [ -124.474849, 43.288566 ], [ -124.476948, 43.329371 ], [ -124.425643, 43.385886 ], [ -124.380274, 43.402846 ], [ -124.343836, 43.465012 ], [ -124.243659, 43.791664 ], [ -124.195377, 44.097462 ], [ -124.187649, 44.288559 ], [ -124.158588, 44.40608 ], [ -124.164557, 44.49984 ], [ -124.134313, 44.583182 ], [ -124.152328, 44.609343 ], [ -124.13744, 44.641002 ], [ -124.153962, 44.675332 ], [ -124.139118, 44.710536 ], [ -124.141563, 44.833439 ], [ -124.097932, 44.929657 ], [ -124.093561, 45.054166 ], [ -124.044792, 45.165999 ], [ -124.059827, 45.215599 ], [ -124.042356, 45.282176 ], [ -124.076977, 45.341846 ], [ -124.036498, 45.413336 ], [ -124.064549, 45.467567 ], [ -124.053115, 45.514225 ], [ -124.02666, 45.537877 ], [ -124.037112, 45.571724 ], [ -124.010805, 45.708285 ], [ -124.067968, 45.750315 ], [ -124.037704, 45.841614 ], [ -124.043353, 45.887086 ], [ -124.080158, 45.908264 ], [ -124.09192, 45.943455 ], [ -124.070819, 45.973939 ], [ -124.008125, 46.00994 ], [ -124.005125, 46.057383 ], [ -124.050658, 46.163914 ], [ -124.133536, 46.211706 ], [ -124.16234, 46.268099 ], [ -124.130532, 46.408316 ], [ -124.14526, 46.670474 ], [ -124.194581, 46.844092 ], [ -124.246642, 46.917813 ], [ -124.24413, 47.058648 ], [ -124.27366, 47.165071 ], [ -124.306367, 47.248083 ], [ -124.351299, 47.27639 ], [ -124.359644, 47.309336 ], [ -124.391354, 47.329766 ], [ -124.419392, 47.383976 ], [ -124.406542, 47.428021 ], [ -124.461402, 47.62496 ], [ -124.514922, 47.623708 ], [ -124.554626, 47.644427 ], [ -124.566552, 47.680239 ], [ -124.540302, 47.716445 ], [ -124.641839, 47.819424 ], [ -124.70418, 47.854737 ], [ -124.753795, 47.910523 ], [ -124.758185, 47.943978 ], [ -124.800112, 47.975192 ], [ -124.785187, 48.087115 ], [ -124.843131, 48.158429 ], [ -124.848252, 48.1882 ], [ -124.821453, 48.217585 ], [ -124.780504, 48.22858 ], [ -124.788742, 48.266372 ], [ -124.761387, 48.295688 ], [ -124.800532, 48.349978 ], [ -124.814815, 48.405923 ], [ -124.745838, 48.445663 ], [ -124.772262, 48.473812 ], [ -124.768371, 48.495403 ], [ -124.74974, 48.499783 ], [ -124.012056, 48.296671 ], [ -123.679064, 48.239997 ], [ -123.541216, 48.224553 ], [ -123.248435, 48.284016 ], [ -123.115138, 48.42283 ], [ -123.159874, 48.453507 ], [ -123.218929, 48.548708 ], [ -123.267877, 48.693993 ], [ -123.008486, 48.767099 ], [ -123.008485, 48.831219 ], [ -123.32224, 49.002072 ], [ -116.049086, 49.000846 ], [ -116.049108, 47.976842 ], [ -116.018771, 47.962895 ], [ -115.918885, 47.85362 ], [ -115.852312, 47.827857 ], [ -115.83091, 47.755036 ], [ -115.797498, 47.757334 ], [ -115.777151, 47.720376 ], [ -115.722648, 47.695118 ], [ -115.736508, 47.653811 ], [ -115.694444, 47.623761 ], [ -115.687758, 47.5953 ], [ -115.75562, 47.547933 ], [ -115.698314, 47.531375 ], [ -115.711398, 47.516771 ], [ -115.686264, 47.48494 ], [ -115.629488, 47.47961 ], [ -115.646461, 47.45683 ], [ -115.716094, 47.45288 ], [ -115.759304, 47.423862 ], [ -115.721112, 47.425698 ], [ -115.657491, 47.400455 ], [ -115.643411, 47.37734 ], [ -115.577639, 47.367404 ], [ -115.550763, 47.349686 ], [ -115.528509, 47.299244 ], [ -115.482264, 47.281444 ], [ -115.319786, 47.256684 ], [ -115.324369, 47.244724 ], [ -115.291529, 47.210854 ], [ -115.300577, 47.188334 ], [ -115.261822, 47.181431 ], [ -115.244619, 47.151312 ], [ -115.14413, 47.101911 ], [ -115.131134, 47.068956 ], [ -115.071679, 47.026361 ], [ -115.048789, 46.970036 ], [ -115.001274, 46.971901 ], [ -114.960597, 46.93001 ], [ -114.925143, 46.918681 ], [ -114.948261, 46.860009 ], [ -114.898448, 46.822354 ], [ -114.895189, 46.80163 ], [ -114.865779, 46.814529 ], [ -114.829104, 46.782626 ], [ -114.7875, 46.782776 ], [ -114.765239, 46.745391 ], [ -114.78843, 46.71277 ], [ -114.766786, 46.696902 ], [ -114.713044, 46.715426 ], [ -114.698594, 46.740451 ], [ -114.665376, 46.739234 ], [ -114.620787, 46.707262 ], [ -114.642563, 46.672912 ], [ -114.605732, 46.6359 ], [ -114.541822, 46.649992 ], [ -114.466834, 46.631801 ], [ -114.424596, 46.66066 ], [ -114.358224, 46.671138 ], [ -114.320745, 46.647063 ], [ -114.322532, 46.610889 ], [ -114.344197, 46.589969 ], [ -114.329639, 46.576199 ], [ -114.347888, 46.551471 ], [ -114.342641, 46.518431 ], [ -114.403184, 46.498811 ], [ -114.368414, 46.437115 ], [ -114.422447, 46.387046 ], [ -114.41025, 46.361054 ], [ -114.433434, 46.305549 ], [ -114.425441, 46.287856 ], [ -114.47072, 46.266041 ], [ -114.447985, 46.231565 ], [ -114.444091, 46.169273 ], [ -114.514858, 46.16768 ], [ -114.527359, 46.145411 ], [ -114.520996, 46.125112 ], [ -114.460475, 46.09779 ], [ -114.468286, 46.06279 ], [ -114.507504, 46.031464 ], [ -114.480347, 46.030349 ], [ -114.479992, 45.992902 ], [ -114.411755, 45.97787 ], [ -114.402524, 45.957944 ], [ -114.431396, 45.93604 ], [ -114.387868, 45.883926 ], [ -114.409654, 45.851573 ], [ -114.437715, 45.862608 ], [ -114.509644, 45.845357 ], [ -114.566465, 45.77331 ], [ -114.495148, 45.70397 ], [ -114.515086, 45.684911 ], [ -114.49903, 45.678874 ], [ -114.507646, 45.657535 ], [ -114.563987, 45.637621 ], [ -114.537944, 45.606592 ], [ -114.564936, 45.55771 ], [ -114.52726, 45.570855 ], [ -114.49808, 45.555461 ], [ -114.456077, 45.56224 ], [ -114.463912, 45.545029 ], [ -114.430574, 45.52951 ], [ -114.425707, 45.510719 ], [ -114.367201, 45.491854 ], [ -114.330047, 45.459722 ], [ -114.269892, 45.484552 ], [ -114.24845, 45.545813 ], [ -114.193608, 45.536372 ], [ -114.086102, 45.591464 ], [ -114.066738, 45.628166 ], [ -114.01527, 45.652766 ], [ -114.02831, 45.675237 ], [ -114.015482, 45.695901 ], [ -113.988526, 45.705977 ], [ -113.964816, 45.690019 ], [ -113.93526, 45.694341 ], [ -113.919856, 45.658117 ], [ -113.895278, 45.643847 ], [ -113.904691, 45.622007 ], [ -113.861589, 45.62382 ], [ -113.806431, 45.60163 ], [ -113.796746, 45.581573 ], [ -113.821469, 45.565948 ], [ -113.834778, 45.520657 ], [ -113.766022, 45.520621 ], [ -113.759914, 45.4804 ], [ -113.784264, 45.454886 ], [ -113.759733, 45.42711 ], [ -113.776043, 45.408477 ], [ -113.733475, 45.390811 ], [ -113.738661, 45.329409 ], [ -113.680279, 45.278886 ], [ -113.691887, 45.262503 ], [ -113.592133, 45.184779 ], [ -113.590707, 45.155886 ], [ -113.565694, 45.149602 ], [ -113.569884, 45.123851 ], [ -113.511249, 45.116129 ], [ -113.522187, 45.091388 ], [ -113.452044, 45.059174 ], [ -113.443939, 44.95938 ], [ -113.498818, 44.942203 ], [ -113.455071, 44.865424 ], [ -113.421952, 44.837599 ], [ -113.377567, 44.835239 ], [ -113.341276, 44.784664 ], [ -113.246894, 44.822973 ], [ -113.131459, 44.772758 ], [ -113.134824, 44.752763 ], [ -113.101618, 44.729465 ], [ -113.097833, 44.698868 ], [ -113.067761, 44.678786 ], [ -113.050722, 44.634542 ], [ -113.088292, 44.599663 ], [ -113.037285, 44.564769 ], [ -113.045358, 44.544323 ], [ -113.00653, 44.525776 ], [ -113.026824, 44.495512 ], [ -113.004506, 44.452827 ], [ -112.945416, 44.414632 ], [ -112.889557, 44.405938 ], [ -112.854267, 44.359588 ], [ -112.812208, 44.377142 ], [ -112.810056, 44.39876 ], [ -112.83989, 44.424714 ], [ -112.78081, 44.48466 ], [ -112.71793, 44.504273 ], [ -112.661734, 44.48599 ], [ -112.541712, 44.483771 ], [ -112.500642, 44.462766 ], [ -112.472687, 44.479297 ], [ -112.386524, 44.447308 ], [ -112.358366, 44.485261 ], [ -112.352509, 44.538021 ], [ -112.319494, 44.538904 ], [ -112.286568, 44.568559 ], [ -112.229225, 44.564089 ], [ -112.222333, 44.543943 ], [ -112.183657, 44.532953 ], [ -112.136672, 44.53986 ], [ -112.1064, 44.520569 ], [ -112.069068, 44.537151 ], [ -112.032799, 44.528403 ], [ -112.032707, 44.546642 ], [ -111.977724, 44.535744 ], [ -111.947782, 44.557013 ], [ -111.869319, 44.566621 ], [ -111.82153, 44.508941 ], [ -111.715648, 44.543369 ], [ -111.703164, 44.560148 ], [ -111.613897, 44.54868 ], [ -111.585687, 44.562628 ], [ -111.512891, 44.536041 ], [ -111.468002, 44.538951 ], [ -111.469355, 44.557674 ], [ -111.507769, 44.562298 ], [ -111.50134, 44.57249 ], [ -111.523611, 44.592215 ], [ -111.522613, 44.614084 ], [ -111.502499, 44.626508 ], [ -111.51631, 44.643997 ], [ -111.490114, 44.642471 ], [ -111.472483, 44.66619 ], [ -111.488784, 44.705643 ], [ -111.438798, 44.720545 ], [ -111.414273, 44.710739 ], [ -111.384824, 44.754954 ], [ -111.352977, 44.726178 ], [ -111.323626, 44.729072 ], [ -111.266804, 44.667512 ], [ -111.278477, 44.651265 ], [ -111.252597, 44.65125 ], [ -111.219319, 44.622521 ], [ -111.240889, 44.614525 ], [ -111.227631, 44.576687 ], [ -111.18103, 44.569231 ], [ -111.17864, 44.552477 ], [ -111.131382, 44.532429 ], [ -111.127383, 44.49762 ], [ -111.048974, 44.474072 ], [ -111.044051, 43.142816 ], [ -111.102944, 43.184078 ], [ -111.155449, 43.175428 ], [ -111.183693, 43.151939 ], [ -111.234929, 43.158476 ], [ -111.235399, 43.020541 ], [ -111.290086, 42.994652 ], [ -111.256895, 42.970205 ], [ -111.277287, 42.965229 ], [ -111.287185, 42.935295 ], [ -111.257259, 42.927659 ], [ -111.26355, 42.918787 ], [ -111.217258, 42.866366 ], [ -111.150604, 42.854706 ], [ -111.107407, 42.831906 ], [ -111.070593, 42.784922 ], [ -111.043699, 42.786698 ], [ -111.046815, 40.997875 ], [ -110.863768, 40.988203 ], [ -110.858693, 40.940717 ], [ -110.921739, 40.861278 ], [ -110.846812, 40.850415 ], [ -110.882611, 40.798707 ], [ -110.882933, 40.763028 ], [ -110.864511, 40.722369 ], [ -110.822999, 40.710372 ], [ -110.750733, 40.747706 ], [ -110.656482, 40.740275 ], [ -110.625471, 40.769528 ], [ -110.569046, 40.75637 ], [ -110.547031, 40.773733 ], [ -110.523512, 40.761504 ], [ -110.487114, 40.780289 ], [ -110.432782, 40.778278 ], [ -110.424303, 40.792005 ], [ -110.373845, 40.788162 ], [ -110.342735, 40.823356 ], [ -110.29411, 40.833302 ], [ -110.102622, 40.807901 ], [ -110.000711, 40.813678 ], [ -110.000717, 40.99745 ], [ -109.050026, 41.000691 ], [ -109.060204, 38.278238 ], [ -109.042835, 38.166268 ], [ -109.042028, 37.754454 ], [ -109.063776, 37.7277 ], [ -109.098384, 37.727596 ], [ -109.082038, 37.698707 ], [ -109.100095, 37.698736 ], [ -109.133038, 37.647898 ], [ -109.163568, 37.637965 ], [ -109.20987, 37.577026 ], [ -109.247228, 37.557364 ], [ -109.234477, 37.548607 ], [ -109.223295, 37.447767 ], [ -109.213938, 37.428854 ], [ -109.186654, 37.42888 ], [ -109.186568, 37.40347 ], [ -109.22187, 37.389113 ], [ -109.222574, 37.374463 ], [ -109.132036, 37.374586 ], [ -109.130489, 37.343963 ], [ -109.114598, 37.345197 ], [ -109.11435, 37.360007 ], [ -109.095796, 37.359864 ], [ -109.095903, 37.345448 ], [ -109.045637, 37.359982 ], [ -109.045181, 37.01798 ], [ -109.093549, 37.061465 ], [ -109.083687, 37.083181 ], [ -109.107075, 37.101468 ], [ -109.095354, 37.1211 ], [ -109.136422, 37.159952 ], [ -109.138494, 37.132849 ], [ -109.208667, 37.111869 ], [ -109.221955, 37.07643 ], [ -109.327166, 37.07592 ], [ -109.346507, 37.05162 ], [ -109.331106, 37.029745 ], [ -109.358118, 37.023493 ], [ -109.337926, 37.014409 ], [ -109.355673, 36.999305 ], [ -109.83497, 36.998306 ], [ -109.846407, 36.938907 ], [ -109.886958, 36.895267 ], [ -109.936646, 36.875865 ], [ -109.958154, 36.910058 ], [ -110.000677, 36.890514 ], [ -110.000688, 36.998349 ], [ -110.157977, 36.998266 ], [ -110.142828, 36.968421 ], [ -110.1648, 36.921465 ], [ -110.204623, 36.953048 ], [ -110.182033, 36.982596 ], [ -110.182756, 36.982881 ], [ -110.223112, 36.970413 ], [ -110.275924, 36.998002 ], [ -110.467308, 36.997669 ], [ -110.469769, 37.062644 ], [ -110.494633, 37.07461 ], [ -110.53553, 37.219516 ], [ -110.556892, 37.218085 ], [ -110.566627, 37.190385 ], [ -110.557547, 37.186506 ], [ -110.558385, 37.183011 ], [ -110.569298, 37.188808 ], [ -110.573393, 37.1971 ], [ -110.56388, 37.209074 ], [ -110.602642, 37.199962 ], [ -110.656265, 37.255908 ], [ -110.700469, 37.266841 ], [ -110.70679, 37.251047 ], [ -110.660052, 37.237864 ], [ -110.671183, 37.219541 ], [ -110.651456, 37.219673 ], [ -110.646568, 37.199175 ], [ -110.648934, 37.180301 ], [ -110.669254, 37.183707 ], [ -110.678293, 37.166108 ], [ -110.699999, 37.176081 ], [ -110.689485, 37.145386 ], [ -110.722756, 37.18949 ], [ -110.74531, 37.161165 ], [ -110.741578, 37.173795 ], [ -110.768022, 37.169792 ], [ -110.764286, 37.160174 ], [ -110.764644, 37.15763 ], [ -110.766217, 37.156548 ], [ -110.76468, 37.155256 ], [ -110.76587, 37.152663 ], [ -110.762925, 37.151568 ], [ -110.766316, 37.15269 ], [ -110.767518, 37.16278 ], [ -110.77146, 37.160787 ], [ -110.770185, 37.169842 ], [ -110.782743, 37.173742 ], [ -110.813102, 37.148545 ], [ -110.836919, 37.178079 ], [ -110.854773, 37.164396 ], [ -110.862406, 37.180917 ], [ -110.865793, 37.153748 ], [ -110.872308, 37.15308 ], [ -110.866579, 37.195439 ], [ -110.884406, 37.172341 ], [ -110.921407, 37.172632 ], [ -110.904884, 37.165386 ], [ -110.922552, 37.170619 ], [ -110.922799, 37.147641 ], [ -110.942072, 37.144222 ], [ -110.91909, 37.139651 ], [ -110.915898, 37.129143 ], [ -110.925963, 37.13029 ], [ -110.945326, 37.146296 ], [ -110.931712, 37.104503 ], [ -110.975097, 37.122758 ], [ -110.966497, 37.087476 ], [ -110.978907, 37.092283 ], [ -110.978318, 37.080974 ], [ -110.980375, 37.079203 ], [ -110.982837, 37.079104 ], [ -110.98165, 37.078857 ], [ -110.981217, 37.077879 ], [ -110.981663, 37.076758 ], [ -110.983624, 37.07607 ], [ -110.981421, 37.074796 ], [ -110.982881, 37.073806 ], [ -110.980694, 37.073554 ], [ -110.983586, 37.071317 ], [ -110.985115, 37.071041 ], [ -110.982201, 37.070735 ], [ -110.981912, 37.069152 ], [ -110.985588, 37.070788 ], [ -110.985242, 37.07569 ], [ -110.981944, 37.077016 ], [ -110.983351, 37.078658 ], [ -110.97906, 37.08349 ], [ -110.98411, 37.086214 ], [ -110.974672, 37.114067 ], [ -111.015919, 37.111315 ], [ -111.004851, 37.093066 ], [ -111.008847, 37.077951 ], [ -111.022437, 37.110103 ], [ -111.036988, 37.095028 ], [ -111.059186, 37.098685 ], [ -111.05235, 37.061312 ], [ -111.070987, 37.002229 ], [ -114.050052, 37.000191 ], [ -114.051224, 38.368917 ], [ -114.088727, 38.41116 ], [ -114.132776, 38.367229 ], [ -114.189857, 38.414582 ], [ -114.273475, 38.677346 ], [ -115.000846, 38.677322 ], [ -115.000845, 38.511653 ], [ -114.972197, 38.537438 ], [ -114.937232, 38.538947 ], [ -114.874448, 38.598178 ], [ -114.637277, 38.593533 ], [ -114.625907, 38.566631 ], [ -114.465571, 38.471396 ], [ -114.520252, 38.420468 ], [ -114.597324, 38.406342 ], [ -114.632285, 38.414586 ], [ -114.610341, 38.329413 ], [ -114.667838, 38.319582 ], [ -114.711178, 38.253007 ], [ -114.745253, 38.248346 ], [ -114.746753, 38.235589 ], [ -114.725694, 38.164416 ], [ -114.692243, 38.157664 ], [ -114.678457, 38.169639 ], [ -114.659313, 38.156696 ], [ -114.616046, 38.173449 ], [ -114.596505, 38.210745 ], [ -114.603743, 38.230951 ], [ -114.552805, 38.243748 ], [ -114.546183, 38.296852 ], [ -114.490885, 38.254297 ], [ -114.468386, 38.25513 ], [ -114.460247, 38.081584 ], [ -114.482363, 38.0486 ], [ -114.475411, 38.033228 ], [ -114.51961, 38.008847 ], [ -114.487842, 37.967101 ], [ -114.514439, 37.956162 ], [ -114.500364, 37.920047 ], [ -114.511444, 37.89532 ], [ -114.474704, 37.894903 ], [ -114.443975, 37.869652 ], [ -114.427823, 37.789431 ], [ -114.449887, 37.780854 ], [ -114.517113, 37.799791 ], [ -114.540531, 37.765387 ], [ -114.599399, 37.729501 ], [ -114.604692, 37.689303 ], [ -114.581793, 37.682249 ], [ -114.570389, 37.694768 ], [ -114.550513, 37.679903 ], [ -114.571582, 37.6799 ], [ -114.570941, 37.613769 ], [ -114.608734, 37.60664 ], [ -114.615351, 37.584617 ], [ -114.660722, 37.563692 ], [ -114.723718, 37.612997 ], [ -114.768863, 37.579654 ], [ -114.762297, 37.108377 ], [ -114.862801, 37.019012 ], [ -114.975043, 36.961582 ], [ -114.9561, 36.853384 ], [ -114.873923, 36.852198 ], [ -114.868997, 36.578573 ], [ -114.742568, 36.575256 ], [ -114.657018, 36.641829 ], [ -114.647422, 36.591115 ], [ -114.660459, 36.577747 ], [ -114.655801, 36.491714 ], [ -114.667772, 36.491619 ], [ -114.667837, 36.445814 ], [ -114.649935, 36.442813 ], [ -114.65, 36.42089 ], [ -114.667874, 36.42089 ], [ -114.667957, 36.247299 ], [ -114.687369, 36.238802 ], [ -114.684546, 36.198939 ], [ -114.845268, 36.149228 ], [ -114.847556, 36.142808 ], [ -114.834944, 36.128532 ], [ -114.836414, 36.122972 ], [ -114.884353, 36.129851 ], [ -114.885865, 36.145969 ], [ -114.906387, 36.12178 ], [ -114.921991, 36.130238 ], [ -114.922537, 36.193235 ], [ -115.008331, 36.208052 ], [ -115.006629, 36.232258 ], [ -114.937736, 36.268715 ], [ -114.973373, 36.268735 ], [ -114.952556, 36.309997 ], [ -115.061935, 36.278673 ], [ -115.079829, 36.306958 ], [ -115.207134, 36.328344 ], [ -115.080595, 36.33582 ], [ -115.088656, 36.368284 ], [ -115.153386, 36.431021 ], [ -115.100122, 36.491606 ], [ -115.41766, 36.508443 ], [ -115.417875, 36.596184 ], [ -115.526401, 36.596376 ], [ -115.562069, 36.53929 ], [ -115.657741, 36.577423 ], [ -115.66176, 36.596561 ], [ -115.679473, 36.600276 ], [ -115.806455, 36.596156 ], [ -115.794161, 36.569537 ], [ -115.813908, 36.567386 ], [ -115.977622, 36.601742 ], [ -116.055622, 36.587088 ], [ -116.090853, 36.561888 ], [ -116.123207, 36.564785 ], [ -116.11507, 36.491565 ], [ -116.202123, 36.490801 ], [ -116.274364, 36.446452 ], [ -116.301959, 36.409636 ], [ -116.30041, 36.393647 ], [ -116.260843, 36.389279 ], [ -116.168133, 36.262832 ], [ -116.230542, 36.261314 ], [ -116.41175, 36.399441 ], [ -116.347171, 36.432198 ], [ -116.354688, 36.467476 ], [ -116.34012, 36.485668 ], [ -116.381541, 36.52514 ], [ -116.312703, 36.569539 ], [ -116.303088, 36.624034 ], [ -116.242367, 36.598252 ], [ -116.204106, 36.672698 ], [ -116.417043, 36.669107 ], [ -116.437752, 36.65305 ], [ -116.506829, 36.669893 ], [ -116.506846, 36.597895 ], [ -116.656883, 36.587088 ], [ -117.226619, 37.016464 ], [ -117.16565, 37.016267 ], [ -117.165549, 37.3139 ], [ -117.178765, 37.321069 ], [ -117.165585, 37.332783 ], [ -117.165817, 37.731733 ], [ -117.211198, 37.851603 ], [ -117.24116, 37.847848 ], [ -117.240376, 37.827535 ], [ -117.246777, 37.847144 ], [ -117.321417, 37.837689 ], [ -117.333819, 37.823522 ], [ -117.259879, 37.795406 ], [ -117.248783, 37.777912 ], [ -117.238879, 37.789106 ], [ -117.244867, 37.732149 ], [ -117.277467, 37.730643 ], [ -117.298543, 37.693343 ], [ -117.279028, 37.673497 ], [ -117.218954, 37.669309 ], [ -117.191069, 37.525757 ], [ -117.235713, 37.459534 ], [ -117.286864, 37.437571 ], [ -117.439844, 37.440937 ], [ -117.491131, 37.4571 ], [ -117.588711, 37.425077 ], [ -117.682885, 37.43516 ], [ -117.692458, 37.402991 ], [ -117.748548, 37.402002 ], [ -117.900011, 37.517408 ], [ -117.911756, 37.534675 ], [ -117.882681, 37.572216 ], [ -117.952495, 37.580641 ], [ -118.05109, 37.713412 ], [ -118.046073, 37.747176 ], [ -117.985992, 37.812543 ], [ -117.969099, 37.867042 ], [ -117.858674, 37.928137 ], [ -117.791988, 37.985139 ], [ -117.776675, 38.018629 ], [ -117.886639, 38.031308 ], [ -117.998568, 38.017517 ], [ -118.010451, 37.974646 ], [ -118.103176, 37.92291 ], [ -118.104912, 37.871366 ], [ -118.13497, 37.892548 ], [ -118.233974, 37.867477 ], [ -118.343612, 37.896492 ], [ -118.303668, 37.936276 ], [ -118.307822, 37.981811 ], [ -118.435178, 37.901289 ], [ -119.330059, 38.535114 ], [ -119.350179, 38.508222 ], [ -119.351374, 38.451884 ], [ -119.382773, 38.42376 ], [ -119.41744, 38.421436 ], [ -119.427791, 38.447336 ], [ -119.459999, 38.45502 ], [ -119.458661, 38.456942 ], [ -119.458808, 38.460991 ], [ -119.462709, 38.466047 ], [ -119.460994, 38.470234 ], [ -119.461519, 38.473757 ], [ -119.459077, 38.479912 ], [ -119.461639, 38.484028 ], [ -119.458584, 38.484555 ], [ -119.45562, 38.487226 ], [ -119.462058, 38.484165 ], [ -119.463253, 38.465392 ], [ -119.45927, 38.460922 ], [ -119.460661, 38.455038 ], [ -119.447488, 38.420522 ], [ -119.452249, 38.348469 ], [ -119.478028, 38.365619 ], [ -119.509957, 38.359779 ], [ -119.511779, 38.383708 ], [ -119.554844, 38.361766 ], [ -119.546002, 38.344244 ], [ -119.572828, 38.351437 ], [ -119.642992, 38.324031 ], [ -119.651509, 38.286462 ], [ -119.613201, 38.261416 ], [ -119.621695, 38.251941 ], [ -119.604182, 38.234961 ], [ -119.624422, 38.228673 ], [ -119.632671, 38.198858 ], [ -119.598421, 38.181697 ], [ -119.643495, 38.146523 ], [ -119.507586, 38.136909 ], [ -119.501832, 38.159264 ], [ -119.457448, 38.11055 ], [ -119.461877, 38.097155 ], [ -119.440468, 38.095678 ], [ -119.430546, 38.116269 ], [ -119.345922, 38.083113 ], [ -119.30459, 38.023891 ], [ -119.32259, 37.971023 ], [ -119.313089, 37.953024 ], [ -119.263986, 37.926525 ], [ -119.263885, 37.912225 ], [ -119.200783, 37.887427 ], [ -119.216882, 37.849628 ], [ -119.196182, 37.844028 ], [ -119.216881, 37.818728 ], [ -119.20438, 37.793229 ], [ -119.268979, 37.73923 ], [ -119.308995, 37.777986 ], [ -119.346316, 37.74915 ], [ -119.399699, 37.736244 ], [ -119.471564, 37.745454 ], [ -119.494039, 37.729328 ], [ -119.557633, 37.724013 ], [ -119.588244, 37.741192 ], [ -119.661337, 37.712569 ], [ -119.706812, 37.716206 ], [ -119.707748, 37.693602 ], [ -119.668993, 37.663921 ], [ -119.58607, 37.668223 ], [ -119.554199, 37.69192 ], [ -119.451118, 37.666007 ], [ -119.583585, 37.560335 ], [ -119.587913, 37.531204 ], [ -119.658827, 37.538137 ], [ -119.69325, 37.563041 ], [ -119.643891, 37.620911 ], [ -119.669886, 37.617872 ], [ -119.675496, 37.637021 ], [ -119.703974, 37.608884 ], [ -119.822148, 37.610442 ], [ -119.795676, 37.523242 ], [ -119.698083, 37.506301 ], [ -119.705469, 37.447508 ], [ -119.731241, 37.432606 ], [ -119.764367, 37.452523 ], [ -119.775331, 37.424271 ], [ -119.794372, 37.432582 ], [ -119.799462, 37.387113 ], [ -119.877011, 37.325138 ], [ -119.918314, 37.351735 ], [ -119.927865, 37.408837 ], [ -119.954931, 37.37566 ], [ -120.0192, 37.359787 ], [ -120.03912, 37.335517 ], [ -120.007771, 37.260908 ], [ -120.04242, 37.253859 ], [ -120.084437, 37.217421 ], [ -120.062214, 37.197984 ], [ -120.060888, 37.196315 ], [ -120.058816, 37.191483 ], [ -120.143301, 37.199499 ], [ -120.147297, 37.170726 ], [ -120.274456, 37.163731 ], [ -120.276252, 37.151727 ], [ -120.331588, 37.18558 ], [ -120.337824, 37.163897 ], [ -120.338019, 37.185784 ], [ -120.407806, 37.200032 ], [ -120.41104, 37.162837 ], [ -120.430332, 37.14177 ], [ -120.418914, 37.120093 ], [ -120.446161, 37.120058 ], [ -120.446187, 37.101704 ], [ -120.539141, 37.065983 ], [ -120.56511, 37.113279 ], [ -120.601183, 37.123141 ], [ -120.601053, 37.156925 ], [ -120.664505, 37.171552 ], [ -120.664487, 37.186136 ], [ -120.712286, 37.185922 ], [ -120.696285, 37.171789 ], [ -120.706805, 37.145178 ], [ -120.714549, 37.170958 ], [ -120.734625, 37.171753 ], [ -120.73072, 37.186067 ], [ -120.766552, 37.186143 ], [ -120.763143, 37.206768 ], [ -120.815713, 37.235938 ], [ -120.84201, 37.294939 ], [ -120.872109, 37.285224 ], [ -120.930373, 37.309934 ], [ -120.943852, 37.29178 ], [ -120.876503, 37.245809 ], [ -120.875551, 37.231481 ], [ -120.890954, 37.231431 ], [ -120.875943, 37.191052 ], [ -120.920086, 37.216771 ], [ -120.892397, 37.143651 ], [ -120.97914, 37.114886 ], [ -120.962252, 37.072103 ], [ -120.997845, 37.092762 ], [ -120.960178, 37.047049 ], [ -120.997354, 37.013834 ], [ -120.977472, 36.986542 ], [ -121.034391, 36.984817 ], [ -121.065236, 37.006528 ], [ -121.11699, 36.956042 ], [ -121.082786, 36.884411 ], [ -121.094322, 36.862412 ], [ -121.055349, 36.817157 ], [ -121.061998, 36.804077 ], [ -121.136368, 36.834579 ] ] ], [ [ [ -116.55588195, 25.942419299999948 ], [ -116.5318884, 25.949582050000025 ], [ -116.542796150000015, 25.968166 ], [ -116.524815250000032, 25.9780528 ], [ -116.541014300000015, 25.99529275 ], [ -116.3965224, 25.966983700000025 ], [ -116.32905745, 26.000786349999988 ], [ -116.221867500000016, 25.95967115000002 ], [ -116.273955200000032, 25.909051349999974 ], [ -116.252799450000012, 25.905923749999985 ], [ -116.209607349999985, 25.946906650000056 ], [ -116.10301625, 25.917479 ], [ -116.096711, 25.897155549999976 ], [ -116.142501150000015, 25.898261900000019 ], [ -116.03407395, 25.83524020000003 ], [ -116.088212649999988, 25.816129500000041 ], [ -116.02601835, 25.81531925 ], [ -116.014817650000012, 25.78208255 ], [ -116.0276546, 25.785382 ], [ -116.02863775, 25.783777949999976 ], [ -116.006394200000017, 25.76969080000001 ], [ -115.989859150000015, 25.72661174999994 ], [ -116.01334065, 25.720569 ], [ -115.992133100000018, 25.695443899999987 ], [ -116.05306565, 25.68961220000001 ], [ -115.993526100000011, 25.658872749999976 ], [ -115.99615495, 25.622031050000029 ], [ -115.920693900000018, 25.453965599999975 ], [ -115.919536100000016, 25.395483400000014 ], [ -115.934358250000017, 25.383865149999963 ], [ -115.91774375, 25.290098750000027 ], [ -115.93501940000003, 25.256599899999976 ], [ -116.01326995, 25.310624849999989 ], [ -116.09636555, 25.423688849999987 ], [ -116.140356350000033, 25.443392799999977 ], [ -116.12572495, 25.447882249999967 ], [ -116.116279500000019, 25.482489550000011 ], [ -116.14813580000002, 25.468879099999956 ], [ -116.189343400000013, 25.490725400000013 ], [ -116.238629, 25.491936050000017 ], [ -116.20108905, 25.507816950000041 ], [ -116.173762450000027, 25.5415398 ], [ -116.185327500000014, 25.54468735 ], [ -116.125141500000012, 25.53174540000003 ], [ -116.165607800000018, 25.5508309 ], [ -116.125835200000012, 25.54977809999998 ], [ -116.137069150000016, 25.556144949999975 ], [ -116.121682800000016, 25.55641865 ], [ -116.122915850000012, 25.557263899999988 ], [ -116.202261549999989, 25.55947309999998 ], [ -116.198562400000029, 25.6092277 ], [ -116.169758800000025, 25.640829199999988 ], [ -116.24865685, 25.630098550000049 ], [ -116.300622749999988, 25.6805367 ], [ -116.38882695, 25.712300249999966 ], [ -116.407917, 25.735845099999981 ], [ -116.333775100000025, 25.705053849999956 ], [ -116.388797900000014, 25.735158749999972 ], [ -116.3753999, 25.7450557 ], [ -116.4000189, 25.74060230000001 ], [ -116.369994149999982, 25.753960050000018 ], [ -116.401706950000019, 25.761037050000031 ], [ -116.382919650000019, 25.7527564 ], [ -116.4090734, 25.745422850000033 ], [ -116.434267100000014, 25.763687249999972 ], [ -116.41328915000004, 25.77327060000005 ], [ -116.419993750000017, 25.76094255 ], [ -116.40255045, 25.755751350000029 ], [ -116.4046515, 25.769256800000012 ], [ -116.3940493, 25.767823550000017 ], [ -116.392189050000013, 25.769811899999965 ], [ -116.4142317, 25.779160750000017 ], [ -116.4278152, 25.768514449999984 ], [ -116.429664600000024, 25.7839911 ], [ -116.446417700000026, 25.76828135 ], [ -116.456863450000014, 25.784222450000023 ], [ -116.445914050000013, 25.7797743 ], [ -116.43642345, 25.791060399999989 ], [ -116.45386605000003, 25.796872850000025 ], [ -116.438864700000011, 25.800362 ], [ -116.474735500000023, 25.809057050000035 ], [ -116.47110355, 25.82459565000002 ], [ -116.47841435, 25.814073950000022 ], [ -116.48858255, 25.819842300000023 ], [ -116.47865375, 25.84190840000003 ], [ -116.408561, 25.845368850000025 ], [ -116.55588195, 25.942419299999948 ] ] ], [ [ [ -115.92827, 25.627376950000023 ], [ -115.889704200000011, 25.630132499999977 ], [ -115.917059850000015, 25.645467049999976 ], [ -115.880264, 25.6607365 ], [ -115.9032345, 25.67047175 ], [ -115.903269150000014, 25.69036085 ], [ -115.8724828, 25.69451045 ], [ -115.914464949999982, 25.7146652 ], [ -115.92118495, 25.751292 ], [ -115.870605400000017, 25.776259949999957 ], [ -115.872219250000015, 25.761089900000034 ], [ -115.86375485, 25.762418149999981 ], [ -115.862770300000022, 25.779547149999985 ], [ -115.7992208, 25.8258266 ], [ -115.804788599999981, 25.842063449999962 ], [ -115.787738, 25.856100550000022 ], [ -115.718518500000016, 25.7923365 ], [ -115.729168650000034, 25.78213084999998 ], [ -115.677744900000022, 25.76494795000001 ], [ -115.68046335, 25.745605900000019 ], [ -115.6463758, 25.70590959999998 ], [ -115.66635835, 25.704592200000025 ], [ -115.6524224, 25.676988400000031 ], [ -115.687765750000011, 25.656940749999979 ], [ -115.72917565, 25.67772865 ], [ -115.730698850000024, 25.666017299999979 ], [ -115.7376495, 25.662526749999966 ], [ -115.7351729, 25.67199005 ], [ -115.7661745, 25.6841452 ], [ -115.737141650000012, 25.637266200000017 ], [ -115.742248150000037, 25.6342681 ], [ -115.74520565, 25.64163665 ], [ -115.751973950000021, 25.64177735 ], [ -115.75480825, 25.622130099999964 ], [ -115.78107995000002, 25.609452050000037 ], [ -115.799449700000011, 25.611686450000015 ], [ -115.7979636, 25.631486300000013 ], [ -115.8054165, 25.637140900000027 ], [ -115.806191750000011, 25.60899845 ], [ -115.796640600000032, 25.600168650000054 ], [ -115.824513900000014, 25.605811 ], [ -115.814748199999983, 25.593280299999975 ], [ -115.83604535, 25.59432365 ], [ -115.831224450000022, 25.581945899999983 ], [ -115.8694805, 25.559178750000051 ], [ -115.9169279, 25.555336099999959 ], [ -115.923351450000027, 25.597638149999955 ], [ -115.9119187, 25.605081250000016 ], [ -115.92827, 25.627376950000023 ] ] ], [ [ [ -116.4516432, 25.999993599999982 ], [ -116.4379365, 26.005965650000022 ], [ -116.41350580000001, 26.010861799999983 ], [ -116.42782885, 25.99116765 ], [ -116.4516432, 25.999993599999982 ] ] ], [ [ [ -116.209360950000018, 26.525087399999986 ], [ -116.060115, 26.447281 ], [ -116.059646, 26.4161583 ], [ -116.085357, 26.399635850000017 ], [ -116.046411100000014, 26.38549515 ], [ -116.060683750000024, 26.3712218 ], [ -116.18578250000003, 26.37553205 ], [ -116.1904403, 26.350707950000047 ], [ -116.20714895, 26.347634950000025 ], [ -116.153483450000024, 26.282873400000017 ], [ -116.184297800000024, 26.28580115 ], [ -116.190751450000036, 26.240515 ], [ -116.13423555, 26.173634200000013 ], [ -116.13618855, 26.14705415000002 ], [ -116.09892475, 26.115962249999981 ], [ -116.100495900000013, 26.102102950000017 ], [ -116.1098892, 26.118438500000014 ], [ -116.133904449999989, 26.117076300000029 ], [ -116.1078095, 26.097144849999975 ], [ -116.07194395, 26.0203132 ], [ -116.08920945, 26.008398500000023 ], [ -116.081519250000028, 25.98399965000003 ], [ -116.1015249, 25.973315550000013 ], [ -116.159963, 25.986023700000032 ], [ -116.20204385, 26.040059499999963 ], [ -116.223729500000019, 26.031713050000032 ], [ -116.268041599999989, 26.049139899999961 ], [ -116.3715863, 26.032862099999978 ], [ -116.34352645, 26.0677886 ], [ -116.359326150000015, 26.074784399999988 ], [ -116.345783950000012, 26.090289399999985 ], [ -116.367912, 26.0994426 ], [ -116.3572167, 26.1106944 ], [ -116.383676, 26.1493708 ], [ -116.396155600000014, 26.141977749999967 ], [ -116.431458350000014, 26.18673995 ], [ -116.48867565, 26.1637264 ], [ -116.570933350000018, 26.193344449999973 ], [ -116.588958350000013, 26.239658199999983 ], [ -116.60476925, 26.218045 ], [ -116.63372615, 26.212513250000043 ], [ -116.761957050000021, 26.272889300000021 ], [ -116.786621899999986, 26.26961085000001 ], [ -116.69005445, 26.305985649999975 ], [ -116.6045547, 26.308048900000017 ], [ -116.564236800000018, 26.34942765 ], [ -116.567004600000018, 26.413038400000016 ], [ -116.528885050000014, 26.407136 ], [ -116.483477100000016, 26.433514099999972 ], [ -116.483940500000031, 26.445794200000019 ], [ -116.523877600000034, 26.459939450000029 ], [ -116.209360950000018, 26.525087399999986 ] ] ], [ [ [ -114.867889, 24.940182399999969 ], [ -114.84472915, 24.95262454999996 ], [ -114.754452950000015, 24.916020849999981 ], [ -114.77106045, 24.900079050000041 ], [ -114.776445200000026, 24.85531685 ], [ -114.85538105, 24.843029399999981 ], [ -114.8774566, 24.85413 ], [ -114.876801750000041, 24.88465105 ], [ -114.8996711, 24.88465105 ], [ -114.867889, 24.940182399999969 ] ] ], [ [ [ -114.316453850000016, 25.213447 ], [ -114.3012194, 25.202826250000026 ], [ -114.305776400000028, 25.166780450000054 ], [ -114.325544050000019, 25.1943349 ], [ -114.316453850000016, 25.213447 ] ] ], [ [ [ -115.31405745, 25.0942776 ], [ -115.18520985, 25.093317899999981 ], [ -115.1897, 25.09837715 ], [ -115.167948200000012, 25.113648 ], [ -115.157116749999986, 25.054836800000032 ], [ -115.13605515, 25.051604550000011 ], [ -115.13600685, 25.036720100000018 ], [ -115.218630650000023, 25.08957010000001 ], [ -115.22626835, 25.0601659 ], [ -115.17277085, 25.04225535000004 ], [ -115.183520050000013, 25.0208091 ], [ -115.14506590000002, 25.030790399999987 ], [ -115.138776750000019, 25.016488 ], [ -115.1112986, 25.017815550000023 ], [ -115.05679975000001, 24.97945485 ], [ -115.0407442, 24.9492306 ], [ -114.997918200000029, 24.94171575 ], [ -114.9905101, 24.815193199999971 ], [ -115.024742550000013, 24.80905 ], [ -114.98565385000002, 24.789884 ], [ -115.0003297, 24.790165049999988 ], [ -114.987049300000024, 24.774296399999969 ], [ -115.007756350000022, 24.774058049999979 ], [ -115.005565350000012, 24.741687599999974 ], [ -115.058068150000011, 24.741927700000019 ], [ -115.08405565000001, 24.754366 ], [ -115.08242605, 24.770240949999987 ], [ -115.08914080000001, 24.756804099999982 ], [ -115.10443475, 24.7490782 ], [ -115.10865435, 24.771650050000016 ], [ -115.1306151, 24.780395499999972 ], [ -115.112607249999982, 24.7922374 ], [ -115.135461549999988, 24.820212200000011 ], [ -115.19081475, 24.81947055 ], [ -115.215673150000015, 24.839355799999982 ], [ -115.2078314, 24.857796249999964 ], [ -115.24099285, 24.867892 ], [ -115.2355346, 24.9006835 ], [ -115.315649950000022, 24.932744199999959 ], [ -115.36425060000002, 24.923126899999968 ], [ -115.323022, 24.94716 ], [ -115.38719835, 24.949423450000019 ], [ -115.37090935, 24.909141949999977 ], [ -115.37994495, 24.9008473 ], [ -115.353815700000013, 24.8940055 ], [ -115.33491955, 24.841329099999982 ], [ -115.261597700000024, 24.786533100000021 ], [ -115.23575405000004, 24.734486700000041 ], [ -115.306334, 24.745493499999984 ], [ -115.310343250000031, 24.767748949999977 ], [ -115.408579500000016, 24.83236175 ], [ -115.409974250000019, 24.855456149999984 ], [ -115.432906950000017, 24.8693543 ], [ -115.427550200000027, 24.9252465 ], [ -115.4397981, 24.927560350000046 ], [ -115.4211032, 24.94624195 ], [ -115.44932265, 24.973136650000018 ], [ -115.4252234, 24.984554 ], [ -115.365247750000023, 24.970313200000014 ], [ -115.346173800000017, 24.974537700000017 ], [ -115.337761200000017, 24.970866899999987 ], [ -115.3400593, 24.973834199999974 ], [ -115.32252745000001, 24.97101145 ], [ -115.310929150000035, 24.973212949999962 ], [ -115.40089, 25.011116550000022 ], [ -115.394355500000032, 25.03181345 ], [ -115.407016749999983, 25.042860149999985 ], [ -115.39202765, 25.063693200000014 ], [ -115.4424665, 25.04889625 ], [ -115.505400350000016, 25.083628150000024 ], [ -115.491664600000021, 25.065540150000015 ], [ -115.505090950000024, 25.04019384999998 ], [ -115.53485950000001, 25.035132849999989 ], [ -115.581007, 24.998102150000022 ], [ -115.61291055, 25.01366805 ], [ -115.63759675, 25.00443505000003 ], [ -115.60324425, 25.056421949999976 ], [ -115.56792365, 25.054344350000033 ], [ -115.541429, 25.075559949999967 ], [ -115.535733100000016, 25.0922364 ], [ -115.596663200000023, 25.123259700000016 ], [ -115.579770100000019, 25.138124899999987 ], [ -115.459248300000013, 25.128839050000035 ], [ -115.49808255, 25.10892125 ], [ -115.48695675, 25.09308655 ], [ -115.484802500000015, 25.107714099999981 ], [ -115.47157915, 25.09771635 ], [ -115.46362470000004, 25.099137349999943 ], [ -115.463223950000014, 25.117146250000037 ], [ -115.425512850000018, 25.093733700000012 ], [ -115.430511900000013, 25.122722799999966 ], [ -115.4048023, 25.137156800000035 ], [ -115.448496300000016, 25.1853966 ], [ -115.4689706, 25.1839063 ], [ -115.47066670000001, 25.157842499999973 ], [ -115.48287505, 25.15826635000003 ], [ -115.4852981, 25.1841632 ], [ -115.451454150000018, 25.199707049999986 ], [ -115.48019545, 25.19811875 ], [ -115.477758750000021, 25.202565500000023 ], [ -115.481659150000013, 25.202452800000014 ], [ -115.481169850000015, 25.210530450000036 ], [ -115.4816168, 25.211988900000012 ], [ -115.483432250000021, 25.212588799999974 ], [ -115.5169017, 25.201603 ], [ -115.5213726, 25.2164451 ], [ -115.59974915, 25.16267460000001 ], [ -115.630445200000011, 25.171968500000027 ], [ -115.633251850000022, 25.1899403 ], [ -115.590019149999975, 25.22775605 ], [ -115.525226449999977, 25.22800139999995 ], [ -115.575692950000033, 25.2424095 ], [ -115.526141700000011, 25.245400600000028 ], [ -115.514225600000017, 25.26175925 ], [ -115.58912525, 25.272574599999988 ], [ -115.570365599999988, 25.282505499999974 ], [ -115.58073435, 25.30022285 ], [ -115.5706456, 25.3018178 ], [ -115.567117600000017, 25.305974049999975 ], [ -115.582718500000013, 25.309499949999989 ], [ -115.5672289, 25.325664 ], [ -115.46037915, 25.316353300000035 ], [ -115.47068875, 25.30857315 ], [ -115.469562450000012, 25.29498265 ], [ -115.44558465, 25.317649 ], [ -115.410684750000016, 25.314718450000015 ], [ -115.412407449999989, 25.29957465 ], [ -115.37476635, 25.285087800000021 ], [ -115.3780602, 25.263483350000019 ], [ -115.361275949999978, 25.266074400000011 ], [ -115.37743475000002, 25.225060700000022 ], [ -115.341927950000013, 25.216634450000043 ], [ -115.331917249999989, 25.18904465 ], [ -115.379996400000024, 25.14807715000001 ], [ -115.3642079, 25.11713365 ], [ -115.31405745, 25.0942776 ] ] ], [ [ [ -115.314091749999974, 25.2081599 ], [ -115.260550150000014, 25.1971125 ], [ -115.198320500000023, 25.152633099999957 ], [ -115.246350650000011, 25.15645125 ], [ -115.273757400000022, 25.17564595 ], [ -115.263572400000029, 25.192186600000017 ], [ -115.314091749999974, 25.2081599 ] ] ], [ [ [ -115.051770950000019, 25.046389549999976 ], [ -115.1050553, 25.116085749999954 ], [ -115.074884600000033, 25.1074201 ], [ -115.06491695, 25.13103845000002 ], [ -115.026309500000025, 25.133456249999988 ], [ -115.0246701, 25.178595050000016 ], [ -114.993829500000018, 25.205245800000021 ], [ -115.00475265, 25.22793665 ], [ -114.99247290000001, 25.22974755 ], [ -114.9904254, 25.2606529 ], [ -115.00031535, 25.267799900000011 ], [ -115.009814699999978, 25.24642155 ], [ -115.073452400000022, 25.213536599999976 ], [ -115.064534750000021, 25.176404750000025 ], [ -115.1239175, 25.169529350000047 ], [ -115.15747375, 25.184697650000039 ], [ -115.1530746, 25.1992468 ], [ -115.176590050000016, 25.223743300000024 ], [ -115.213142300000015, 25.2245826 ], [ -115.22085, 25.211849600000019 ], [ -115.25311055, 25.250490299999971 ], [ -115.250838, 25.27596015 ], [ -115.210181650000024, 25.28324295 ], [ -115.185991050000013, 25.34638785 ], [ -115.26738705, 25.367877850000045 ], [ -115.22034915, 25.385115700000011 ], [ -115.3324755, 25.366054 ], [ -115.338368800000026, 25.37905825 ], [ -115.375989250000018, 25.381231750000019 ], [ -115.420571200000012, 25.35653995 ], [ -115.685645799999989, 25.352684349999958 ], [ -115.6621965, 25.350104150000039 ], [ -115.656512500000019, 25.3376914 ], [ -115.6763617, 25.331408200000016 ], [ -115.641054749999981, 25.313103900000016 ], [ -115.656433750000033, 25.296902050000028 ], [ -115.66295145, 25.3069523 ], [ -115.668043950000012, 25.305603050000041 ], [ -115.6825826, 25.320590050000018 ], [ -115.686769300000023, 25.322175550000058 ], [ -115.693508200000011, 25.328318050000011 ], [ -115.695379300000027, 25.328541700000059 ], [ -115.69777925, 25.2893347 ], [ -115.67182990000002, 25.297212499999986 ], [ -115.658398650000024, 25.277919100000027 ], [ -115.68474315, 25.27192395 ], [ -115.676179, 25.25076645 ], [ -115.6900852, 25.228702449999979 ], [ -115.714164500000024, 25.237145849999987 ], [ -115.70321055, 25.25801739999995 ], [ -115.720749750000024, 25.276090700000022 ], [ -115.72353995, 25.311944 ], [ -115.72842175, 25.280230849999981 ], [ -115.736688050000012, 25.2908439 ], [ -115.7465542, 25.292257899999981 ], [ -115.734248550000018, 25.26111455 ], [ -115.770183050000014, 25.2638078 ], [ -115.7613284, 25.243073799999987 ], [ -115.7367276, 25.2502467 ], [ -115.7324226, 25.2314034 ], [ -115.755096300000019, 25.230618 ], [ -115.73917830000002, 25.217587150000014 ], [ -115.74237380000001, 25.207162399999984 ], [ -115.7486752, 25.200909650000057 ], [ -115.791450100000034, 25.2415534 ], [ -115.772576699999988, 25.254031949999987 ], [ -115.791678650000023, 25.257025850000019 ], [ -115.7979013, 25.290512099999962 ], [ -115.772267649999989, 25.283317850000014 ], [ -115.780916500000018, 25.29625455 ], [ -115.769762700000015, 25.30972115 ], [ -115.763691250000036, 25.303462800000037 ], [ -115.753953899999985, 25.300350249999983 ], [ -115.75875205, 25.3141994 ], [ -115.80092495, 25.299827 ], [ -115.791173250000028, 25.31100635 ], [ -115.803091800000018, 25.32225080000001 ], [ -115.77880915, 25.325876450000017 ], [ -115.78777055, 25.3476027 ], [ -115.763925050000026, 25.343845800000015 ], [ -115.7651525, 25.357265850000012 ], [ -115.72121945, 25.336267250000052 ], [ -115.7206346, 25.31931675 ], [ -115.711563300000023, 25.345548550000036 ], [ -115.771512350000023, 25.39014835 ], [ -115.811578600000018, 25.393586400000018 ], [ -115.796849550000019, 25.419833599999972 ], [ -115.83595855, 25.448067050000013 ], [ -115.847070700000017, 25.495156749999968 ], [ -115.709442650000028, 25.5597202 ], [ -115.704396350000025, 25.574955350000014 ], [ -115.661367, 25.58482255 ], [ -115.570394300000018, 25.569645850000022 ], [ -115.56185115, 25.596590949999982 ], [ -115.58948995, 25.606011200000026 ], [ -115.454892200000018, 25.633204449999983 ], [ -115.381397450000023, 25.6177159 ], [ -115.345225650000017, 25.665788050000025 ], [ -115.2256065, 25.69922005 ], [ -115.1292284, 25.6721871 ], [ -115.08677235, 25.62393855 ], [ -115.129143700000014, 25.582029550000019 ], [ -115.0158165, 25.56577065 ], [ -115.043248800000015, 25.505776799999975 ], [ -114.9555073, 25.482097900000014 ], [ -114.9653752, 25.46378625 ], [ -114.942364450000028, 25.409721050000023 ], [ -114.85337415, 25.414280849999969 ], [ -114.595714649999977, 25.305157499999979 ], [ -114.594625450000024, 25.287514349999967 ], [ -114.626890200000034, 25.260508699999978 ], [ -114.734929950000023, 25.201160949999974 ], [ -114.6339056, 25.10373635000002 ], [ -114.6174157, 25.052772150000028 ], [ -114.62752685000001, 25.0243721 ], [ -114.690436200000036, 25.016757849999959 ], [ -114.699505750000029, 25.033082550000014 ], [ -114.715259250000017, 25.036146100000021 ], [ -114.71845825, 24.98705265 ], [ -114.751345300000025, 24.98570165 ], [ -114.7387075, 24.965656799999987 ], [ -114.75457615, 24.946889800000022 ], [ -114.810972350000029, 24.946986050000014 ], [ -114.82535175000001, 24.967925499999978 ], [ -114.838937, 24.9523414 ], [ -114.893869850000016, 24.95906279999998 ], [ -114.88484895, 24.938139100000011 ], [ -114.911188550000034, 24.895535 ], [ -114.940808700000019, 24.917831749999976 ], [ -114.9582464, 24.982740649999965 ], [ -114.937037450000034, 25.015598650000012 ], [ -114.9467069, 25.031665050000029 ], [ -114.88456685, 25.0530497 ], [ -114.906205950000015, 25.105621800000023 ], [ -114.897806300000028, 25.1495356 ], [ -114.856789100000029, 25.1489182 ], [ -114.874403900000019, 25.1698412 ], [ -114.9150907, 25.157465199999962 ], [ -114.93625975, 25.084588899999982 ], [ -114.9859993, 25.056261650000028 ], [ -114.98425875, 25.025843850000019 ], [ -115.051770950000019, 25.046389549999976 ] ] ], [ [ [ -115.37253370000002, 25.32449185 ], [ -115.32480805, 25.3603301 ], [ -115.2499553, 25.35946175 ], [ -115.217797299999987, 25.3363117 ], [ -115.2273068, 25.332989149999978 ], [ -115.241308199999978, 25.319697200000032 ], [ -115.230343049999988, 25.2968408 ], [ -115.300325900000018, 25.28145270000002 ], [ -115.37253370000002, 25.32449185 ] ] ], [ [ [ -116.013439350000013, 26.102637399999971 ], [ -116.06061830000003, 26.162091900000011 ], [ -116.03444005, 26.18580335 ], [ -115.959238, 26.2005569 ], [ -115.99402275, 26.187373449999971 ], [ -115.965648250000029, 26.170731649999968 ], [ -115.901092150000011, 26.167025850000041 ], [ -115.987668500000012, 26.141774050000024 ], [ -115.942676700000021, 26.125103899999978 ], [ -115.9676618, 26.120475500000033 ], [ -115.95238185, 26.1176895 ], [ -115.95865735000001, 26.10858915 ], [ -115.957214650000026, 26.101820150000027 ], [ -115.920654, 26.128368700000028 ], [ -115.927734149999978, 26.148254649999945 ], [ -115.805150500000025, 26.1859598 ], [ -115.7936061, 26.203990750000017 ], [ -115.644176400000021, 26.1553054 ], [ -115.482056750000041, 26.050692150000025 ], [ -115.5115264, 26.03570305 ], [ -115.41030885, 25.953786599999983 ], [ -115.596551900000023, 25.827576949999962 ], [ -115.648232550000031, 25.882839149999977 ], [ -115.71805825, 25.921991550000019 ], [ -115.7309029, 25.965494099999969 ], [ -115.906384150000022, 25.980973900000034 ], [ -115.9408126, 26.00447885 ], [ -115.947987250000011, 26.031637450000051 ], [ -115.994338800000023, 26.029613400000031 ], [ -116.01709825, 26.068590099999977 ], [ -116.0639559, 26.086773649999959 ], [ -116.013439350000013, 26.102637399999971 ] ] ] ] } },
{ "type": "Feature", "properties": { "territory": "South Florida", "fillColor": "#D65DB1", "fillOpacity": 0.85, "strokeColor": "#666666", "strokeWidth": 1.0 }, "geometry": { "type": "MultiPolygon", "coordinates": [ [ [ [ -83.012855, 24.759854 ], [ -82.868886, 24.798089 ], [ -82.775669, 24.798173 ], [ -82.721895, 24.780202 ], [ -82.679978, 24.748513 ], [ -82.645331, 24.688635 ], [ -82.651983, 24.593297 ], [ -82.828181, 24.583765 ], [ -82.872065, 24.562216 ], [ -82.999742, 24.583917 ], [ -82.999876, 24.476981 ], [ -83.014047, 24.48232 ], [ -83.08256, 24.536873 ], [ -83.108914, 24.611086 ], [ -83.088453, 24.692051 ], [ -83.012855, 24.759854 ] ] ], [ [ [ -81.957641, 28.34518 ], [ -81.953788, 28.76953 ], [ -82.014192, 28.813801 ], [ -82.054046, 28.785255 ], [ -82.062189, 28.814421 ], [ -82.082897, 28.821694 ], [ -82.08696, 28.77291 ], [ -82.08808, 28.77033 ], [ -82.092786, 28.764666 ], [ -82.096185, 28.766483 ], [ -82.105661, 28.80415 ], [ -82.142329, 28.832875 ], [ -82.127401, 28.852607 ], [ -82.15306, 28.87289 ], [ -82.153059, 28.928298 ], [ -82.10056, 28.89449 ], [ -82.047521, 28.909223 ], [ -82.014584, 28.901526 ], [ -82.02063, 28.87273 ], [ -81.999906, 28.86545 ], [ -82.03537, 28.84568 ], [ -81.95828, 28.82166 ], [ -81.95358, 28.836434 ], [ -81.932302, 28.836207 ], [ -81.936101, 28.861674 ], [ -81.953435, 28.86356 ], [ -81.953754, 28.916028 ], [ -81.936794, 28.887023 ], [ -81.835379, 28.898015 ], [ -81.847027, 29.003784 ], [ -81.832313, 29.005061 ], [ -81.83493, 29.037488 ], [ -81.809157, 29.046658 ], [ -81.812852, 29.106735 ], [ -81.755669, 29.10685 ], [ -81.754448, 29.004666 ], [ -81.674668, 29.003891 ], [ -81.659127, 29.012484 ], [ -81.659197, 29.04776 ], [ -81.641143, 29.04776 ], [ -81.675444, 29.050508 ], [ -81.6754, 29.103554 ], [ -81.654865, 29.105555 ], [ -81.640925, 29.168809 ], [ -81.622086, 29.171396 ], [ -81.60612, 29.163312 ], [ -81.617806, 29.107039 ], [ -81.605887, 29.08151 ], [ -81.502828, 29.080251 ], [ -81.50482, 29.09912 ], [ -81.466351, 29.096703 ], [ -81.455289, 29.063071 ], [ -81.395227, 29.018668 ], [ -81.39657, 29.044457 ], [ -81.37404, 29.051647 ], [ -81.392138, 29.070719 ], [ -81.364117, 29.068503 ], [ -81.364073, 29.107894 ], [ -81.318478, 29.104495 ], [ -81.258784, 29.138711 ], [ -81.252255, 29.123169 ], [ -81.228757, 29.159843 ], [ -81.21694, 29.062957 ], [ -81.198768, 29.052263 ], [ -81.143625, 29.110459 ], [ -81.132923, 29.092984 ], [ -81.154664, 29.028411 ], [ -81.141303, 29.02592 ], [ -81.139878, 28.973504 ], [ -81.166106, 28.972096 ], [ -81.161593, 28.931834 ], [ -81.114612, 28.890042 ], [ -81.095986, 28.848546 ], [ -81.080718, 28.849788 ], [ -81.077566, 28.875899 ], [ -81.105104, 28.909023 ], [ -81.098373, 28.924758 ], [ -81.069661, 28.918568 ], [ -81.069971, 28.943743 ], [ -81.036071, 28.950737 ], [ -81.024615, 28.899775 ], [ -81.037012, 28.88656 ], [ -81.015978, 28.875001 ], [ -80.870717, 28.878118 ], [ -80.870621, 28.900748 ], [ -80.854309, 28.903925 ], [ -80.825054, 28.856937 ], [ -80.850723, 28.806565 ], [ -80.806976, 28.633674 ], [ -80.759011, 28.527552 ], [ -80.728734, 28.527353 ], [ -80.715347, 28.560586 ], [ -80.70833, 28.585464 ], [ -80.731921, 28.608327 ], [ -80.727553, 28.625832 ], [ -80.712687, 28.613235 ], [ -80.712786, 28.643603 ], [ -80.656243, 28.613815 ], [ -80.663833, 28.643435 ], [ -80.649785, 28.643165 ], [ -80.594612, 28.607032 ], [ -80.622428, 28.52136 ], [ -80.612039, 28.513875 ], [ -80.642609, 28.508291 ], [ -80.662232, 28.409834 ], [ -80.675869, 28.40914 ], [ -80.640061, 28.409216 ], [ -80.604053, 28.41979 ], [ -80.583986, 28.509513 ], [ -80.599366, 28.525676 ], [ -80.559279, 28.525621 ], [ -80.524905, 28.459261 ], [ -80.581614, 28.4187 ], [ -80.60126, 28.345071 ], [ -80.601274, 28.271987 ], [ -80.568347, 28.114489 ], [ -80.378777, 27.73966 ], [ -80.285586, 27.46475 ], [ -80.089578, 27.0186 ], [ -80.027109, 26.797212 ], [ -80.033071, 26.58403 ], [ -80.115292, 25.986341 ], [ -80.110192, 25.818362 ], [ -80.14981, 25.661011 ], [ -80.185034, 25.684245 ], [ -80.174685, 25.734803 ], [ -80.199741, 25.740039 ], [ -80.247757, 25.709521 ], [ -80.272002, 25.639191 ], [ -80.306315, 25.614182 ], [ -80.311677, 25.559849 ], [ -80.331444, 25.559427 ], [ -80.325134, 25.534769 ], [ -80.33131, 25.537539 ], [ -80.347508, 25.537415 ], [ -80.33594, 25.519354 ], [ -80.347523, 25.504245 ], [ -80.371742, 25.507472 ], [ -80.37146, 25.470464 ], [ -80.338533, 25.469932 ], [ -80.349712, 25.448308 ], [ -80.316936, 25.439099 ], [ -80.328522, 25.41955 ], [ -80.327469, 25.435946 ], [ -80.349664, 25.434112 ], [ -80.355765, 25.416683 ], [ -80.352279, 25.436012 ], [ -80.371566, 25.381899 ], [ -80.439695, 25.382082 ], [ -80.458537, 25.410946 ], [ -80.43611, 25.434673 ], [ -80.474783, 25.436475 ], [ -80.45442, 25.331315 ], [ -80.461329, 25.294178 ], [ -80.445692, 25.289583 ], [ -80.433478, 25.236417 ], [ -80.394931, 25.253537 ], [ -80.372121, 25.310215 ], [ -80.265472, 25.354296 ], [ -80.277126, 25.335392 ], [ -80.237718, 25.335238 ], [ -80.301315, 25.253093 ], [ -80.37045, 25.123385 ], [ -80.44612, 25.062203 ], [ -80.417569, 25.039951 ], [ -80.467891, 25.036735 ], [ -80.499991, 24.992934 ], [ -80.622516, 24.918822 ], [ -80.656438, 24.875412 ], [ -80.696955, 24.870186 ], [ -80.791371, 24.808684 ], [ -80.874772, 24.786895 ], [ -80.874752, 24.7661 ], [ -80.900892, 24.750481 ], [ -80.951924, 24.750431 ], [ -81.064875, 24.702812 ], [ -81.086163, 24.675981 ], [ -81.157756, 24.701946 ], [ -81.228198, 24.682371 ], [ -81.228398, 24.662872 ], [ -81.410851, 24.613565 ], [ -81.458558, 24.628103 ], [ -81.461003, 24.641096 ], [ -81.50524, 24.642755 ], [ -81.50247, 24.604906 ], [ -81.594851, 24.570913 ], [ -81.624809, 24.566497 ], [ -81.636883, 24.580339 ], [ -81.706468, 24.547446 ], [ -81.874815, 24.539192 ], [ -81.945175, 24.517481 ], [ -82.012333, 24.517897 ], [ -82.092679, 24.560239 ], [ -82.118595, 24.536571 ], [ -82.203022, 24.54897 ], [ -82.154197, 24.596535 ], [ -82.124823, 24.603552 ], [ -81.999817, 24.557573 ], [ -81.906938, 24.620075 ], [ -81.806216, 24.575775 ], [ -81.810119, 24.590843 ], [ -81.801461, 24.610886 ], [ -81.829008, 24.621495 ], [ -81.826789, 24.637475 ], [ -81.797307, 24.642939 ], [ -81.788105, 24.623138 ], [ -81.807176, 24.59167 ], [ -81.794604, 24.567119 ], [ -81.772631, 24.569342 ], [ -81.782187, 24.577439 ], [ -81.773531, 24.585657 ], [ -81.769218, 24.568332 ], [ -81.750667, 24.572951 ], [ -81.749813, 24.625422 ], [ -81.653363, 24.625422 ], [ -81.640281, 24.604826 ], [ -81.609517, 24.619094 ], [ -81.603509, 24.622703 ], [ -81.624711, 24.620002 ], [ -81.6132, 24.624952 ], [ -81.626855, 24.631782 ], [ -81.62481, 24.716738 ], [ -81.5926, 24.72984 ], [ -81.530573, 24.691697 ], [ -81.491126, 24.750405 ], [ -81.431374, 24.750449 ], [ -81.404355, 24.728705 ], [ -81.403184, 24.755962 ], [ -81.44123, 24.772354 ], [ -81.407263, 24.802499 ], [ -81.355877, 24.779877 ], [ -81.358228, 24.751078 ], [ -81.403769, 24.776736 ], [ -81.33324, 24.711303 ], [ -81.31863, 24.72055 ], [ -81.354275, 24.750418 ], [ -81.3067, 24.757382 ], [ -81.249799, 24.729858 ], [ -81.2498, 24.750418 ], [ -81.142892, 24.750417 ], [ -81.143218, 24.724366 ], [ -81.105811, 24.723438 ], [ -81.025615, 24.749275 ], [ -80.8574, 24.813543 ], [ -80.798415, 24.851198 ], [ -80.804483, 24.8655 ], [ -80.565327, 24.995899 ], [ -80.516487, 25.028976 ], [ -80.516257, 25.060533 ], [ -80.474398, 25.081641 ], [ -80.442935, 25.128202 ], [ -80.422793, 25.126794 ], [ -80.418081, 25.147672 ], [ -80.448401, 25.173244 ], [ -80.434959, 25.19887 ], [ -80.46087, 25.211123 ], [ -80.455855, 25.223053 ], [ -80.500453, 25.211327 ], [ -80.495335, 25.199499 ], [ -80.519176, 25.222375 ], [ -80.539634, 25.213512 ], [ -80.535837, 25.198923 ], [ -80.561949, 25.212194 ], [ -80.565387, 25.192651 ], [ -80.574966, 25.197977 ], [ -80.577233, 25.202221 ], [ -80.564044, 25.207836 ], [ -80.579852, 25.21172 ], [ -80.61413, 25.175956 ], [ -80.645074, 25.174704 ], [ -80.652277, 25.14658 ], [ -80.673696, 25.138477 ], [ -80.653063, 25.162866 ], [ -80.671694, 25.174583 ], [ -80.697851, 25.162944 ], [ -80.706294, 25.139815 ], [ -80.731704, 25.167443 ], [ -80.747197, 25.158715 ], [ -80.721555, 25.145496 ], [ -80.74293, 25.142654 ], [ -80.765959, 25.162279 ], [ -80.771244, 25.140767 ], [ -80.778018, 25.137704 ], [ -80.782213, 25.165273 ], [ -80.800526, 25.142985 ], [ -80.793901, 25.176244 ], [ -80.808189, 25.18421 ], [ -80.825739, 25.160548 ], [ -80.850357, 25.177341 ], [ -80.895762, 25.165108 ], [ -80.900711, 25.139652 ], [ -81.042542, 25.131571 ], [ -81.142312, 25.18329 ], [ -81.172479, 25.226787 ], [ -81.145615, 25.327008 ], [ -81.118584, 25.3286 ], [ -81.080163, 25.285091 ], [ -81.092561, 25.276518 ], [ -81.06781, 25.278706 ], [ -81.070077, 25.255375 ], [ -81.017868, 25.217196 ], [ -80.962485, 25.202601 ], [ -80.930014, 25.21014 ], [ -80.901543, 25.249162 ], [ -80.912847, 25.269951 ], [ -80.925295, 25.262317 ], [ -80.925534, 25.285328 ], [ -80.942144, 25.272408 ], [ -80.94867, 25.300606 ], [ -80.934883, 25.310695 ], [ -80.95198, 25.301226 ], [ -80.949938, 25.294226 ], [ -80.957237, 25.297498 ], [ -80.949407, 25.314412 ], [ -80.967168, 25.303489 ], [ -80.961051, 25.331691 ], [ -80.980039, 25.325356 ], [ -80.981561, 25.330635 ], [ -80.976158, 25.330537 ], [ -80.9708, 25.339722 ], [ -80.987814, 25.348547 ], [ -81.02205, 25.327284 ], [ -81.067438, 25.354798 ], [ -81.012255, 25.387657 ], [ -81.007433, 25.417587 ], [ -81.154734, 25.428416 ], [ -81.172872, 25.477446 ], [ -81.209574, 25.506232 ], [ -81.204374, 25.53905 ], [ -81.233577, 25.568818 ], [ -81.230617, 25.574715 ], [ -81.225924, 25.569206 ], [ -81.227036, 25.574771 ], [ -81.220377, 25.571382 ], [ -81.220553, 25.572306 ], [ -81.219309, 25.572708 ], [ -81.218714, 25.573892 ], [ -81.218848, 25.574277 ], [ -81.241624, 25.594479 ], [ -81.232194, 25.603379 ], [ -81.251148, 25.64218 ], [ -81.272271, 25.647912 ], [ -81.267088, 25.667457 ], [ -81.286172, 25.678214 ], [ -81.222066, 25.721419 ], [ -81.202012, 25.683756 ], [ -81.185939, 25.680077 ], [ -81.184784, 25.712836 ], [ -81.211798, 25.729447 ], [ -81.203473, 25.739836 ], [ -81.212308, 25.729954 ], [ -81.244315, 25.761771 ], [ -81.226168, 25.760147 ], [ -81.225634, 25.763478 ], [ -81.251592, 25.766107 ], [ -81.245619, 25.768062 ], [ -81.242301, 25.771977 ], [ -81.244604, 25.773781 ], [ -81.252624, 25.77 ], [ -81.253555, 25.75533 ], [ -81.257852, 25.755794 ], [ -81.25427, 25.784775 ], [ -81.259826, 25.773327 ], [ -81.274091, 25.787209 ], [ -81.25813, 25.801054 ], [ -81.374801, 25.803291 ], [ -81.374801, 25.832827 ], [ -81.399821, 25.832861 ], [ -81.418086, 25.865588 ], [ -81.512964, 25.876802 ], [ -81.514753, 25.890283 ], [ -81.524546, 25.852979 ], [ -81.547706, 25.849564 ], [ -81.604149, 25.891837 ], [ -81.660097, 25.89035 ], [ -81.68542, 25.846894 ], [ -81.760103, 25.951911 ], [ -81.754434, 25.987269 ], [ -81.803415, 26.090152 ], [ -81.829217, 26.270429 ], [ -81.87096, 26.378765 ], [ -81.973406, 26.471655 ], [ -82.023405, 26.474072 ], [ -82.01122, 26.450666 ], [ -82.081404, 26.420139 ], [ -82.133621, 26.436459 ], [ -82.188184, 26.481561 ], [ -82.234692, 26.633392 ], [ -82.275991, 26.684717 ], [ -82.251303, 26.710814 ], [ -82.235577, 26.695758 ], [ -82.124813, 26.70361 ], [ -82.102737, 26.6681 ], [ -82.10877, 26.649087 ], [ -82.109291, 26.642846 ], [ -82.107032, 26.63818 ], [ -82.074173, 26.625743 ], [ -82.079299, 26.638325 ], [ -82.065063, 26.640628 ], [ -82.091569, 26.674062 ], [ -82.056038, 26.786693 ], [ -82.053361, 26.786033 ], [ -82.045089, 26.786382 ], [ -82.044622, 26.786455 ], [ -82.044392, 26.786551 ], [ -82.044323, 26.786689 ], [ -82.05348, 26.786108 ], [ -82.062421, 26.789924 ], [ -82.063216, 26.796316 ], [ -82.03914, 26.797663 ], [ -82.053599, 26.807796 ], [ -82.039831, 26.822085 ], [ -82.061502, 26.847513 ], [ -82.061261, 26.886759 ], [ -82.099866, 26.908402 ], [ -82.090987, 26.932628 ], [ -82.053419, 26.947719 ], [ -82.129134, 26.962062 ], [ -82.157034, 26.95335 ], [ -82.169781, 26.973482 ], [ -82.186642, 26.969106 ], [ -82.187109, 26.912287 ], [ -82.157688, 26.857955 ], [ -82.148683, 26.790963 ], [ -82.166825, 26.782388 ], [ -82.173647, 26.797196 ], [ -82.15748, 26.814235 ], [ -82.164099, 26.836625 ], [ -82.179689, 26.806464 ], [ -82.209058, 26.808059 ], [ -82.226218, 26.782011 ], [ -82.191567, 26.765713 ], [ -82.246973, 26.758933 ], [ -82.250101, 26.71712 ], [ -82.264931, 26.714948 ], [ -82.282763, 26.814368 ], [ -82.342603, 26.89349 ], [ -82.298451, 26.868792 ], [ -82.304912, 26.915933 ], [ -82.259328, 26.925496 ], [ -82.255169, 27.03302 ], [ -81.562624, 27.033835 ], [ -81.562631, 27.121113 ], [ -81.535718, 27.120908 ], [ -81.512607, 27.153316 ], [ -81.541289, 27.169086 ], [ -81.53469, 27.209103 ], [ -81.461763, 27.20915 ], [ -81.471836, 27.120971 ], [ -81.436923, 27.120801 ], [ -81.370602, 27.185399 ], [ -81.379569, 27.208584 ], [ -81.349958, 27.211311 ], [ -81.328582, 27.208387 ], [ -81.328478, 27.186352 ], [ -81.292064, 27.186385 ], [ -81.292065, 27.168074 ], [ -81.260515, 27.171742 ], [ -81.267386, 27.15016 ], [ -81.230261, 27.139064 ], [ -81.230228, 27.121198 ], [ -81.168281, 27.121734 ], [ -81.169138, 27.209585 ], [ -81.149304, 27.210206 ], [ -81.189187, 27.266609 ], [ -81.082576, 27.23349 ], [ -81.053813, 27.236113 ], [ -81.054, 27.276646 ], [ -81.004441, 27.27756 ], [ -81.044109, 27.329673 ], [ -81.034429, 27.35916 ], [ -81.068402, 27.382346 ], [ -81.121556, 27.389974 ], [ -81.144078, 27.412277 ], [ -81.144872, 27.445007 ], [ -81.205117, 27.489733 ], [ -81.199437, 27.515046 ], [ -81.214284, 27.528709 ], [ -81.156578, 27.574494 ], [ -81.140482, 27.600833 ], [ -81.142891, 27.642562 ], [ -81.123616, 27.643065 ], [ -81.124188, 27.689465 ], [ -81.073463, 27.752529 ], [ -81.18193, 27.80394 ], [ -81.199283, 27.803461 ], [ -81.191248, 27.786332 ], [ -81.230079, 27.842351 ], [ -81.301862, 27.862081 ], [ -81.308696, 27.92188 ], [ -81.345773, 27.935774 ], [ -81.336824, 27.94991 ], [ -81.378823, 27.99103 ], [ -81.356074, 28.033122 ], [ -81.382476, 28.012361 ], [ -81.443362, 28.059185 ], [ -81.479609, 28.041781 ], [ -81.479546, 28.02699 ], [ -81.525572, 28.032794 ], [ -81.514052, 28.10593 ], [ -81.540699, 28.133419 ], [ -81.501478, 28.142732 ], [ -81.524227, 28.142805 ], [ -81.524184, 28.186998 ], [ -81.506862, 28.188742 ], [ -81.504627, 28.216717 ], [ -81.536566, 28.263285 ], [ -81.507985, 28.263192 ], [ -81.538106, 28.288971 ], [ -81.546377, 28.259824 ], [ -81.578501, 28.274746 ], [ -81.580191, 28.260258 ], [ -81.614226, 28.259429 ], [ -81.607124, 28.26854 ], [ -81.642194, 28.288429 ], [ -81.65704, 28.273758 ], [ -81.648646, 28.324935 ], [ -81.664299, 28.347067 ], [ -81.790727, 28.346413 ], [ -81.790887, 28.361837 ], [ -81.857624, 28.361868 ], [ -81.857512, 28.345965 ], [ -81.957641, 28.34518 ] ] ], [ [ [ -82.020927, 28.785027 ], [ -81.99174, 28.764063 ], [ -81.99589, 28.75579 ], [ -82.02054, 28.75587 ], [ -82.020927, 28.785027 ] ] ], [ [ [ -82.02095, 28.79047 ], [ -82.025127, 28.788695 ], [ -82.025106, 28.790522 ], [ -82.02095, 28.79047 ] ] ], [ [ [ -82.025001, 28.798719 ], [ -82.012605, 28.799664 ], [ -82.012662, 28.794175 ], [ -82.025001, 28.798719 ] ] ], [ [ [ -67.946523, 18.077723 ], [ -67.912531, 18.122103 ], [ -67.842035, 18.125553 ], [ -67.835002, 18.114775 ], [ -67.836759, 18.081313 ], [ -67.883197, 18.048418 ], [ -67.946523, 18.077723 ] ] ], [ [ [ -65.762969, 18.148964 ], [ -65.795176, 18.05812 ], [ -65.828705, 18.044938 ], [ -65.830155, 18.011065 ], [ -65.87034, 18.002258 ], [ -65.910124, 17.967717 ], [ -65.979285, 17.960244 ], [ -66.018415, 17.975904 ], [ -66.048812, 17.948472 ], [ -66.078033, 17.963781 ], [ -66.15586, 17.92686 ], [ -66.193079, 17.93684 ], [ -66.215325, 17.911322 ], [ -66.305192, 17.933185 ], [ -66.324585, 17.924633 ], [ -66.305361, 17.955715 ], [ -66.321667, 17.967735 ], [ -66.357022, 17.965761 ], [ -66.386596, 17.938172 ], [ -66.426311, 17.947852 ], [ -66.462038, 17.983499 ], [ -66.541042, 17.966882 ], [ -66.54536, 17.954451 ], [ -66.683428, 17.945087 ], [ -66.705336, 17.952539 ], [ -66.707559, 17.977264 ], [ -66.757405, 17.963945 ], [ -66.759358, 17.998021 ], [ -66.818335, 17.953084 ], [ -66.874618, 17.936846 ], [ -66.907484, 17.944366 ], [ -66.924291, 17.924385 ], [ -66.959123, 17.927409 ], [ -66.983173, 17.948314 ], [ -66.989687, 17.935455 ], [ -67.080539, 17.955832 ], [ -67.104747, 17.942153 ], [ -67.163132, 17.951591 ], [ -67.185781, 17.931076 ], [ -67.216335, 17.94954 ], [ -67.219342, 17.988329 ], [ -67.178626, 18.020399 ], [ -67.215103, 18.036918 ], [ -67.188985, 18.107741 ], [ -67.186878, 18.166536 ], [ -67.155405, 18.204084 ], [ -67.178408, 18.222211 ], [ -67.197529, 18.283834 ], [ -67.236325, 18.298455 ], [ -67.273065, 18.362099 ], [ -67.161898, 18.416553 ], [ -67.167534, 18.490913 ], [ -67.092281, 18.518707 ], [ -66.956749, 18.492195 ], [ -66.795682, 18.496382 ], [ -66.708382, 18.476964 ], [ -66.624618, 18.497983 ], [ -66.455442, 18.472479 ], [ -66.398787, 18.49901 ], [ -66.351681, 18.471777 ], [ -66.338143, 18.490296 ], [ -66.218867, 18.468494 ], [ -66.17876, 18.478584 ], [ -66.170049, 18.451096 ], [ -66.153853, 18.453914 ], [ -66.140777, 18.483643 ], [ -66.018975, 18.451609 ], [ -65.992833, 18.465623 ], [ -65.897273, 18.456855 ], [ -65.833609, 18.436822 ], [ -65.815961, 18.412963 ], [ -65.76929, 18.418507 ], [ -65.749607, 18.385383 ], [ -65.717975, 18.391896 ], [ -65.713587, 18.368856 ], [ -65.677735, 18.348891 ], [ -65.648454, 18.384722 ], [ -65.635431, 18.373564 ], [ -65.614627, 18.388685 ], [ -65.614241, 18.405698 ], [ -65.548792, 18.375756 ], [ -65.579336, 18.355119 ], [ -65.561476, 18.350082 ], [ -65.563158, 18.33485 ], [ -65.52459, 18.366174 ], [ -65.519577, 18.346754 ], [ -65.635904, 18.284511 ], [ -65.63202, 18.242914 ], [ -65.590762, 18.229593 ], [ -65.596886, 18.209084 ], [ -65.629717, 18.230345 ], [ -65.633985, 18.197361 ], [ -65.662113, 18.204174 ], [ -65.658364, 18.224498 ], [ -65.703959, 18.21359 ], [ -65.687618, 18.177837 ], [ -65.728747, 18.17833 ], [ -65.730164, 18.15335 ], [ -65.762969, 18.148964 ] ] ], [ [ [ -64.78721, 17.69511 ], [ -64.900816, 17.67403 ], [ -64.888602, 17.760779 ], [ -64.748495, 17.783649 ], [ -64.708824, 17.74687 ], [ -64.697968, 17.747817 ], [ -64.682046, 17.760309 ], [ -64.655259, 17.765855 ], [ -64.565193, 17.755138 ], [ -64.74037, 17.687715 ], [ -64.78721, 17.69511 ] ] ], [ [ [ -64.702728, 17.748556 ], [ -64.703174, 17.750641 ], [ -64.701859, 17.750637 ], [ -64.702728, 17.748556 ] ] ], [ [ [ -65.566181, 18.08488 ], [ -65.503404, 18.136408 ], [ -65.410314, 18.165632 ], [ -65.284758, 18.151726 ], [ -65.263996, 18.136945 ], [ -65.44685, 18.083835 ], [ -65.489982, 18.091645 ], [ -65.544281, 18.076781 ], [ -65.566181, 18.08488 ] ] ], [ [ [ -65.397102, 18.336259 ], [ -65.333703, 18.318316 ], [ -65.3698, 18.36629 ], [ -65.301322, 18.334887 ], [ -65.234364, 18.350214 ], [ -65.224638, 18.339273 ], [ -65.243508, 18.330024 ], [ -65.221041, 18.312026 ], [ -65.240404, 18.313644 ], [ -65.246955, 18.294391 ], [ -65.275566, 18.292273 ], [ -65.285801, 18.27352 ], [ -65.303633, 18.302547 ], [ -65.333571, 18.293706 ], [ -65.388694, 18.321244 ], [ -65.397102, 18.336259 ] ] ], [ [ [ -65.056533, 18.363404 ], [ -64.982265, 18.372616 ], [ -64.975404, 18.401857 ], [ -64.960106, 18.371409 ], [ -64.940618, 18.383286 ], [ -64.883408, 18.354986 ], [ -64.849433, 18.360562 ], [ -64.861269, 18.343625 ], [ -64.811999, 18.294597 ], [ -64.932938, 18.32247 ], [ -64.957701, 18.306246 ], [ -64.985996, 18.345194 ], [ -65.02674, 18.341123 ], [ -65.056533, 18.363404 ] ] ], [ [ [ -64.798904, 18.329967 ], [ -64.749559, 18.37295 ], [ -64.660608, 18.343358 ], [ -64.702855, 18.298189 ], [ -64.737192, 18.316847 ], [ -64.781459, 18.31053 ], [ -64.798904, 18.329967 ] ] ], [ [ [ -64.809652, 18.358469 ], [ -64.801721, 18.365474 ], [ -64.797776, 18.363558 ], [ -64.809652, 18.358469 ] ] ] ] } },
{ "type": "Feature", "properties": { "territory": "Southeast", "fillColor": "#6C757D", "fillOpacity": 0.85, "strokeColor": "#666666", "strokeWidth": 1.0 }, "geometry": { "type": "Polygon", "coordinates": [ [ [ -87.51838, 30.283901 ], [ -87.518346, 30.229506 ], [ -87.647824, 30.199211 ], [ -87.807153, 30.177378 ], [ -87.987409, 30.17789 ], [ -88.046104, 30.144689 ], [ -88.128498, 30.172078 ], [ -88.162022, 30.200093 ], [ -88.303023, 30.177962 ], [ -88.347719, 30.190088 ], [ -88.38517, 30.158144 ], [ -88.450029, 30.146096 ], [ -88.545855, 30.176653 ], [ -88.765287, 30.189941 ], [ -88.821387, 30.21737 ], [ -88.90033, 30.16998 ], [ -88.88903, 30.139845 ], [ -89.096476, 30.165829 ], [ -89.183669, 30.212155 ], [ -89.260977, 30.181998 ], [ -89.511197, 30.160617 ], [ -89.532333, 30.194279 ], [ -89.571907, 30.180721 ], [ -89.615737, 30.223371 ], [ -89.614044, 30.244773 ], [ -89.647514, 30.290534 ], [ -89.62619, 30.314291 ], [ -89.629592, 30.33896 ], [ -89.657249, 30.356632 ], [ -89.683837, 30.40582 ], [ -89.683403, 30.451536 ], [ -89.724822, 30.492129 ], [ -89.757484, 30.499553 ], [ -89.779159, 30.544029 ], [ -89.78968, 30.544656 ], [ -89.803919, 30.549349 ], [ -89.786865, 30.569053 ], [ -89.807952, 30.567653 ], [ -89.813919, 30.607717 ], [ -89.830711, 30.617221 ], [ -89.814002, 30.638246 ], [ -89.852203, 30.661684 ], [ -89.837835, 30.671917 ], [ -89.842529, 30.720418 ], [ -89.825634, 30.727374 ], [ -89.836939, 30.734913 ], [ -89.834012, 30.736906 ], [ -89.820634, 30.736663 ], [ -89.816075, 30.738908 ], [ -89.828623, 30.737351 ], [ -89.835124, 30.771092 ], [ -89.819154, 30.795233 ], [ -89.81157, 30.787491 ], [ -89.803466, 30.791141 ], [ -89.815738, 30.803353 ], [ -89.798654, 30.820855 ], [ -89.781502, 30.818945 ], [ -89.79247, 30.850386 ], [ -89.771722, 30.854677 ], [ -89.77341, 30.897693 ], [ -89.744789, 30.918933 ], [ -89.756513, 30.942861 ], [ -89.727072, 30.967395 ], [ -89.730757, 31.004488 ], [ -91.636942, 30.999416 ], [ -91.578413, 31.02403 ], [ -91.559907, 31.054119 ], [ -91.626862, 31.118771 ], [ -91.588939, 31.188959 ], [ -91.654027, 31.255753 ], [ -91.515614, 31.27821 ], [ -91.50866, 31.315131 ], [ -91.548213, 31.346084 ], [ -91.546059, 31.382221 ], [ -91.568953, 31.377629 ], [ -91.576265, 31.410498 ], [ -91.543366, 31.432608 ], [ -91.521836, 31.37517 ], [ -91.474809, 31.368646 ], [ -91.472067, 31.397076 ], [ -91.51513, 31.449206 ], [ -91.522536, 31.522078 ], [ -91.447616, 31.540666 ], [ -91.405415, 31.576466 ], [ -91.418816, 31.596565 ], [ -91.492918, 31.589565 ], [ -91.515462, 31.630372 ], [ -91.49613, 31.64531 ], [ -91.436216, 31.612465 ], [ -91.401015, 31.620365 ], [ -91.397915, 31.709364 ], [ -91.369375, 31.746903 ], [ -91.263111, 31.754764 ], [ -91.281212, 31.772263 ], [ -91.365614, 31.760763 ], [ -91.345214, 31.843861 ], [ -91.294013, 31.86046 ], [ -91.283212, 31.815762 ], [ -91.254311, 31.813662 ], [ -91.244995, 31.832188 ], [ -91.267712, 31.86266 ], [ -91.182277, 31.915814 ], [ -91.18481, 31.965557 ], [ -91.16441, 31.982557 ], [ -91.102808, 31.990957 ], [ -91.075908, 32.016827 ], [ -91.091408, 32.036054 ], [ -91.15381, 32.050655 ], [ -91.15851, 32.072854 ], [ -91.135709, 32.080654 ], [ -91.080908, 32.047855 ], [ -91.081108, 32.078353 ], [ -91.035207, 32.100453 ], [ -91.004106, 32.146152 ], [ -91.002906, 32.162052 ], [ -91.058307, 32.180951 ], [ -91.053555, 32.124412 ], [ -91.162822, 32.132694 ], [ -91.174552, 32.154978 ], [ -91.164171, 32.196888 ], [ -91.083708, 32.22645 ], [ -91.061408, 32.21865 ], [ -91.039007, 32.242348 ], [ -91.002906, 32.22305 ], [ -90.994944, 32.193141 ], [ -90.969403, 32.25252 ], [ -90.979475, 32.293702 ], [ -90.949781, 32.283056 ], [ -90.922231, 32.298639 ], [ -90.875638, 32.371729 ], [ -90.890712, 32.372246 ], [ -90.912363, 32.339454 ], [ -90.993625, 32.354047 ], [ -91.001406, 32.379444 ], [ -90.99408, 32.403861 ], [ -90.965987, 32.420654 ], [ -90.969587, 32.439492 ], [ -90.995487, 32.450885 ], [ -91.051407, 32.437842 ], [ -91.116008, 32.48314 ], [ -91.093742, 32.549127 ], [ -91.038106, 32.49044 ], [ -91.000506, 32.482239 ], [ -90.987202, 32.495663 ], [ -91.080411, 32.556468 ], [ -91.008245, 32.604239 ], [ -91.0158, 32.641644 ], [ -91.037182, 32.637861 ], [ -91.049802, 32.607185 ], [ -91.119854, 32.584795 ], [ -91.152486, 32.620319 ], [ -91.149753, 32.644041 ], [ -91.054749, 32.719229 ], [ -91.165696, 32.753399 ], [ -91.145002, 32.842869 ], [ -91.105631, 32.858396 ], [ -91.064449, 32.901063 ], [ -91.086802, 32.976266 ], [ -91.106581, 32.988937 ], [ -91.135517, 32.979657 ], [ -91.131618, 32.925226 ], [ -91.15169, 32.901935 ], [ -91.196785, 32.906784 ], [ -91.213972, 32.927197 ], [ -91.162889, 33.018456 ], [ -91.128326, 33.034282 ], [ -91.12029, 33.054922 ], [ -91.199917, 33.106751 ], [ -91.200749, 33.126472 ], [ -91.182662, 33.141853 ], [ -91.086017, 33.136281 ], [ -91.080405, 33.180091 ], [ -91.10026, 33.219428 ], [ -91.070803, 33.227396 ], [ -91.044628, 33.26722 ], [ -91.051347, 33.284978 ], [ -91.077335, 33.284 ], [ -91.100818, 33.238273 ], [ -91.14164, 33.300066 ], [ -91.141957, 33.349733 ], [ -91.066253, 33.416357 ], [ -91.058109, 33.446907 ], [ -91.086902, 33.451394 ], [ -91.100025, 33.406582 ], [ -91.148109, 33.378787 ], [ -91.20932, 33.406497 ], [ -91.131878, 33.430257 ], [ -91.116916, 33.453737 ], [ -91.134401, 33.483164 ], [ -91.170307, 33.497851 ], [ -91.177165, 33.443942 ], [ -91.235704, 33.439426 ], [ -91.182492, 33.49983 ], [ -91.233392, 33.562747 ], [ -91.164064, 33.570496 ], [ -91.128666, 33.606779 ], [ -91.162203, 33.644273 ], [ -91.220057, 33.661009 ], [ -91.229422, 33.68582 ], [ -91.160367, 33.706602 ], [ -91.093053, 33.658177 ], [ -91.033707, 33.673844 ], [ -91.030236, 33.687577 ], [ -91.059169, 33.71452 ], [ -91.117645, 33.705299 ], [ -91.148807, 33.73136 ], [ -91.134059, 33.782893 ], [ -91.05171, 33.777376 ], [ -91.027901, 33.797668 ], [ -91.073075, 33.865443 ], [ -91.010523, 33.933611 ], [ -91.08646, 33.957804 ], [ -91.086967, 34.004961 ], [ -91.04667, 33.992434 ], [ -91.018948, 34.003225 ], [ -90.998951, 33.965604 ], [ -90.966173, 33.964663 ], [ -90.988184, 34.019211 ], [ -90.893999, 34.026207 ], [ -90.871122, 34.080249 ], [ -90.883126, 34.096729 ], [ -90.918861, 34.092843 ], [ -90.94564, 34.107965 ], [ -90.958644, 34.135484 ], [ -90.909957, 34.165511 ], [ -90.845283, 34.136886 ], [ -90.807219, 34.163713 ], [ -90.817488, 34.183198 ], [ -90.908215, 34.192071 ], [ -90.935548, 34.237847 ], [ -90.906334, 34.244382 ], [ -90.892279, 34.222891 ], [ -90.847149, 34.20613 ], [ -90.831773, 34.276936 ], [ -90.765623, 34.269513 ], [ -90.738025, 34.289279 ], [ -90.764393, 34.363675 ], [ -90.676305, 34.371261 ], [ -90.693129, 34.32257 ], [ -90.669343, 34.313088 ], [ -90.657142, 34.377397 ], [ -90.586232, 34.409172 ], [ -90.577694, 34.432445 ], [ -90.592662, 34.490579 ], [ -90.539623, 34.553925 ], [ -90.591595, 34.621012 ], [ -90.570102, 34.693432 ], [ -90.541928, 34.683862 ], [ -90.554885, 34.645168 ], [ -90.534207, 34.627462 ], [ -90.462883, 34.683805 ], [ -90.474166, 34.705277 ], [ -90.529562, 34.695834 ], [ -90.571944, 34.712777 ], [ -90.539786, 34.754304 ], [ -90.544167, 34.791667 ], [ -90.513889, 34.8 ], [ -90.492777, 34.772499 ], [ -90.516666, 34.727222 ], [ -90.483333, 34.722222 ], [ -90.448168, 34.740103 ], [ -90.476584, 34.794004 ], [ -90.455379, 34.820785 ], [ -90.483498, 34.86046 ], [ -90.480323, 34.882356 ], [ -90.43656, 34.882732 ], [ -90.429408, 34.866406 ], [ -90.449691, 34.83992 ], [ -90.438729, 34.825248 ], [ -90.389393, 34.830665 ], [ -90.338449, 34.858517 ], [ -90.308493, 34.845486 ], [ -90.317741, 34.871058 ], [ -90.257858, 34.893385 ], [ -90.241334, 34.919033 ], [ -90.24518, 34.947899 ], [ -90.307824, 34.992904 ], [ -90.296607, 35.038672 ], [ -90.206997, 35.025849 ], [ -90.181157, 35.053943 ], [ -90.1679, 35.121132 ], [ -90.138669, 35.131519 ], [ -90.091906, 35.119459 ], [ -90.064655, 35.140863 ], [ -90.117191, 35.188297 ], [ -90.076423, 35.212094 ], [ -90.086352, 35.238183 ], [ -90.106749, 35.254924 ], [ -90.152219, 35.256264 ], [ -90.16528, 35.29307 ], [ -90.109966, 35.304988 ], [ -90.080441, 35.397871 ], [ -90.044582, 35.393073 ], [ -90.050564, 35.409635 ], [ -90.002668, 35.429985 ], [ -90.048241, 35.503849 ], [ -90.036369, 35.5513 ], [ -89.989667, 35.560221 ], [ -89.958092, 35.541227 ], [ -89.958749, 35.523837 ], [ -89.924373, 35.511303 ], [ -89.903263, 35.52201 ], [ -89.910681, 35.547451 ], [ -89.942103, 35.556997 ], [ -89.957568, 35.588531 ], [ -89.857753, 35.633677 ], [ -89.851275, 35.657608 ], [ -89.863115, 35.670519 ], [ -89.894236, 35.651605 ], [ -89.925453, 35.658206 ], [ -89.955841, 35.690399 ], [ -89.957605, 35.727645 ], [ -89.907461, 35.759288 ], [ -89.825451, 35.745188 ], [ -89.799416, 35.758108 ], [ -89.799565, 35.788331 ], [ -89.781662, 35.805228 ], [ -89.728682, 35.802597 ], [ -89.698645, 35.818711 ], [ -89.695531, 35.835673 ], [ -89.772904, 35.865632 ], [ -89.744547, 35.910699 ], [ -89.673103, 35.875365 ], [ -89.644607, 35.887417 ], [ -89.644307, 35.920943 ], [ -89.718497, 35.963123 ], [ -89.733056, 36.000809 ], [ -89.706932, 36.000981 ], [ -89.678821, 36.084636 ], [ -89.600501, 36.120515 ], [ -89.592206, 36.15012 ], [ -89.705525, 36.238983 ], [ -89.695235, 36.252766 ], [ -89.602374, 36.238106 ], [ -89.534745, 36.252573 ], [ -89.539487, 36.277368 ], [ -89.620255, 36.323006 ], [ -89.605668, 36.342234 ], [ -89.531822, 36.339246 ], [ -89.513178, 36.359897 ], [ -89.51038, 36.378356 ], [ -89.545503, 36.4307 ], [ -89.519501, 36.475419 ], [ -89.552047, 36.540854 ], [ -89.520922, 36.574039 ], [ -89.475495, 36.547583 ], [ -89.494119, 36.476268 ], [ -89.471895, 36.45756 ], [ -89.41822, 36.499029 ], [ -89.301022, 36.507233 ], [ -88.053293, 36.497058 ], [ -88.032649, 36.542095 ], [ -88.070541, 36.678255 ], [ -87.849544, 36.663695 ], [ -87.853319, 36.63316 ], [ -87.496248, 36.639974 ], [ -87.513666, 36.6231 ], [ -87.496101, 36.620791 ], [ -87.498118, 36.593904 ], [ -87.465443, 36.588567 ], [ -87.424302, 36.598417 ], [ -87.436324, 36.640846 ], [ -86.589906, 36.652443 ], [ -86.563909, 36.633562 ], [ -86.493428, 36.65224 ], [ -85.501507, 36.614855 ], [ -85.189883, 36.617691 ], [ -85.180341, 36.632065 ], [ -85.153112, 36.6293 ], [ -85.15537, 36.640744 ], [ -85.136033, 36.623813 ], [ -84.830035, 36.604536 ], [ -83.906705, 36.586946 ], [ -83.911715, 36.570791 ], [ -83.836222, 36.537296 ], [ -83.798145, 36.584136 ], [ -83.690789, 36.582596 ], [ -83.646615, 36.60316 ], [ -81.934144, 36.594213 ], [ -81.922644, 36.616213 ], [ -81.6469, 36.611918 ], [ -81.708021, 36.53583 ], [ -81.695029, 36.467458 ], [ -81.741705, 36.412422 ], [ -81.707475, 36.335225 ], [ -81.764954, 36.338722 ], [ -81.793085, 36.362408 ], [ -81.854988, 36.337211 ], [ -81.908167, 36.301966 ], [ -82.030067, 36.123393 ], [ -82.054317, 36.126624 ], [ -82.08092, 36.104762 ], [ -82.039175, 36.007774 ], [ -82.059133, 35.988554 ], [ -81.964361, 35.960923 ], [ -81.992572, 35.946136 ], [ -81.999467, 35.922177 ], [ -81.981954, 35.911361 ], [ -81.958351, 35.936487 ], [ -81.937373, 35.918633 ], [ -81.937257, 35.95517 ], [ -81.907461, 35.890318 ], [ -81.919242, 35.848759 ], [ -81.874818, 35.817119 ], [ -81.864167, 35.794709 ], [ -81.879517, 35.794905 ], [ -81.883335, 35.791921 ], [ -81.835662, 35.750498 ], [ -81.855947, 35.72835 ], [ -81.883189, 35.729828 ], [ -81.829492, 35.592119 ], [ -81.856481, 35.595336 ], [ -81.856654, 35.542187 ], [ -81.967619, 35.526007 ], [ -82.002783, 35.551847 ], [ -82.127742, 35.523714 ], [ -82.101513, 35.513425 ], [ -82.110698, 35.505917 ], [ -82.085093, 35.471651 ], [ -82.138191, 35.434544 ], [ -82.128383, 35.419217 ], [ -82.178714, 35.410128 ], [ -82.130312, 35.395945 ], [ -82.090263, 35.359956 ], [ -82.107144, 35.342528 ], [ -82.077958, 35.335054 ], [ -82.071417, 35.315672 ], [ -82.057468, 35.32178 ], [ -82.079652, 35.281246 ], [ -82.040864, 35.267959 ], [ -82.02972, 35.28281 ], [ -81.992922, 35.255428 ], [ -82.016981, 35.230972 ], [ -82.00171, 35.188499 ], [ -81.034264, 35.149257 ], [ -81.052074, 35.133486 ], [ -81.032854, 35.107377 ], [ -81.057079, 35.085681 ], [ -81.041496, 35.044713 ], [ -80.934739, 35.107318 ], [ -80.781921, 34.935848 ], [ -80.797484, 34.819803 ], [ -79.676494, 34.805065 ], [ -78.499301, 33.812852 ], [ -78.695853, 33.75286 ], [ -78.808554, 33.680838 ], [ -78.910541, 33.589351 ], [ -79.034496, 33.456834 ], [ -79.087581, 33.369287 ], [ -79.093312, 33.304952 ], [ -79.120217, 33.246932 ], [ -79.081634, 33.207329 ], [ -79.082229, 33.171325 ], [ -79.180871, 33.107528 ], [ -79.202963, 33.071707 ], [ -79.273373, 33.046559 ], [ -79.322257, 32.956078 ], [ -79.371297, 32.945717 ], [ -79.440181, 32.958916 ], [ -79.495945, 32.931572 ], [ -79.534689, 32.870012 ], [ -79.637821, 32.816377 ], [ -79.691893, 32.75924 ], [ -79.760074, 32.738257 ], [ -79.779627, 32.691498 ], [ -79.855063, 32.636389 ], [ -79.979002, 32.558074 ], [ -80.088877, 32.549029 ], [ -80.121459, 32.499192 ], [ -80.198839, 32.496241 ], [ -80.243074, 32.472449 ], [ -80.257281, 32.435168 ], [ -80.374825, 32.342453 ], [ -80.374036, 32.309394 ], [ -80.399006, 32.274935 ], [ -80.496812, 32.250199 ], [ -80.566449, 32.172369 ], [ -80.66472, 32.142607 ], [ -80.748202, 32.08449 ], [ -80.742958, 32.049535 ], [ -80.780693, 32.01137 ], [ -80.796272, 31.953459 ], [ -80.855339, 31.910809 ], [ -80.928589, 31.816982 ], [ -80.970726, 31.798353 ], [ -81.013812, 31.728643 ], [ -81.056623, 31.714875 ], [ -81.049789, 31.688633 ], [ -81.087067, 31.529158 ], [ -81.190758, 31.399876 ], [ -81.171089, 31.370323 ], [ -81.187675, 31.246258 ], [ -81.234337, 31.170258 ], [ -81.296417, 31.15188 ], [ -81.285881, 31.109444 ], [ -81.297874, 31.080952 ], [ -81.345306, 31.059362 ], [ -81.353416, 31.037121 ], [ -81.310709, 30.997329 ], [ -81.304832, 30.970774 ], [ -81.345207, 30.931503 ], [ -81.362682, 30.845926 ], [ -81.400482, 30.766426 ], [ -81.359146, 30.744314 ], [ -81.347015, 30.712444 ], [ -81.451241, 30.709484 ], [ -81.488464, 30.726309 ], [ -81.532295, 30.724091 ], [ -81.538391, 30.708656 ], [ -81.601882, 30.729586 ], [ -81.60987, 30.715933 ], [ -81.624366, 30.73634 ], [ -81.652153, 30.72887 ], [ -81.662323, 30.754177 ], [ -81.683096, 30.748492 ], [ -81.672494, 30.73879 ], [ -81.72013, 30.744719 ], [ -81.76172, 30.775698 ], [ -81.78263, 30.761454 ], [ -81.793075, 30.787251 ], [ -81.868515, 30.792906 ], [ -81.901245, 30.82988 ], [ -81.909111, 30.81568 ], [ -81.949806, 30.827764 ], [ -81.97364, 30.778719 ], [ -82.02288, 30.787706 ], [ -82.011603, 30.761878 ], [ -82.036773, 30.754434 ], [ -82.045608, 30.727552 ], [ -82.035927, 30.706205 ], [ -82.049023, 30.655295 ], [ -82.005401, 30.563574 ], [ -82.016906, 30.475111 ], [ -82.043762, 30.414869 ], [ -82.037157, 30.372033 ], [ -82.065556, 30.355901 ], [ -82.105241, 30.368896 ], [ -82.161777, 30.357111 ], [ -82.192786, 30.379065 ], [ -82.21086, 30.425379 ], [ -82.20124, 30.485114 ], [ -82.240403, 30.53777 ], [ -82.214677, 30.568556 ], [ -84.864693, 30.711542 ], [ -84.914322, 30.753591 ], [ -84.937424, 30.820889 ], [ -84.925665, 30.842685 ], [ -84.934424, 30.883588 ], [ -84.983127, 30.934786 ], [ -84.981127, 30.963386 ], [ -85.005734, 30.975908 ], [ -85.0019, 31.000681 ], [ -87.598829, 30.997455 ], [ -87.590933, 30.953513 ], [ -87.634744, 30.86561 ], [ -87.545432, 30.779389 ], [ -87.529977, 30.740952 ], [ -87.406474, 30.675146 ], [ -87.394913, 30.614266 ], [ -87.450371, 30.514462 ], [ -87.425078, 30.465596 ], [ -87.366939, 30.44048 ], [ -87.429578, 30.406498 ], [ -87.461078, 30.3353 ], [ -87.502572, 30.327405 ], [ -87.50348, 30.307601 ], [ -87.450078, 30.3111 ], [ -87.452378, 30.300201 ], [ -87.51838, 30.283901 ] ] ] } },
{ "type": "Feature", "properties": { "territory": "Southern CA", "fillColor": "#E85D5D", "fillOpacity": 0.85, "strokeColor": "#666666", "strokeWidth": 1.0 }, "geometry": { "type": "Polygon", "coordinates": [ [ [ -114.719497, 32.718739 ], [ -117.12607, 32.534189 ], [ -117.140032, 32.619548 ], [ -117.164367, 32.66489 ], [ -117.199328, 32.685242 ], [ -117.24742, 32.666635 ], [ -117.258784, 32.792391 ], [ -117.285013, 32.832124 ], [ -117.255131, 32.874752 ], [ -117.265354, 32.94285 ], [ -117.345771, 33.144138 ], [ -117.510784, 33.337527 ], [ -117.663169, 33.446894 ], [ -117.717231, 33.456336 ], [ -117.787556, 33.537307 ], [ -117.881093, 33.593388 ], [ -117.930759, 33.602174 ], [ -118.073057, 33.710736 ], [ -118.06295, 33.71162 ], [ -118.080203, 33.73021 ], [ -118.0417, 33.730025 ], [ -118.032768, 33.800701 ], [ -118.06544, 33.824012 ], [ -118.028888, 33.882629 ], [ -118.108275, 33.887491 ], [ -118.111611, 33.922077 ], [ -118.090378, 33.931675 ], [ -118.093369, 33.950362 ], [ -118.13719, 33.987975 ], [ -118.125231, 33.991168 ], [ -118.137918, 34.033501 ], [ -118.169207, 34.044204 ], [ -118.15529, 34.098672 ], [ -118.068095, 34.130742 ], [ -118.051534, 34.104304 ], [ -118.000304, 34.099687 ], [ -117.998926, 34.087265 ], [ -117.99219, 34.095053 ], [ -118.004142, 34.114002 ], [ -117.94265, 34.129328 ], [ -117.924796, 34.165506 ], [ -117.891958, 34.165089 ], [ -117.866035, 34.190087 ], [ -117.845672, 34.231713 ], [ -117.86969, 34.243346 ], [ -117.838234, 34.284099 ], [ -117.847155, 34.308576 ], [ -117.86266, 34.3103 ], [ -117.851021, 34.356884 ], [ -117.821085, 34.344653 ], [ -117.771332, 34.38275 ], [ -117.730169, 34.383018 ], [ -117.729401, 34.397132 ], [ -117.655235, 34.397222 ], [ -117.667159, 34.748937 ], [ -117.698803, 34.753876 ], [ -117.712751, 34.792993 ], [ -117.720656, 34.755186 ], [ -117.737896, 34.746751 ], [ -117.741389, 34.778348 ], [ -117.756194, 34.747115 ], [ -117.873252, 34.755608 ], [ -117.889478, 34.778207 ], [ -117.978713, 34.778392 ], [ -117.98746, 34.767014 ], [ -117.987471, 34.77833 ], [ -118.059229, 34.777787 ], [ -118.060136, 34.763246 ], [ -118.139926, 34.762691 ], [ -118.140861, 34.9668 ], [ -118.112351, 34.967512 ], [ -118.113866, 34.938299 ], [ -118.096037, 34.938682 ], [ -118.091586, 34.968007 ], [ -117.983219, 34.965625 ], [ -117.952271, 34.946903 ], [ -117.958401, 34.912956 ], [ -117.943816, 34.896708 ], [ -117.916853, 34.913983 ], [ -117.91632, 34.839963 ], [ -117.82379, 34.822946 ], [ -117.79593, 34.903183 ], [ -117.762126, 34.915631 ], [ -117.758808, 34.930613 ], [ -117.832544, 34.99475 ], [ -117.888716, 34.984442 ], [ -117.881134, 35.004241 ], [ -117.512826, 34.983131 ], [ -117.54159, 34.99236 ], [ -117.522712, 34.991758 ], [ -117.522272, 35.01276 ], [ -117.5473, 35.01281 ], [ -117.57095, 35.05747 ], [ -117.57095, 35.01289 ], [ -117.649822, 35.010068 ], [ -117.646242, 35.042778 ], [ -117.658041, 35.050405 ], [ -117.703245, 35.028956 ], [ -117.673397, 35.006887 ], [ -117.809711, 35.00492 ], [ -117.786062, 35.088963 ], [ -117.79034, 35.111772 ], [ -117.807965, 35.111821 ], [ -117.801506, 35.073514 ], [ -117.818803, 35.072694 ], [ -117.809409, 35.05799 ], [ -117.824965, 35.040631 ], [ -117.899277, 35.058009 ], [ -117.899156, 35.043423 ], [ -117.881074, 35.042823 ], [ -117.881116, 35.013826 ], [ -117.89867, 35.013944 ], [ -117.899134, 34.999373 ], [ -117.969782, 34.999331 ], [ -118.040284, 34.97071 ], [ -118.133923, 35.018153 ], [ -118.105187, 35.018826 ], [ -118.104986, 35.032769 ], [ -118.131041, 35.038642 ], [ -118.131721, 35.077089 ], [ -118.14981, 35.076569 ], [ -118.110568, 35.110787 ], [ -118.113951, 35.091604 ], [ -118.095969, 35.091782 ], [ -118.092818, 35.123198 ], [ -118.054815, 35.12545 ], [ -118.057167, 35.154626 ], [ -118.039108, 35.158339 ], [ -118.039121, 35.125533 ], [ -117.994591, 35.11847 ], [ -118.00372, 35.08733 ], [ -117.964627, 35.087496 ], [ -117.971015, 35.058239 ], [ -117.917459, 35.058056 ], [ -117.917473, 35.087674 ], [ -117.948729, 35.099499 ], [ -117.914543, 35.140707 ], [ -117.834257, 35.140891 ], [ -117.844261, 35.168572 ], [ -117.879477, 35.156572 ], [ -117.879777, 35.169776 ], [ -117.822573, 35.196358 ], [ -117.821302, 35.213325 ], [ -117.787244, 35.215226 ], [ -117.7662, 35.198465 ], [ -117.710607, 35.219594 ], [ -117.746984, 35.220629 ], [ -117.718981, 35.257212 ], [ -117.737079, 35.269116 ], [ -117.631433, 35.34407 ], [ -117.620621, 35.274299 ], [ -117.550127, 35.289717 ], [ -117.593997, 35.308927 ], [ -117.522892, 35.319996 ], [ -117.53478, 35.37615 ], [ -117.60829, 35.38244 ], [ -117.595559, 35.405458 ], [ -117.661363, 35.382449 ], [ -117.692933, 35.421332 ], [ -117.67656, 35.444052 ], [ -117.703364, 35.467439 ], [ -117.74016, 35.46497 ], [ -117.749741, 35.479722 ], [ -117.768102, 35.473932 ], [ -117.768041, 35.457497 ], [ -117.825662, 35.471272 ], [ -117.804945, 35.482179 ], [ -117.809138, 35.538309 ], [ -117.774142, 35.535807 ], [ -117.779144, 35.566896 ], [ -117.738755, 35.519806 ], [ -117.697532, 35.543925 ], [ -117.70702, 35.498755 ], [ -117.674435, 35.503135 ], [ -117.703781, 35.485999 ], [ -117.653966, 35.473338 ], [ -117.673302, 35.520294 ], [ -117.630322, 35.491723 ], [ -117.630377, 35.527615 ], [ -117.652238, 35.534734 ], [ -117.630063, 35.541506 ], [ -117.63451, 35.5758 ], [ -117.61535, 35.56754 ], [ -117.625648, 35.593231 ], [ -117.594954, 35.59936 ], [ -117.594935, 35.615678 ], [ -117.61647, 35.60826 ], [ -117.61645, 35.64973 ], [ -117.62857, 35.65085 ], [ -117.616518, 35.651611 ], [ -117.616518, 35.680687 ], [ -117.639998, 35.680734 ], [ -117.670053, 35.651801 ], [ -117.723037, 35.651894 ], [ -117.722961, 35.622548 ], [ -117.742018, 35.622568 ], [ -117.745817, 35.651956 ], [ -117.795959, 35.652067 ], [ -117.886076, 35.877555 ], [ -117.889194, 35.9898 ], [ -117.895337, 35.972995 ], [ -117.928932, 35.98893 ], [ -117.945822, 35.978303 ], [ -117.955385, 35.995018 ], [ -117.95979, 36.034364 ], [ -117.929742, 36.029882 ], [ -117.919083, 36.060064 ], [ -117.882876, 36.06126 ], [ -117.876956, 36.086182 ], [ -117.835359, 36.098981 ], [ -117.840933, 36.231906 ], [ -117.75482, 36.231951 ], [ -117.761882, 36.277634 ], [ -117.731958, 36.279886 ], [ -117.781217, 36.330609 ], [ -117.802776, 36.324117 ], [ -117.820956, 36.357308 ], [ -117.87939, 36.379503 ], [ -117.842376, 36.442372 ], [ -117.868679, 36.490526 ], [ -117.746763, 36.578881 ], [ -117.760367, 36.620384 ], [ -117.747083, 36.643338 ], [ -117.836759, 36.673218 ], [ -117.828783, 36.706381 ], [ -117.8445, 36.709598 ], [ -117.843545, 36.733568 ], [ -117.864921, 36.754762 ], [ -118.007342, 36.753427 ], [ -118.007731, 36.709446 ], [ -118.054074, 36.694378 ], [ -118.085504, 36.738813 ], [ -118.138955, 36.739355 ], [ -118.097379, 36.665732 ], [ -118.138252, 36.665757 ], [ -118.143293, 36.64762 ], [ -118.205525, 36.609667 ], [ -118.220313, 36.609751 ], [ -118.220488, 36.666303 ], [ -118.324687, 36.666547 ], [ -118.337579, 36.654801 ], [ -118.274624, 36.597334 ], [ -118.289024, 36.590734 ], [ -118.291623, 36.560535 ], [ -118.238821, 36.523635 ], [ -118.23502, 36.493735 ], [ -118.24992, 36.482435 ], [ -118.23262, 36.466335 ], [ -118.177379, 36.485412 ], [ -118.174116, 36.462219 ], [ -118.120285, 36.473244 ], [ -118.081692, 36.439709 ], [ -118.163019, 36.389636 ], [ -118.100317, 36.346137 ], [ -118.127601, 36.280348 ], [ -118.105616, 36.213439 ], [ -118.059315, 36.17014 ], [ -118.073514, 36.140341 ], [ -118.067313, 36.093442 ], [ -118.052013, 36.084542 ], [ -118.039512, 36.034243 ], [ -118.065726, 36.032379 ], [ -118.064594, 36.076124 ], [ -118.095031, 36.12589 ], [ -118.128241, 36.076275 ], [ -118.13178, 36.014803 ], [ -118.168767, 35.94981 ], [ -118.164693, 35.917403 ], [ -118.191202, 35.899479 ], [ -118.217314, 35.843138 ], [ -118.190039, 35.831904 ], [ -118.202952, 35.814361 ], [ -118.195215, 35.790357 ], [ -118.447786, 35.792363 ], [ -118.462763, 35.826425 ], [ -118.434737, 35.852879 ], [ -118.483542, 35.916085 ], [ -118.482386, 35.993028 ], [ -118.539415, 36.006414 ], [ -118.547859, 35.969858 ], [ -118.58982, 35.946503 ], [ -118.602849, 35.92023 ], [ -118.628026, 35.948448 ], [ -118.641269, 35.939157 ], [ -118.62995, 35.993286 ], [ -118.647764, 35.990888 ], [ -118.645964, 35.989872 ], [ -118.646656, 35.985325 ], [ -118.647976, 35.98533 ], [ -118.693481, 36.019358 ], [ -118.653557, 36.048424 ], [ -118.632471, 36.099191 ], [ -118.646964, 36.102735 ], [ -118.60173, 36.140315 ], [ -118.543402, 36.123031 ], [ -118.534631, 36.083353 ], [ -118.46731, 36.047502 ], [ -118.455451, 36.126445 ], [ -118.435254, 36.137498 ], [ -118.440168, 36.187233 ], [ -118.508261, 36.223831 ], [ -118.542611, 36.313758 ], [ -118.568785, 36.316501 ], [ -118.597337, 36.353154 ], [ -118.581335, 36.398394 ], [ -118.542488, 36.416114 ], [ -118.559336, 36.440002 ], [ -118.548507, 36.47561 ], [ -118.567343, 36.494306 ], [ -118.570709, 36.533659 ], [ -118.552352, 36.557261 ], [ -118.561405, 36.571024 ], [ -118.526123, 36.591202 ], [ -118.574946, 36.597526 ], [ -118.634714, 36.636744 ], [ -118.690036, 36.638032 ], [ -118.720068, 36.673157 ], [ -118.778979, 36.681128 ], [ -118.836127, 36.651225 ], [ -118.804318, 36.645985 ], [ -118.805422, 36.604833 ], [ -118.784102, 36.617148 ], [ -118.788607, 36.568778 ], [ -118.836633, 36.537861 ], [ -118.896351, 36.544445 ], [ -118.894559, 36.577808 ], [ -118.919379, 36.598877 ], [ -118.898677, 36.633029 ], [ -118.931463, 36.685382 ], [ -118.94955, 36.674652 ], [ -118.953842, 36.702869 ], [ -118.984458, 36.670587 ], [ -118.983125, 36.717543 ], [ -118.924595, 36.715804 ], [ -118.937992, 36.741277 ], [ -118.899069, 36.755414 ], [ -118.872183, 36.740716 ], [ -118.799657, 36.765546 ], [ -118.783764, 36.740301 ], [ -118.716314, 36.739534 ], [ -118.696846, 36.801755 ], [ -118.798689, 36.807225 ], [ -118.829837, 36.824398 ], [ -118.835236, 36.813263 ], [ -118.870683, 36.836069 ], [ -118.985859, 36.836127 ], [ -118.96429, 36.774647 ], [ -119.006467, 36.763165 ], [ -119.059049, 36.836723 ], [ -119.100137, 36.845589 ], [ -119.087185, 36.86047 ], [ -118.984639, 36.863566 ], [ -118.873651, 36.838487 ], [ -118.836395, 36.850915 ], [ -118.744477, 36.930806 ], [ -118.657277, 36.951919 ], [ -118.58906, 36.996242 ], [ -118.578138, 37.021161 ], [ -118.608058, 37.115246 ], [ -118.591086, 37.136589 ], [ -118.437137, 37.059818 ], [ -118.419533, 36.987435 ], [ -118.368795, 36.89767 ], [ -118.271187, 36.897574 ], [ -118.314989, 36.864136 ], [ -118.297271, 36.848241 ], [ -118.30417, 36.809707 ], [ -118.281121, 36.806304 ], [ -118.310047, 36.800811 ], [ -118.296008, 36.784017 ], [ -118.261752, 36.774534 ], [ -118.162706, 36.797418 ], [ -118.228237, 36.868565 ], [ -118.233012, 36.854883 ], [ -118.241066, 36.917072 ], [ -118.212793, 36.951355 ], [ -118.223644, 36.962451 ], [ -118.232325, 36.936651 ], [ -118.256585, 36.93984 ], [ -118.271581, 37.080969 ], [ -118.236853, 37.057338 ], [ -118.225162, 37.028268 ], [ -118.212299, 37.047356 ], [ -118.233736, 37.066138 ], [ -118.229449, 37.114166 ], [ -118.249145, 37.1449 ], [ -118.195929, 37.089746 ], [ -118.195981, 37.169345 ], [ -118.22889, 37.176905 ], [ -118.160395, 37.202669 ], [ -117.994911, 37.203484 ], [ -117.983231, 37.23012 ], [ -117.947965, 37.233707 ], [ -117.896663, 37.286536 ], [ -117.789372, 37.239061 ], [ -117.875166, 37.284132 ], [ -117.875246, 37.296955 ], [ -117.802708, 37.312912 ], [ -117.766332, 37.340554 ], [ -117.838643, 37.386832 ], [ -117.906051, 37.462499 ], [ -117.944357, 37.441595 ], [ -117.938984, 37.430449 ], [ -117.951598, 37.433942 ], [ -118.040437, 37.329095 ], [ -118.153434, 37.316785 ], [ -118.151536, 37.274094 ], [ -118.188641, 37.326018 ], [ -118.182801, 37.419252 ], [ -118.202608, 37.402178 ], [ -118.315462, 37.405538 ], [ -118.326083, 37.420016 ], [ -118.307837, 37.42863 ], [ -118.30785, 37.462911 ], [ -117.832726, 37.464929 ], [ -116.874254, 36.752081 ], [ -116.189653, 36.229846 ], [ -116.195831, 36.21347 ], [ -116.162176, 36.167208 ], [ -116.108531, 36.167138 ], [ -115.695733, 35.846481 ], [ -115.716834, 35.842649 ], [ -115.690576, 35.823584 ], [ -115.716962, 35.824042 ], [ -115.690551, 35.808808 ], [ -115.68412, 35.78434 ], [ -115.771907, 35.762582 ], [ -115.8027, 35.714969 ], [ -115.782636, 35.699074 ], [ -115.737876, 35.741664 ], [ -115.6614, 35.74888 ], [ -115.70439, 35.69575 ], [ -115.73193, 35.60952 ], [ -115.719796, 35.57788 ], [ -115.631202, 35.618394 ], [ -115.607842, 35.678659 ], [ -115.549894, 35.665994 ], [ -115.525767, 35.713085 ], [ -114.633487, 35.001857 ], [ -114.634382, 34.87289 ], [ -114.586842, 34.835672 ], [ -114.552682, 34.766871 ], [ -114.470477, 34.711368 ], [ -114.457985, 34.657113 ], [ -114.424202, 34.610453 ], [ -114.43681, 34.596074 ], [ -114.380838, 34.529724 ], [ -114.386699, 34.457911 ], [ -114.335372, 34.450038 ], [ -114.226107, 34.365916 ], [ -114.176909, 34.349306 ], [ -114.138282, 34.30323 ], [ -114.131489, 34.260387 ], [ -114.164648, 34.259699 ], [ -114.229715, 34.186928 ], [ -114.420499, 34.103466 ], [ -114.44054, 34.019329 ], [ -114.52868, 33.947817 ], [ -114.535753, 33.92753 ], [ -114.509163, 33.907209 ], [ -114.525749, 33.899402 ], [ -114.503017, 33.867998 ], [ -114.529883, 33.857563 ], [ -114.52805, 33.814963 ], [ -114.494197, 33.707922 ], [ -114.531523, 33.675108 ], [ -114.514057, 33.660179 ], [ -114.533194, 33.65166 ], [ -114.521845, 33.612544 ], [ -114.540617, 33.591412 ], [ -114.524215, 33.553068 ], [ -114.592369, 33.498675 ], [ -114.635183, 33.422725 ], [ -114.725535, 33.404055 ], [ -114.698035, 33.352442 ], [ -114.731223, 33.302433 ], [ -114.672088, 33.258499 ], [ -114.689541, 33.246428 ], [ -114.673626, 33.223121 ], [ -114.675359, 33.185488 ], [ -114.706488, 33.08816 ], [ -114.68902, 33.084035 ], [ -114.66506, 33.033906 ], [ -114.645979, 33.048902 ], [ -114.618788, 33.027202 ], [ -114.52013, 33.029984 ], [ -114.492938, 32.971781 ], [ -114.468605, 32.971649 ], [ -114.480925, 32.936276 ], [ -114.462929, 32.907944 ], [ -114.468971, 32.845155 ], [ -114.529633, 32.795477 ], [ -114.526856, 32.757094 ], [ -114.617395, 32.728257 ], [ -114.701582, 32.745632 ], [ -114.719497, 32.718739 ] ] ] } },
{ "type": "Feature", "properties": { "territory": "Southwest", "fillColor": "#9ACD00", "fillOpacity": 0.85, "strokeColor": "#666666", "strokeWidth": 1.0 }, "geometry": { "type": "MultiPolygon", "coordinates": [ [ [ [ -169.518057, -14.220397 ], [ -169.426393, -14.212316 ], [ -169.422799, -14.254741 ], [ -169.460726, -14.24863 ], [ -169.491009, -14.271718 ], [ -169.518057, -14.220397 ] ] ], [ [ [ -169.625867, -14.174714 ], [ -169.609697, -14.157729 ], [ -169.612255, -14.192966 ], [ -169.625867, -14.174714 ] ] ], [ [ [ -169.669869, -14.185643 ], [ -169.679914, -14.159057 ], [ -169.632504, -14.168483 ], [ -169.669869, -14.185643 ] ] ], [ [ [ -170.550688, -14.289149 ], [ -170.55384, -14.278283 ], [ -170.545625, -14.283578 ], [ -170.550688, -14.289149 ] ] ], [ [ [ -170.645354, -14.288495 ], [ -170.645534, -14.28713 ], [ -170.645196, -14.28789 ], [ -170.645354, -14.288495 ] ] ], [ [ [ -170.650424, -14.288462 ], [ -170.650161, -14.288684 ], [ -170.650391, -14.288807 ], [ -170.650424, -14.288462 ] ] ], [ [ [ -170.651855, -14.289607 ], [ -170.651496, -14.289887 ], [ -170.651927, -14.289861 ], [ -170.651855, -14.289607 ] ] ], [ [ [ -170.846544, -14.320357 ], [ -170.798393, -14.289325 ], [ -170.722929, -14.2882 ], [ -170.712718, -14.261876 ], [ -170.671592, -14.238803 ], [ -170.675163, -14.250635 ], [ -170.652513, -14.258713 ], [ -170.639779, -14.247094 ], [ -170.589202, -14.262048 ], [ -170.584565, -14.250955 ], [ -170.576411, -14.246606 ], [ -170.561415, -14.245852 ], [ -170.564685, -14.269851 ], [ -170.601734, -14.283795 ], [ -170.614628, -14.268144 ], [ -170.663139, -14.29058 ], [ -170.666934, -14.27005 ], [ -170.699398, -14.270886 ], [ -170.68038, -14.276683 ], [ -170.67855, -14.298923 ], [ -170.702714, -14.322091 ], [ -170.70629, -14.310866 ], [ -170.715031, -14.314703 ], [ -170.699675, -14.327006 ], [ -170.7595, -14.373764 ], [ -170.790952, -14.334093 ], [ -170.846544, -14.320357 ] ] ], [ [ [ -170.671224, -14.238396 ], [ -170.67099, -14.232184 ], [ -170.6716, -14.229563 ], [ -170.670248, -14.234099 ], [ -170.671224, -14.238396 ] ] ], [ [ [ -170.701028, -14.252622 ], [ -170.700993, -14.252323 ], [ -170.700824, -14.25216 ], [ -170.701028, -14.252622 ] ] ], [ [ [ -170.773062, -14.362585 ], [ -170.773248, -14.362504 ], [ -170.773142, -14.362395 ], [ -170.773062, -14.362585 ] ] ], [ [ [ -170.773659, -14.362076 ], [ -170.773798, -14.362068 ], [ -170.773732, -14.362023 ], [ -170.773659, -14.362076 ] ] ], [ [ [ -170.732377, -14.280399 ], [ -170.732526, -14.280751 ], [ -170.732639, -14.280372 ], [ -170.732377, -14.280399 ] ] ], [ [ [ -170.767961, -14.287886 ], [ -170.767702, -14.287814 ], [ -170.768092, -14.288104 ], [ -170.767961, -14.287886 ] ] ], [ [ [ -170.829517, -14.332237 ], [ -170.828978, -14.33137 ], [ -170.829025, -14.331971 ], [ -170.829517, -14.332237 ] ] ], [ [ [ -170.838034, -14.324931 ], [ -170.838276, -14.325009 ], [ -170.83815, -14.324839 ], [ -170.838034, -14.324931 ] ] ], [ [ [ -112.984265600000015, 26.8871312 ], [ -112.9201096, 26.89151680000003 ], [ -112.8781248, 26.874012800000017 ], [ -112.8317008, 26.815816799999979 ], [ -112.834669599999984, 26.781391199999973 ], [ -112.8645632, 26.736256 ], [ -112.86051040000001, 26.668382399999935 ], [ -112.873566400000016, 26.648816800000027 ], [ -112.9555168, 26.590806400000034 ], [ -113.009764799999971, 26.610468 ], [ -113.083555199999978, 26.6103712 ], [ -113.136689600000011, 26.65965680000004 ], [ -113.211392, 26.682580799999965 ], [ -113.2330136, 26.7172712 ], [ -113.230301600000018, 26.7517768 ], [ -113.1798432, 26.823564 ], [ -113.067951199999982, 26.882076799999957 ], [ -113.004256, 26.866900799999968 ], [ -112.984265600000015, 26.8871312 ] ] ], [ [ [ -171.062729, -11.05375 ], [ -171.07991, -11.068145 ], [ -171.092834, -11.053175 ], [ -171.074783, -11.0451 ], [ -171.062729, -11.05375 ] ] ], [ [ [ -114.64954, 33.413633 ], [ -114.592369, 33.498675 ], [ -114.524599, 33.552231 ], [ -114.540617, 33.591412 ], [ -114.521845, 33.612544 ], [ -114.533194, 33.65166 ], [ -114.514057, 33.660179 ], [ -114.531523, 33.675108 ], [ -114.494407, 33.705395 ], [ -114.52805, 33.814963 ], [ -114.529883, 33.857563 ], [ -114.503017, 33.867998 ], [ -114.525749, 33.899402 ], [ -114.509163, 33.907209 ], [ -114.535753, 33.92753 ], [ -114.52868, 33.947817 ], [ -114.44054, 34.019329 ], [ -114.420499, 34.103466 ], [ -114.229715, 34.186928 ], [ -114.164648, 34.259699 ], [ -114.131489, 34.260387 ], [ -114.138282, 34.30323 ], [ -114.176909, 34.349306 ], [ -114.226107, 34.365916 ], [ -114.335372, 34.450038 ], [ -114.386699, 34.457911 ], [ -114.380838, 34.529724 ], [ -114.43681, 34.596074 ], [ -114.424202, 34.610453 ], [ -114.457985, 34.657113 ], [ -114.470477, 34.711368 ], [ -114.552682, 34.766871 ], [ -114.586842, 34.835672 ], [ -114.634382, 34.87289 ], [ -114.633432, 35.001773 ], [ -114.779626, 35.120675 ], [ -115.525767, 35.713085 ], [ -115.549894, 35.665994 ], [ -115.607842, 35.678659 ], [ -115.631202, 35.618394 ], [ -115.719796, 35.57788 ], [ -115.73193, 35.60952 ], [ -115.70439, 35.69575 ], [ -115.6614, 35.74888 ], [ -115.737876, 35.741664 ], [ -115.782636, 35.699074 ], [ -115.8027, 35.714969 ], [ -115.771907, 35.762582 ], [ -115.68412, 35.78434 ], [ -115.690551, 35.808808 ], [ -115.716962, 35.824042 ], [ -115.690576, 35.823584 ], [ -115.716834, 35.842649 ], [ -115.695733, 35.846481 ], [ -116.108531, 36.167138 ], [ -116.162176, 36.167208 ], [ -116.195831, 36.21347 ], [ -116.189653, 36.229846 ], [ -116.230542, 36.261314 ], [ -116.168133, 36.262832 ], [ -116.187291, 36.298981 ], [ -116.261934, 36.3903 ], [ -116.302017, 36.395629 ], [ -116.274516, 36.446315 ], [ -116.202123, 36.490801 ], [ -116.11507, 36.491565 ], [ -116.123207, 36.564785 ], [ -116.090152, 36.562097 ], [ -116.052322, 36.588024 ], [ -115.971482, 36.601761 ], [ -115.812245, 36.567415 ], [ -115.794161, 36.569537 ], [ -115.806455, 36.596156 ], [ -115.679473, 36.600276 ], [ -115.66176, 36.596561 ], [ -115.657741, 36.577423 ], [ -115.562069, 36.53929 ], [ -115.526401, 36.596376 ], [ -115.417875, 36.596184 ], [ -115.41766, 36.508443 ], [ -115.100122, 36.491606 ], [ -115.153386, 36.431021 ], [ -115.088656, 36.368284 ], [ -115.080595, 36.33582 ], [ -115.207134, 36.328344 ], [ -115.079829, 36.306958 ], [ -115.061935, 36.278673 ], [ -114.952556, 36.309997 ], [ -114.973373, 36.268735 ], [ -114.937736, 36.268715 ], [ -115.006629, 36.232258 ], [ -115.008331, 36.208052 ], [ -114.922537, 36.193235 ], [ -114.921991, 36.130238 ], [ -114.906387, 36.12178 ], [ -114.885865, 36.145969 ], [ -114.884353, 36.129851 ], [ -114.836414, 36.122972 ], [ -114.845268, 36.149228 ], [ -114.684546, 36.198939 ], [ -114.687369, 36.238802 ], [ -114.667957, 36.247299 ], [ -114.667874, 36.42089 ], [ -114.65, 36.42089 ], [ -114.649935, 36.442813 ], [ -114.667837, 36.445814 ], [ -114.660459, 36.577747 ], [ -114.647422, 36.591115 ], [ -114.657018, 36.641829 ], [ -114.742568, 36.575256 ], [ -114.868997, 36.578573 ], [ -114.873923, 36.852198 ], [ -114.9561, 36.853384 ], [ -114.975043, 36.961582 ], [ -114.862801, 37.019012 ], [ -114.762297, 37.108377 ], [ -114.768863, 37.579654 ], [ -114.723718, 37.612997 ], [ -114.660722, 37.563692 ], [ -114.615351, 37.584617 ], [ -114.608734, 37.60664 ], [ -114.570941, 37.613769 ], [ -114.571582, 37.6799 ], [ -114.550513, 37.679903 ], [ -114.570389, 37.694768 ], [ -114.581793, 37.682249 ], [ -114.604692, 37.689303 ], [ -114.599399, 37.729501 ], [ -114.540531, 37.765387 ], [ -114.517113, 37.799791 ], [ -114.449887, 37.780854 ], [ -114.427823, 37.789431 ], [ -114.443975, 37.869652 ], [ -114.474704, 37.894903 ], [ -114.511444, 37.89532 ], [ -114.500364, 37.920047 ], [ -114.514439, 37.956162 ], [ -114.487842, 37.967101 ], [ -114.51961, 38.008847 ], [ -114.475411, 38.033228 ], [ -114.482363, 38.0486 ], [ -114.460247, 38.081584 ], [ -114.468386, 38.25513 ], [ -114.490885, 38.254297 ], [ -114.546183, 38.296852 ], [ -114.552805, 38.243748 ], [ -114.603743, 38.230951 ], [ -114.596505, 38.210745 ], [ -114.616046, 38.173449 ], [ -114.659313, 38.156696 ], [ -114.678457, 38.169639 ], [ -114.692243, 38.157664 ], [ -114.725694, 38.164416 ], [ -114.746753, 38.235589 ], [ -114.745253, 38.248346 ], [ -114.711178, 38.253007 ], [ -114.667838, 38.319582 ], [ -114.610341, 38.329413 ], [ -114.632285, 38.414586 ], [ -114.597324, 38.406342 ], [ -114.520252, 38.420468 ], [ -114.465571, 38.471396 ], [ -114.625907, 38.566631 ], [ -114.637277, 38.593533 ], [ -114.874448, 38.598178 ], [ -114.937232, 38.538947 ], [ -114.972197, 38.537438 ], [ -115.000845, 38.511653 ], [ -115.000846, 38.677322 ], [ -114.273475, 38.677346 ], [ -114.189857, 38.414582 ], [ -114.132776, 38.367229 ], [ -114.088727, 38.41116 ], [ -114.051224, 38.368917 ], [ -114.050052, 37.000191 ], [ -111.070987, 37.002229 ], [ -111.05235, 37.061312 ], [ -111.059186, 37.098685 ], [ -111.036988, 37.095028 ], [ -111.022437, 37.110103 ], [ -111.008847, 37.077951 ], [ -111.015919, 37.111315 ], [ -110.974672, 37.114067 ], [ -110.98411, 37.086214 ], [ -110.984444, 37.082494 ], [ -110.97906, 37.08349 ], [ -110.983351, 37.078658 ], [ -110.981944, 37.077016 ], [ -110.983741, 37.07685 ], [ -110.985242, 37.07569 ], [ -110.985588, 37.070788 ], [ -110.981912, 37.069152 ], [ -110.985115, 37.071041 ], [ -110.978318, 37.080974 ], [ -110.978907, 37.092283 ], [ -110.970574, 37.080113 ], [ -110.966497, 37.087476 ], [ -110.975097, 37.122758 ], [ -110.931712, 37.104503 ], [ -110.945326, 37.146296 ], [ -110.925963, 37.13029 ], [ -110.915898, 37.129143 ], [ -110.942072, 37.144222 ], [ -110.922799, 37.147641 ], [ -110.922552, 37.170619 ], [ -110.911232, 37.166055 ], [ -110.907057, 37.164975 ], [ -110.904884, 37.165386 ], [ -110.921407, 37.172632 ], [ -110.884406, 37.172341 ], [ -110.866579, 37.195439 ], [ -110.872308, 37.15308 ], [ -110.862406, 37.180917 ], [ -110.854773, 37.164396 ], [ -110.836919, 37.178079 ], [ -110.813102, 37.148545 ], [ -110.782743, 37.173742 ], [ -110.770185, 37.169842 ], [ -110.77146, 37.160787 ], [ -110.767518, 37.16278 ], [ -110.766316, 37.15269 ], [ -110.765602, 37.151877 ], [ -110.764387, 37.15153 ], [ -110.762925, 37.151568 ], [ -110.768022, 37.169792 ], [ -110.741578, 37.173795 ], [ -110.73972, 37.168855 ], [ -110.741588, 37.169382 ], [ -110.746208, 37.167754 ], [ -110.747202, 37.165401 ], [ -110.74531, 37.161165 ], [ -110.722756, 37.18949 ], [ -110.697125, 37.147738 ], [ -110.691537, 37.147353 ], [ -110.692031, 37.145864 ], [ -110.690054, 37.145183 ], [ -110.689485, 37.145386 ], [ -110.701817, 37.167481 ], [ -110.699999, 37.176081 ], [ -110.678293, 37.166108 ], [ -110.669254, 37.183707 ], [ -110.656094, 37.186463 ], [ -110.653109, 37.181016 ], [ -110.652415, 37.182055 ], [ -110.649737, 37.180076 ], [ -110.648934, 37.180301 ], [ -110.646568, 37.199175 ], [ -110.651456, 37.219673 ], [ -110.671183, 37.219541 ], [ -110.660052, 37.237864 ], [ -110.70679, 37.251047 ], [ -110.700469, 37.266841 ], [ -110.656265, 37.255908 ], [ -110.602642, 37.199962 ], [ -110.56388, 37.209074 ], [ -110.573393, 37.1971 ], [ -110.569298, 37.188808 ], [ -110.558385, 37.183011 ], [ -110.556892, 37.218085 ], [ -110.53553, 37.219516 ], [ -110.494633, 37.07461 ], [ -110.469769, 37.062644 ], [ -110.467308, 36.997669 ], [ -110.275924, 36.998002 ], [ -110.223112, 36.970413 ], [ -110.182756, 36.982881 ], [ -110.204623, 36.953048 ], [ -110.1648, 36.921465 ], [ -110.142828, 36.968421 ], [ -110.157977, 36.998266 ], [ -110.000688, 36.998349 ], [ -110.000677, 36.890514 ], [ -109.958154, 36.910058 ], [ -109.936646, 36.875865 ], [ -109.886958, 36.895267 ], [ -109.846407, 36.938907 ], [ -109.83497, 36.998306 ], [ -109.355673, 36.999305 ], [ -109.337926, 37.014409 ], [ -109.358118, 37.023493 ], [ -109.331106, 37.029745 ], [ -109.346507, 37.05162 ], [ -109.327166, 37.07592 ], [ -109.221955, 37.07643 ], [ -109.208667, 37.111869 ], [ -109.138494, 37.132849 ], [ -109.136422, 37.159952 ], [ -109.095354, 37.1211 ], [ -109.107075, 37.101468 ], [ -109.083687, 37.083181 ], [ -109.093549, 37.061465 ], [ -109.045181, 37.01798 ], [ -109.045637, 37.359982 ], [ -109.095903, 37.345448 ], [ -109.095796, 37.359864 ], [ -109.11435, 37.360007 ], [ -109.114598, 37.345197 ], [ -109.130489, 37.343963 ], [ -109.132036, 37.374586 ], [ -109.222574, 37.374463 ], [ -109.22187, 37.389113 ], [ -109.186568, 37.40347 ], [ -109.186654, 37.42888 ], [ -109.213938, 37.428854 ], [ -109.223295, 37.447767 ], [ -109.234477, 37.548607 ], [ -109.247228, 37.557364 ], [ -109.20987, 37.577026 ], [ -109.163568, 37.637965 ], [ -109.133038, 37.647898 ], [ -109.100095, 37.698736 ], [ -109.082038, 37.698707 ], [ -109.098384, 37.727596 ], [ -109.063776, 37.7277 ], [ -109.042028, 37.754454 ], [ -109.042835, 38.166268 ], [ -109.060204, 38.278238 ], [ -109.050026, 41.000691 ], [ -106.190554, 40.997578 ], [ -106.185307, 40.933973 ], [ -106.131251, 40.896608 ], [ -106.130671, 40.873868 ], [ -106.057715, 40.81712 ], [ -105.99058, 40.72718 ], [ -105.947021, 40.616689 ], [ -105.910892, 40.56642 ], [ -105.904507, 40.514119 ], [ -105.852161, 40.585098 ], [ -105.869821, 40.645627 ], [ -105.853224, 40.680548 ], [ -105.884143, 40.758766 ], [ -105.882484, 40.792746 ], [ -105.837144, 40.788139 ], [ -105.802089, 40.814616 ], [ -105.854991, 40.826408 ], [ -105.873337, 40.876002 ], [ -105.917459, 40.909438 ], [ -105.899861, 40.944657 ], [ -105.92096, 40.965411 ], [ -105.899713, 40.997091 ], [ -104.314663, 41.001643 ], [ -104.304248, 40.973418 ], [ -104.295812, 41.001719 ], [ -104.067016, 41.001785 ], [ -104.067271, 40.973256 ], [ -104.010216, 40.97382 ], [ -104.011008, 41.001683 ], [ -102.259839, 41.002398 ], [ -102.242022, 41.040613 ], [ -102.297588, 41.045647 ], [ -102.26586, 41.047753 ], [ -102.265998, 41.091407 ], [ -102.246945, 41.091355 ], [ -102.240453, 41.040604 ], [ -102.181197, 41.031004 ], [ -102.233028, 41.002356 ], [ -102.051717, 41.002359 ], [ -102.051429, 40.778999 ], [ -102.112894, 40.778628 ], [ -102.113227, 40.749592 ], [ -102.051416, 40.749586 ], [ -102.042089, 36.993016 ], [ -103.002329, 37.00015 ], [ -103.00229, 36.500887 ], [ -103.041717, 36.50036 ], [ -103.041706, 35.622488 ], [ -102.969896, 35.619309 ], [ -102.99625, 35.618911 ], [ -103.032873, 35.579842 ], [ -103.007761, 35.499673 ], [ -103.041949, 35.501526 ], [ -103.06451, 32.000424 ], [ -104.84774, 32.000415 ], [ -104.850881, 32.125994 ], [ -104.890671, 32.162894 ], [ -104.912959, 32.223182 ], [ -104.958862, 32.282787 ], [ -105.082228, 32.290533 ], [ -105.140409, 32.273936 ], [ -105.237604, 32.329427 ], [ -105.578661, 32.341336 ], [ -105.583186, 32.312939 ], [ -105.598867, 32.324872 ], [ -105.615375, 32.30845 ], [ -105.642631, 32.309863 ], [ -105.629283, 32.254458 ], [ -105.661294, 32.225316 ], [ -105.640828, 32.210738 ], [ -105.640341, 32.173978 ], [ -105.604292, 32.155225 ], [ -105.586522, 32.173549 ], [ -105.577413, 32.124156 ], [ -105.614322, 32.097475 ], [ -105.613706, 32.044753 ], [ -105.592018, 32.046779 ], [ -105.596362, 32.013561 ], [ -105.544388, 32.029389 ], [ -105.524377, 32.055867 ], [ -105.454302, 32.064611 ], [ -105.339807, 32.000509 ], [ -106.618486, 32.000495 ], [ -106.639536, 31.980343 ], [ -106.619346, 31.971014 ], [ -106.629742, 31.926567 ], [ -106.617995, 31.922095 ], [ -106.645584, 31.895328 ], [ -106.629191, 31.883699 ], [ -106.63592, 31.866233 ], [ -106.601695, 31.84437 ], [ -106.602806, 31.825018 ], [ -106.54714, 31.807299 ], [ -106.52703, 31.789022 ], [ -106.54192, 31.79961 ], [ -106.562959, 31.784086 ], [ -108.208484, 31.783698 ], [ -108.20847, 31.333373 ], [ -111.07498, 31.332342 ], [ -114.813692, 32.494069 ], [ -114.805678, 32.546332 ], [ -114.791408, 32.556461 ], [ -114.792808, 32.569524 ], [ -114.813934, 32.562213 ], [ -114.799402, 32.592618 ], [ -114.80844, 32.619426 ], [ -114.763784, 32.643403 ], [ -114.70294, 32.744793 ], [ -114.617395, 32.728257 ], [ -114.539224, 32.749812 ], [ -114.526856, 32.757094 ], [ -114.529633, 32.795477 ], [ -114.468971, 32.845155 ], [ -114.462929, 32.907944 ], [ -114.480925, 32.936276 ], [ -114.468379, 32.970745 ], [ -114.492938, 32.971781 ], [ -114.511343, 33.023455 ], [ -114.571653, 33.036624 ], [ -114.618788, 33.027202 ], [ -114.645979, 33.048902 ], [ -114.662317, 33.03267 ], [ -114.68902, 33.084035 ], [ -114.707819, 33.091102 ], [ -114.675359, 33.185488 ], [ -114.673626, 33.223121 ], [ -114.689541, 33.246428 ], [ -114.672088, 33.258499 ], [ -114.731223, 33.302433 ], [ -114.698035, 33.352442 ], [ -114.725535, 33.404055 ], [ -114.64954, 33.413633 ] ] ], [ [ [ -115.944067, 35.961 ], [ -115.926219, 35.986385 ], [ -115.908407, 35.986383 ], [ -115.890533, 35.957389 ], [ -115.944067, 35.961 ] ] ], [ [ [ -116.65187, 36.588211 ], [ -116.506846, 36.597895 ], [ -116.506829, 36.669893 ], [ -116.437752, 36.65305 ], [ -116.417043, 36.669107 ], [ -116.204106, 36.672698 ], [ -116.242367, 36.598252 ], [ -116.303088, 36.624034 ], [ -116.312703, 36.569539 ], [ -116.381541, 36.52514 ], [ -116.34012, 36.485668 ], [ -116.354688, 36.467476 ], [ -116.347171, 36.432198 ], [ -116.41175, 36.399441 ], [ -116.65187, 36.588211 ] ] ], [ [ [ -116.900216, 36.910697 ], [ -116.879154, 36.957794 ], [ -116.887363, 37.016531 ], [ -116.771608, 37.049245 ], [ -116.796649, 37.098581 ], [ -116.762893, 37.118706 ], [ -116.698266, 37.104375 ], [ -116.679969, 37.075027 ], [ -116.644369, 37.07498 ], [ -116.624162, 37.045392 ], [ -116.589543, 37.045885 ], [ -116.571977, 37.016469 ], [ -116.553357, 37.016441 ], [ -116.553236, 37.002491 ], [ -116.63742, 36.978268 ], [ -116.647849, 36.965787 ], [ -116.631859, 36.93909 ], [ -116.679097, 36.890662 ], [ -116.659842, 36.86811 ], [ -116.630081, 36.866849 ], [ -116.639215, 36.827262 ], [ -116.604581, 36.81265 ], [ -116.619627, 36.764743 ], [ -116.645924, 36.741839 ], [ -116.742599, 36.824171 ], [ -116.767625, 36.868118 ], [ -116.814486, 36.883542 ], [ -116.878246, 36.855199 ], [ -116.879033, 36.898756 ], [ -116.900216, 36.910697 ] ] ], [ [ [ -115.864081, 37.61457 ], [ -115.862058, 37.67913 ], [ -115.830862, 37.690274 ], [ -115.750248, 37.649884 ], [ -115.708919, 37.657792 ], [ -115.713097, 37.631204 ], [ -115.672087, 37.574449 ], [ -115.511459, 37.47635 ], [ -115.502893, 37.487158 ], [ -115.489467, 37.595564 ], [ -115.462204, 37.611152 ], [ -115.461507, 37.748503 ], [ -115.443773, 37.787583 ], [ -115.488603, 37.799591 ], [ -115.491142, 37.840503 ], [ -115.549169, 37.919422 ], [ -115.560368, 37.960073 ], [ -115.59242, 37.983165 ], [ -115.607636, 38.051181 ], [ -115.400929, 38.050676 ], [ -115.409181, 37.788185 ], [ -115.314768, 37.763886 ], [ -115.326638, 37.72626 ], [ -115.302897, 37.726024 ], [ -115.286141, 37.798653 ], [ -115.24274, 37.851406 ], [ -115.118968, 37.740025 ], [ -115.079488, 37.789687 ], [ -115.001593, 37.768856 ], [ -114.999209, 37.751025 ], [ -114.978643, 37.758451 ], [ -114.955044, 37.723588 ], [ -114.996638, 37.723413 ], [ -114.981881, 37.65561 ], [ -114.998246, 37.641498 ], [ -114.99537, 37.619004 ], [ -115.081845, 37.608408 ], [ -115.075095, 37.587882 ], [ -115.157669, 37.548364 ], [ -115.092535, 37.492612 ], [ -115.13579, 37.485272 ], [ -115.124273, 37.43895 ], [ -115.140094, 37.416315 ], [ -115.097669, 37.347315 ], [ -115.055548, 37.332571 ], [ -115.075461, 37.283372 ], [ -115.11576, 37.274049 ], [ -115.094337, 37.23544 ], [ -115.117289, 37.24519 ], [ -115.133236, 37.212127 ], [ -115.185146, 37.178299 ], [ -115.292887, 37.193712 ], [ -115.317046, 37.261634 ], [ -115.331033, 37.238699 ], [ -115.411091, 37.257385 ], [ -115.411045, 37.288414 ], [ -115.442868, 37.288583 ], [ -115.496971, 37.385447 ], [ -115.635928, 37.324647 ], [ -115.659117, 37.360312 ], [ -115.663055, 37.404909 ], [ -115.593061, 37.40242 ], [ -115.578615, 37.419549 ], [ -115.587918, 37.446119 ], [ -115.615259, 37.439751 ], [ -115.642912, 37.455165 ], [ -115.643168, 37.474115 ], [ -115.65923, 37.474103 ], [ -115.69046, 37.519048 ], [ -115.702132, 37.503759 ], [ -115.73312, 37.503513 ], [ -115.733652, 37.518157 ], [ -115.769493, 37.53089 ], [ -115.775934, 37.598891 ], [ -115.806895, 37.635127 ], [ -115.864081, 37.61457 ] ] ], [ [ [ -117.744459, 37.401945 ], [ -117.692458, 37.402991 ], [ -117.677631, 37.436052 ], [ -117.588711, 37.425077 ], [ -117.490647, 37.45713 ], [ -117.439844, 37.440937 ], [ -117.285889, 37.437585 ], [ -117.222402, 37.470707 ], [ -117.191069, 37.525757 ], [ -117.219149, 37.669916 ], [ -117.279028, 37.673497 ], [ -117.298543, 37.693343 ], [ -117.277467, 37.730643 ], [ -117.244867, 37.732149 ], [ -117.238879, 37.789106 ], [ -117.248783, 37.777912 ], [ -117.259879, 37.795406 ], [ -117.333819, 37.823522 ], [ -117.321417, 37.837689 ], [ -117.246777, 37.847144 ], [ -117.240376, 37.827535 ], [ -117.24116, 37.847848 ], [ -117.211198, 37.851603 ], [ -117.165817, 37.731733 ], [ -117.165585, 37.332783 ], [ -117.178765, 37.321069 ], [ -117.165549, 37.3139 ], [ -117.16565, 37.016267 ], [ -117.226619, 37.016464 ], [ -117.744459, 37.401945 ] ] ], [ [ [ -117.647205, 37.750432 ], [ -117.630517, 37.765927 ], [ -117.638326, 37.746153 ], [ -117.647205, 37.750432 ] ] ], [ [ [ -118.435178, 37.901289 ], [ -118.307695, 37.981797 ], [ -118.303668, 37.936276 ], [ -118.343612, 37.896492 ], [ -118.233974, 37.867477 ], [ -118.13497, 37.892548 ], [ -118.104912, 37.871366 ], [ -118.103176, 37.92291 ], [ -118.010451, 37.974646 ], [ -117.998568, 38.017517 ], [ -117.886639, 38.031308 ], [ -117.776675, 38.018629 ], [ -117.791988, 37.985139 ], [ -117.858674, 37.928137 ], [ -117.969099, 37.867042 ], [ -117.985992, 37.812543 ], [ -118.046073, 37.747176 ], [ -118.05109, 37.713412 ], [ -117.952495, 37.580641 ], [ -117.882681, 37.572216 ], [ -117.911642, 37.534121 ], [ -117.832726, 37.464929 ], [ -117.938011, 37.466481 ], [ -117.946879, 37.484582 ], [ -117.921575, 37.486994 ], [ -117.944726, 37.526259 ], [ -117.923791, 37.530259 ], [ -118.435178, 37.901289 ] ] ], [ [ [ -117.537191, 38.464416 ], [ -117.450238, 38.466993 ], [ -117.386637, 38.376212 ], [ -117.320211, 38.334797 ], [ -117.29389, 38.399475 ], [ -117.266212, 38.426316 ], [ -117.193263, 38.397075 ], [ -117.155429, 38.373621 ], [ -117.07857, 38.256448 ], [ -117.019728, 38.2802 ], [ -116.878783, 38.2742 ], [ -116.831685, 38.253651 ], [ -116.822299, 38.286265 ], [ -116.80551, 38.285437 ], [ -116.749137, 38.25136 ], [ -116.721861, 38.252916 ], [ -116.692653, 38.224454 ], [ -116.683362, 38.222305 ], [ -116.656443, 38.394496 ], [ -116.593288, 38.409306 ], [ -116.599009, 38.495122 ], [ -116.544863, 38.529641 ], [ -116.483245, 38.53101 ], [ -116.491503, 38.557337 ], [ -116.467143, 38.615127 ], [ -116.461127, 38.713872 ], [ -116.403746, 38.807463 ], [ -116.402779, 38.881109 ], [ -116.331433, 38.947553 ], [ -116.313429, 39.070727 ], [ -116.33309, 39.095352 ], [ -116.335184, 39.16178 ], [ -116.112562, 39.161496 ], [ -116.094876, 39.135741 ], [ -116.127526, 39.091756 ], [ -116.156749, 39.088847 ], [ -116.183023, 39.058924 ], [ -116.181652, 38.9542 ], [ -116.245285, 38.854155 ], [ -116.244498, 38.790299 ], [ -116.208975, 38.766901 ], [ -116.18693, 38.701912 ], [ -116.232625, 38.69551 ], [ -116.249618, 38.719823 ], [ -116.277561, 38.722594 ], [ -116.326382, 38.627463 ], [ -116.328486, 38.593697 ], [ -116.290927, 38.542439 ], [ -116.342896, 38.511002 ], [ -116.340059, 38.450756 ], [ -116.298214, 38.445024 ], [ -116.262732, 38.380051 ], [ -116.241009, 38.49033 ], [ -116.138099, 38.465573 ], [ -116.109772, 38.391221 ], [ -116.071675, 38.397189 ], [ -116.021013, 38.368172 ], [ -115.976764, 38.39004 ], [ -115.963487, 38.406866 ], [ -115.971085, 38.423013 ], [ -115.952016, 38.414916 ], [ -115.927667, 38.43786 ], [ -115.919507, 38.499963 ], [ -115.83384, 38.519671 ], [ -115.870233, 38.555582 ], [ -115.858269, 38.588394 ], [ -115.881941, 38.627761 ], [ -115.755097, 38.634941 ], [ -115.73945, 38.603143 ], [ -115.747617, 38.572096 ], [ -115.692762, 38.569922 ], [ -115.691193, 38.504253 ], [ -115.629494, 38.593264 ], [ -115.576922, 38.587325 ], [ -115.534565, 38.600687 ], [ -115.518662, 38.577158 ], [ -115.541008, 38.48091 ], [ -115.566683, 38.438009 ], [ -115.73112, 38.240734 ], [ -115.961445, 38.173067 ], [ -116.102041, 38.149309 ], [ -116.193034, 38.206562 ], [ -116.354887, 38.190854 ], [ -116.337278, 38.084173 ], [ -116.365157, 38.001275 ], [ -116.266137, 37.896579 ], [ -116.281584, 37.88631 ], [ -116.492197, 37.885084 ], [ -116.49114, 37.904997 ], [ -116.526489, 37.893859 ], [ -116.57436, 37.906977 ], [ -116.586237, 37.935719 ], [ -116.561714, 37.940956 ], [ -116.573097, 37.96798 ], [ -116.528442, 37.992742 ], [ -116.553619, 38.030265 ], [ -116.543721, 38.060933 ], [ -116.561076, 38.045199 ], [ -116.575006, 38.092651 ], [ -116.560463, 38.113678 ], [ -116.589868, 38.131045 ], [ -116.618958, 38.071959 ], [ -116.630735, 38.072778 ], [ -116.634962, 38.142575 ], [ -116.78735, 38.119418 ], [ -116.837958, 38.126333 ], [ -116.878594, 38.187322 ], [ -116.925664, 38.168514 ], [ -116.957347, 38.194042 ], [ -116.998422, 38.179165 ], [ -117.047582, 38.197388 ], [ -117.107465, 38.170791 ], [ -117.142642, 38.128812 ], [ -117.110571, 38.12043 ], [ -117.127222, 38.071596 ], [ -117.010373, 38.079236 ], [ -116.947441, 38.029281 ], [ -116.944657, 38.007219 ], [ -117.086839, 38.043015 ], [ -117.066678, 37.990579 ], [ -117.104475, 38.029972 ], [ -117.10303, 38.046588 ], [ -117.132245, 38.055471 ], [ -117.160639, 38.027867 ], [ -117.139671, 37.991426 ], [ -117.164765, 37.987856 ], [ -117.206449, 38.038729 ], [ -117.214766, 38.026338 ], [ -117.272297, 38.04709 ], [ -117.245271, 38.067837 ], [ -117.320767, 38.062087 ], [ -117.273149, 38.090915 ], [ -117.319186, 38.132359 ], [ -117.537191, 38.464416 ] ] ], [ [ [ -117.487851, 38.900755 ], [ -117.472342, 38.9344 ], [ -117.435382, 38.91261 ], [ -117.412177, 38.924128 ], [ -117.399301, 38.952208 ], [ -117.420127, 38.962688 ], [ -117.395064, 38.979551 ], [ -117.370909, 38.9681 ], [ -117.388943, 38.991602 ], [ -117.371808, 38.996203 ], [ -117.400843, 39.029571 ], [ -117.376867, 39.074162 ], [ -117.361561, 39.06195 ], [ -117.353091, 39.072922 ], [ -117.354851, 39.103977 ], [ -117.304927, 39.084941 ], [ -117.291644, 39.06211 ], [ -117.266833, 39.065217 ], [ -117.264583, 39.089879 ], [ -117.287184, 39.102654 ], [ -117.27487, 39.122314 ], [ -117.28829, 39.149982 ], [ -117.266601, 39.145918 ], [ -117.27657, 39.159242 ], [ -116.739213, 39.162256 ], [ -116.728869, 39.138782 ], [ -116.742488, 39.129677 ], [ -116.704827, 39.132883 ], [ -116.712963, 39.095692 ], [ -116.678847, 39.099966 ], [ -116.677381, 39.080939 ], [ -116.727471, 39.048556 ], [ -116.719297, 39.002974 ], [ -116.766962, 38.996645 ], [ -116.715076, 38.973056 ], [ -116.700709, 38.991715 ], [ -116.678278, 38.975469 ], [ -116.662677, 38.871082 ], [ -116.78598, 38.800264 ], [ -116.752554, 38.704854 ], [ -116.857696, 38.580466 ], [ -116.832643, 38.531209 ], [ -116.841891, 38.498385 ], [ -116.777293, 38.422276 ], [ -116.85704, 38.384255 ], [ -116.850381, 38.424045 ], [ -116.90271, 38.493592 ], [ -116.947449, 38.494065 ], [ -116.961302, 38.478585 ], [ -116.995172, 38.499481 ], [ -117.020984, 38.487759 ], [ -117.022194, 38.512023 ], [ -117.100458, 38.535634 ], [ -117.074312, 38.539864 ], [ -117.080122, 38.578417 ], [ -117.027694, 38.592145 ], [ -117.012386, 38.63716 ], [ -116.938982, 38.678568 ], [ -116.922749, 38.748818 ], [ -116.944394, 38.773623 ], [ -117.056084, 38.783426 ], [ -117.059432, 38.735364 ], [ -117.047898, 38.728466 ], [ -117.067717, 38.70691 ], [ -117.12231, 38.70201 ], [ -117.140889, 38.660717 ], [ -117.187349, 38.651654 ], [ -117.253076, 38.522551 ], [ -117.258387, 38.538645 ], [ -117.31198, 38.499062 ], [ -117.409025, 38.541407 ], [ -117.441142, 38.528662 ], [ -117.43058, 38.56418 ], [ -117.480781, 38.608469 ], [ -117.447033, 38.625146 ], [ -117.447632, 38.659427 ], [ -117.425688, 38.687893 ], [ -117.442006, 38.737066 ], [ -117.407191, 38.744204 ], [ -117.394274, 38.768326 ], [ -117.356925, 38.746926 ], [ -117.33959, 38.755002 ], [ -117.345133, 38.773645 ], [ -117.425399, 38.807989 ], [ -117.467482, 38.84357 ], [ -117.487851, 38.900755 ] ] ], [ [ [ -109.812312, 24.446696 ], [ -109.80076, 24.464808 ], [ -109.8101112, 24.4800296 ], [ -109.786626399999989, 24.5043912 ], [ -109.838536799999986, 24.5385792 ], [ -109.827668, 24.553471200000043 ], [ -109.76706, 24.540252 ], [ -109.7640096, 24.570256799999985 ], [ -109.739526399999988, 24.577396799999953 ], [ -109.725978400000017, 24.559441599999978 ], [ -109.707904, 24.58028 ], [ -109.7413704, 24.466766400000047 ], [ -109.714890400000016, 24.451037600000021 ], [ -109.822502400000019, 24.3845032 ], [ -109.8721976, 24.276356 ], [ -109.9403704, 24.225334399999962 ], [ -109.9569272, 24.226824 ], [ -109.9856368, 24.267001599999983 ], [ -110.0761688, 24.308006400000043 ], [ -110.136648799999989, 24.365064800000013 ], [ -110.170664800000011, 24.365272 ], [ -110.178030399999983, 24.381105599999977 ], [ -110.153860800000018, 24.571628 ], [ -110.200447199999985, 24.67634 ], [ -110.150934399999983, 24.6785768 ], [ -110.174880799999983, 24.710942399999983 ], [ -110.186003200000016, 24.781151199999986 ], [ -110.228541599999971, 24.8126128 ], [ -110.259790399999986, 24.885690400000041 ], [ -110.237861599999974, 24.9427176 ], [ -110.181097599999987, 24.987632 ], [ -110.14597040000001, 24.9933304 ], [ -110.110244, 25.072564 ], [ -110.068716, 25.0948472 ], [ -110.06887039999998, 25.1245304 ], [ -110.1100128, 25.18280559999997 ], [ -110.1263856, 25.2462416 ], [ -110.122447200000011, 25.2867688 ], [ -110.0963552, 25.314276800000012 ], [ -110.0655688, 25.319582400000023 ], [ -110.0005824, 25.295230399999966 ], [ -109.8702968, 25.2047432 ], [ -109.849344799999983, 25.212285599999959 ], [ -109.7196232, 25.168772 ], [ -109.5594, 25.080723199999952 ], [ -109.4605272, 24.982513600000015 ], [ -109.469911200000013, 24.896773600000021 ], [ -109.391744799999969, 24.892193600000027 ], [ -109.38106160000001, 24.814980800000011 ], [ -109.243086399999981, 24.721302400000013 ], [ -109.25512, 24.681799200000047 ], [ -109.358976, 24.5889784 ], [ -109.436288, 24.562672 ], [ -109.44659919999998, 24.5937896 ], [ -109.4974528, 24.618957599999987 ], [ -109.5073744, 24.603989600000016 ], [ -109.584810399999981, 24.6180352 ], [ -109.6241264, 24.646828799999948 ], [ -109.674584, 24.721168 ], [ -109.714056, 24.852264 ], [ -109.6967224, 24.886624 ], [ -109.660596, 24.880007200000026 ], [ -109.649469599999975, 24.915296799999982 ], [ -109.6747344, 24.9247808 ], [ -109.6657744, 24.968675200000057 ], [ -109.647279200000014, 24.98332 ], [ -109.666689599999984, 24.979762399999984 ], [ -109.6738, 25.035912 ], [ -109.764224, 25.057408 ], [ -109.750273599999986, 25.022424 ], [ -109.79196, 25.02168 ], [ -109.86584, 24.9708 ], [ -109.8878128, 24.9718696 ], [ -109.909656, 24.9325 ], [ -109.958414399999981, 24.975452 ], [ -109.976742399999978, 24.973830400000029 ], [ -109.9802, 24.992032 ], [ -110.05332, 24.963896 ], [ -109.9872752, 24.875255200000048 ], [ -109.986596, 24.8371888 ], [ -110.026336, 24.809926400000023 ], [ -110.037267199999974, 24.736432800000021 ], [ -110.0548104, 24.723704799999989 ], [ -110.01078, 24.721355199999987 ], [ -110.0172392, 24.6883976 ], [ -110.03867120000001, 24.689961599999972 ], [ -109.99720880000001, 24.6269632 ], [ -109.996192, 24.508106399999967 ], [ -110.038696800000011, 24.4999056 ], [ -110.016568, 24.433464 ], [ -109.974995199999967, 24.414210400000023 ], [ -109.9977816, 24.359987199999964 ], [ -109.940272, 24.346496 ], [ -109.9476032, 24.440908 ], [ -109.888190399999985, 24.488924800000017 ], [ -109.812312, 24.446696 ] ] ], [ [ [ -110.763370399999985, 25.844210400000023 ], [ -110.739195199999983, 25.9136152 ], [ -110.6781624, 25.930357599999983 ], [ -110.6206928, 25.892852 ], [ -110.582932, 25.8232864 ], [ -110.4605712, 25.862522399999985 ], [ -110.392904, 25.852312 ], [ -110.3326624, 25.79528639999997 ], [ -110.3033944, 25.792463200000018 ], [ -110.291645599999981, 25.763919199999979 ], [ -110.2026032, 25.738679200000014 ], [ -110.174508799999984, 25.683687200000012 ], [ -110.2382136, 25.61928 ], [ -110.3085504, 25.594206399999983 ], [ -110.357794399999989, 25.601116800000028 ], [ -110.439607200000026, 25.565591200000014 ], [ -110.52454560000001, 25.56289439999998 ], [ -110.5601256, 25.587492799999961 ], [ -110.575938399999984, 25.726587199999969 ], [ -110.6294864, 25.718248 ], [ -110.708568, 25.7520632 ], [ -110.754532, 25.8085288 ], [ -110.763370399999985, 25.844210400000023 ] ] ], [ [ [ -111.019774400000017, 25.848129600000018 ], [ -110.9079936, 25.831644799999989 ], [ -110.8432808, 25.76420640000001 ], [ -110.873009599999989, 25.703724 ], [ -110.947220799999968, 25.6825208 ], [ -110.9889624, 25.695433599999987 ], [ -110.998764, 25.763652799999988 ], [ -111.049085599999984, 25.8005576 ], [ -111.058844, 25.8257064 ], [ -111.019774400000017, 25.848129600000018 ] ] ], [ [ [ -110.8098632, 26.048752 ], [ -110.766860799999989, 26.0313048 ], [ -110.759931199999983, 26.007260800000026 ], [ -110.875572, 25.9385784 ], [ -111.0566136, 25.976982399999958 ], [ -111.199284, 25.965292 ], [ -111.25442, 25.9788864 ], [ -111.2067224, 26.055728800000029 ], [ -111.20562480000001, 26.085943199999988 ], [ -111.00782959999998, 26.0505096 ], [ -110.977908, 26.0774544 ], [ -110.931265600000017, 26.039775200000037 ], [ -110.8098632, 26.048752 ] ] ], [ [ [ -111.593536799999981, 26.235154399999981 ], [ -111.55498080000001, 26.167764 ], [ -111.523443199999974, 26.166869599999977 ], [ -111.5178912, 26.147600800000017 ], [ -111.5593488, 26.106756 ], [ -111.575796, 26.125466399999983 ], [ -111.653410399999984, 26.1017288 ], [ -111.697692, 26.135940799999986 ], [ -111.774596799999983, 26.141972 ], [ -111.7746832, 26.156825599999969 ], [ -111.8848864, 26.133384800000048 ], [ -111.910888, 26.1876192 ], [ -111.94912, 26.216719199999968 ], [ -111.9537208, 26.246828 ], [ -111.990793600000018, 26.278489599999965 ], [ -111.992439199999978, 26.3250648 ], [ -112.026877599999978, 26.359448799999981 ], [ -111.9002632, 26.368708 ], [ -111.827630399999975, 26.4539096 ], [ -111.770648, 26.4724808 ], [ -111.7232384, 26.418492 ], [ -111.7308792, 26.399649599999979 ], [ -111.6674008, 26.329616 ], [ -111.6713608, 26.2761032 ], [ -111.6274088, 26.2747288 ], [ -111.6504048, 26.258057600000029 ], [ -111.625003199999981, 26.252260800000041 ], [ -111.626603199999977, 26.230342400000016 ], [ -111.612043199999988, 26.2451408 ], [ -111.6210752, 26.269641599999982 ], [ -111.5943144, 26.263616799999987 ], [ -111.574163199999987, 26.278136 ], [ -111.593536799999981, 26.235154399999981 ] ] ], [ [ [ -115.506564, 38.777867 ], [ -115.492377, 38.792914 ], [ -115.446223, 38.796354 ], [ -115.428523, 38.770487 ], [ -115.4735, 38.743013 ], [ -115.506564, 38.777867 ] ] ] ] } },
{ "type": "Feature", "properties": { "territory": "Unassigned", "fillColor": "#BDBDBD", "fillOpacity": 0.85, "strokeColor": "#666666", "strokeWidth": 1.0 }, "geometry": { "type": "MultiPolygon", "coordinates": [ [ [ [ -106.190554, 40.997578 ], [ -110.000717, 40.99745 ], [ -110.000711, 40.813678 ], [ -110.102622, 40.807901 ], [ -110.293546, 40.833366 ], [ -110.342735, 40.823356 ], [ -110.379164, 40.787136 ], [ -110.424303, 40.792005 ], [ -110.432782, 40.778278 ], [ -110.487114, 40.780289 ], [ -110.523512, 40.761504 ], [ -110.547031, 40.773733 ], [ -110.569046, 40.75637 ], [ -110.625471, 40.769528 ], [ -110.656482, 40.740275 ], [ -110.750733, 40.747706 ], [ -110.80641, 40.711599 ], [ -110.865219, 40.723118 ], [ -110.886313, 40.786314 ], [ -110.846812, 40.850415 ], [ -110.921739, 40.861278 ], [ -110.858693, 40.940717 ], [ -110.863768, 40.988203 ], [ -111.046815, 40.997875 ], [ -111.043699, 42.786698 ], [ -111.070593, 42.784922 ], [ -111.107407, 42.831906 ], [ -111.150604, 42.854706 ], [ -111.21659, 42.865928 ], [ -111.26355, 42.918787 ], [ -111.257259, 42.927659 ], [ -111.287185, 42.935295 ], [ -111.277287, 42.965229 ], [ -111.256895, 42.970205 ], [ -111.289794, 42.99631 ], [ -111.235399, 43.020541 ], [ -111.234929, 43.158476 ], [ -111.183693, 43.151939 ], [ -111.155449, 43.175428 ], [ -111.102944, 43.184078 ], [ -111.044051, 43.142816 ], [ -111.048974, 44.474072 ], [ -111.127383, 44.49762 ], [ -111.131382, 44.532429 ], [ -111.17864, 44.552477 ], [ -111.18103, 44.569231 ], [ -111.227631, 44.576687 ], [ -111.240889, 44.614525 ], [ -111.219319, 44.622521 ], [ -111.252597, 44.65125 ], [ -111.278477, 44.651265 ], [ -111.266804, 44.667512 ], [ -111.323626, 44.729072 ], [ -111.352977, 44.726178 ], [ -111.384824, 44.754954 ], [ -111.414273, 44.710739 ], [ -111.438798, 44.720545 ], [ -111.488784, 44.705643 ], [ -111.472483, 44.66619 ], [ -111.490114, 44.642471 ], [ -111.51631, 44.643997 ], [ -111.502499, 44.626508 ], [ -111.522613, 44.614084 ], [ -111.523611, 44.592215 ], [ -111.50134, 44.57249 ], [ -111.507769, 44.562298 ], [ -111.469355, 44.557674 ], [ -111.468002, 44.538951 ], [ -111.512891, 44.536041 ], [ -111.585687, 44.562628 ], [ -111.613897, 44.54868 ], [ -111.703164, 44.560148 ], [ -111.715648, 44.543369 ], [ -111.82153, 44.508941 ], [ -111.869319, 44.566621 ], [ -111.947782, 44.557013 ], [ -111.977724, 44.535744 ], [ -112.032707, 44.546642 ], [ -112.032799, 44.528403 ], [ -112.069068, 44.537151 ], [ -112.1064, 44.520569 ], [ -112.136672, 44.53986 ], [ -112.183657, 44.532953 ], [ -112.222333, 44.543943 ], [ -112.229225, 44.564089 ], [ -112.286568, 44.568559 ], [ -112.319494, 44.538904 ], [ -112.352509, 44.538021 ], [ -112.358366, 44.485261 ], [ -112.386524, 44.447308 ], [ -112.472687, 44.479297 ], [ -112.500642, 44.462766 ], [ -112.541712, 44.483771 ], [ -112.661734, 44.48599 ], [ -112.71793, 44.504273 ], [ -112.78081, 44.48466 ], [ -112.83989, 44.424714 ], [ -112.810056, 44.39876 ], [ -112.812208, 44.377142 ], [ -112.854267, 44.359588 ], [ -112.889557, 44.405938 ], [ -112.945416, 44.414632 ], [ -113.004506, 44.452827 ], [ -113.026824, 44.495512 ], [ -113.00653, 44.525776 ], [ -113.045358, 44.544323 ], [ -113.037285, 44.564769 ], [ -113.088292, 44.599663 ], [ -113.050722, 44.634542 ], [ -113.067761, 44.678786 ], [ -113.097833, 44.698868 ], [ -113.101618, 44.729465 ], [ -113.134824, 44.752763 ], [ -113.131459, 44.772758 ], [ -113.246894, 44.822973 ], [ -113.341276, 44.784664 ], [ -113.377567, 44.835239 ], [ -113.421952, 44.837599 ], [ -113.455071, 44.865424 ], [ -113.498818, 44.942203 ], [ -113.443939, 44.95938 ], [ -113.452044, 45.059174 ], [ -113.522187, 45.091388 ], [ -113.511249, 45.116129 ], [ -113.569884, 45.123851 ], [ -113.565694, 45.149602 ], [ -113.590707, 45.155886 ], [ -113.592133, 45.184779 ], [ -113.691887, 45.262503 ], [ -113.680279, 45.278886 ], [ -113.738661, 45.329409 ], [ -113.733475, 45.390811 ], [ -113.776043, 45.408477 ], [ -113.759733, 45.42711 ], [ -113.784264, 45.454886 ], [ -113.759914, 45.4804 ], [ -113.766022, 45.520621 ], [ -113.834778, 45.520657 ], [ -113.821469, 45.565948 ], [ -113.796746, 45.581573 ], [ -113.806431, 45.60163 ], [ -113.861589, 45.62382 ], [ -113.904691, 45.622007 ], [ -113.895278, 45.643847 ], [ -113.919856, 45.658117 ], [ -113.93526, 45.694341 ], [ -113.964816, 45.690019 ], [ -113.988526, 45.705977 ], [ -114.015482, 45.695901 ], [ -114.02831, 45.675237 ], [ -114.01527, 45.652766 ], [ -114.066738, 45.628166 ], [ -114.086102, 45.591464 ], [ -114.193608, 45.536372 ], [ -114.24845, 45.545813 ], [ -114.269892, 45.484552 ], [ -114.330047, 45.459722 ], [ -114.367201, 45.491854 ], [ -114.425707, 45.510719 ], [ -114.430574, 45.52951 ], [ -114.463912, 45.545029 ], [ -114.456077, 45.56224 ], [ -114.49808, 45.555461 ], [ -114.52726, 45.570855 ], [ -114.564936, 45.55771 ], [ -114.537944, 45.606592 ], [ -114.563987, 45.637621 ], [ -114.507646, 45.657535 ], [ -114.49903, 45.678874 ], [ -114.515086, 45.684911 ], [ -114.495148, 45.70397 ], [ -114.566465, 45.77331 ], [ -114.509644, 45.845357 ], [ -114.437715, 45.862608 ], [ -114.409654, 45.851573 ], [ -114.387868, 45.883926 ], [ -114.431396, 45.93604 ], [ -114.402524, 45.957944 ], [ -114.411755, 45.97787 ], [ -114.479992, 45.992902 ], [ -114.480347, 46.030349 ], [ -114.507504, 46.031464 ], [ -114.468286, 46.06279 ], [ -114.460475, 46.09779 ], [ -114.520996, 46.125112 ], [ -114.527359, 46.145411 ], [ -114.514858, 46.16768 ], [ -114.444091, 46.169273 ], [ -114.447985, 46.231565 ], [ -114.47072, 46.266041 ], [ -114.425441, 46.287856 ], [ -114.433434, 46.305549 ], [ -114.41025, 46.361054 ], [ -114.422447, 46.387046 ], [ -114.368414, 46.437115 ], [ -114.403184, 46.498811 ], [ -114.342641, 46.518431 ], [ -114.347888, 46.551471 ], [ -114.329639, 46.576199 ], [ -114.344197, 46.589969 ], [ -114.322532, 46.610889 ], [ -114.320745, 46.647063 ], [ -114.358224, 46.671138 ], [ -114.424596, 46.66066 ], [ -114.466834, 46.631801 ], [ -114.541822, 46.649992 ], [ -114.605732, 46.6359 ], [ -114.642563, 46.672912 ], [ -114.620787, 46.707262 ], [ -114.665376, 46.739234 ], [ -114.698594, 46.740451 ], [ -114.713044, 46.715426 ], [ -114.766786, 46.696902 ], [ -114.78843, 46.71277 ], [ -114.765239, 46.745391 ], [ -114.7875, 46.782776 ], [ -114.829104, 46.782626 ], [ -114.865779, 46.814529 ], [ -114.895189, 46.80163 ], [ -114.898448, 46.822354 ], [ -114.948261, 46.860009 ], [ -114.925143, 46.918681 ], [ -114.960597, 46.93001 ], [ -115.001274, 46.971901 ], [ -115.048789, 46.970036 ], [ -115.071679, 47.026361 ], [ -115.131134, 47.068956 ], [ -115.14413, 47.101911 ], [ -115.244619, 47.151312 ], [ -115.261822, 47.181431 ], [ -115.300577, 47.188334 ], [ -115.291529, 47.210854 ], [ -115.324369, 47.244724 ], [ -115.319786, 47.256684 ], [ -115.482264, 47.281444 ], [ -115.528509, 47.299244 ], [ -115.550763, 47.349686 ], [ -115.577639, 47.367404 ], [ -115.643411, 47.37734 ], [ -115.657491, 47.400455 ], [ -115.721112, 47.425698 ], [ -115.759304, 47.423862 ], [ -115.716094, 47.45288 ], [ -115.646461, 47.45683 ], [ -115.629488, 47.47961 ], [ -115.686264, 47.48494 ], [ -115.711398, 47.516771 ], [ -115.698314, 47.531375 ], [ -115.75562, 47.547933 ], [ -115.687758, 47.5953 ], [ -115.694444, 47.623761 ], [ -115.736508, 47.653811 ], [ -115.722648, 47.695118 ], [ -115.777151, 47.720376 ], [ -115.797498, 47.757334 ], [ -115.83091, 47.755036 ], [ -115.852312, 47.827857 ], [ -115.918885, 47.85362 ], [ -116.018771, 47.962895 ], [ -116.049108, 47.976842 ], [ -116.049086, 49.000846 ], [ -97.228961, 49.000454 ], [ -97.233996, 48.947434 ], [ -97.190018, 48.895516 ], [ -97.199394, 48.881113 ], [ -97.177814, 48.875639 ], [ -97.190573, 48.864279 ], [ -97.173884, 48.837993 ], [ -97.190274, 48.815135 ], [ -97.158118, 48.810319 ], [ -97.18164, 48.798517 ], [ -97.163261, 48.800579 ], [ -97.174041, 48.793879 ], [ -97.147469, 48.781441 ], [ -97.153795, 48.753993 ], [ -97.110112, 48.707978 ], [ -97.119904, 48.701248 ], [ -97.090369, 48.684655 ], [ -97.111966, 48.630758 ], [ -97.063001, 48.631339 ], [ -97.061887, 48.602212 ], [ -97.041079, 48.602419 ], [ -97.01901, 48.573297 ], [ -97.019887, 48.558752 ], [ -97.084889, 48.558549 ], [ -97.085302, 48.54401 ], [ -97.163355, 48.543967 ], [ -97.141358, 48.535452 ], [ -97.152423, 48.520364 ], [ -97.126758, 48.520157 ], [ -97.150267, 48.5116 ], [ -97.1315, 48.489006 ], [ -97.162668, 48.477783 ], [ -97.12892, 48.475742 ], [ -97.147418, 48.472753 ], [ -97.128544, 48.460301 ], [ -97.150633, 48.440816 ], [ -97.124824, 48.441896 ], [ -97.145873, 48.431148 ], [ -97.122453, 48.418276 ], [ -97.140377, 48.421574 ], [ -97.155413, 48.416741 ], [ -97.131175, 48.407281 ], [ -97.16329, 48.391987 ], [ -97.133443, 48.381719 ], [ -97.155573, 48.368583 ], [ -97.145618, 48.358032 ], [ -97.15859, 48.328351 ], [ -97.183619, 48.311898 ], [ -97.167398, 48.309674 ], [ -97.16771, 48.251499 ], [ -97.20038, 48.237199 ], [ -97.204522, 48.208232 ], [ -97.156174, 48.178554 ], [ -97.167528, 48.135252 ], [ -97.147893, 48.135267 ], [ -97.149231, 48.171578 ], [ -97.147528, 48.17441 ], [ -97.136427, 48.177866 ], [ -97.13871, 48.182079 ], [ -97.147639, 48.181739 ], [ -97.149954, 48.182925 ], [ -97.150339, 48.184506 ], [ -97.150124, 48.185518 ], [ -97.149155, 48.186838 ], [ -97.141771, 48.193699 ], [ -97.149755, 48.185824 ], [ -97.148458, 48.182433 ], [ -97.140601, 48.182942 ], [ -97.138386, 48.182304 ], [ -97.13668, 48.180866 ], [ -97.135994, 48.178897 ], [ -97.137131, 48.175357 ], [ -97.147511, 48.172407 ], [ -97.144242, 48.162491 ], [ -97.121167, 48.161102 ], [ -97.146505, 48.14222 ], [ -97.122876, 48.13975 ], [ -97.133468, 48.137101 ], [ -97.123202, 48.10665 ], [ -97.101876, 48.095896 ], [ -97.104483, 48.072428 ], [ -97.072257, 48.048068 ], [ -97.055341, 47.947515 ], [ -97.017854, 47.919911 ], [ -97.023142, 47.874063 ], [ -97.001828, 47.868134 ], [ -96.998337, 47.841932 ], [ -96.974128, 47.823474 ], [ -96.991578, 47.808187 ], [ -96.934883, 47.767209 ], [ -96.918413, 47.724041 ], [ -96.930973, 47.715547 ], [ -96.885116, 47.673808 ], [ -96.879726, 47.619336 ], [ -96.851021, 47.598544 ], [ -96.851568, 47.568655 ], [ -96.868934, 47.567002 ], [ -96.847499, 47.566226 ], [ -96.861749, 47.559279 ], [ -96.845323, 47.538752 ], [ -96.871172, 47.527268 ], [ -96.84228, 47.508636 ], [ -96.86504, 47.491651 ], [ -96.852158, 47.486351 ], [ -96.868519, 47.478473 ], [ -96.851946, 47.479055 ], [ -96.863619, 47.45701 ], [ -96.852816, 47.43203 ], [ -96.871763, 47.419006 ], [ -96.842073, 47.411738 ], [ -96.852714, 47.406094 ], [ -96.837465, 47.389527 ], [ -96.854622, 47.37378 ], [ -96.837141, 47.371291 ], [ -96.858206, 47.36753 ], [ -96.830643, 47.338786 ], [ -96.845786, 47.328037 ], [ -96.828764, 47.327995 ], [ -96.846976, 47.315834 ], [ -96.83066, 47.306066 ], [ -96.847678, 47.271247 ], [ -96.834705, 47.266155 ], [ -96.847448, 47.261933 ], [ -96.828672, 47.233286 ], [ -96.845788, 47.22011 ], [ -96.827167, 47.201316 ], [ -96.833972, 47.203548 ], [ -96.844847, 47.19358 ], [ -96.821555, 47.184314 ], [ -96.833484, 47.176644 ], [ -96.822359, 47.156341 ], [ -96.841247, 47.151856 ], [ -96.820723, 47.130369 ], [ -96.837564, 47.12198 ], [ -96.816191, 47.108481 ], [ -96.830386, 47.060823 ], [ -96.812659, 47.038634 ], [ -96.839548, 47.006728 ], [ -96.820976, 47.003326 ], [ -96.822664, 46.97002 ], [ -96.795045, 46.965838 ], [ -96.80414, 46.946911 ], [ -96.791503, 46.927689 ], [ -96.762192, 46.934897 ], [ -96.752654, 46.923543 ], [ -96.776034, 46.897977 ], [ -96.769202, 46.878159 ], [ -96.781331, 46.879687 ], [ -96.774648, 46.839647 ], [ -96.793959, 46.833064 ], [ -96.780136, 46.825429 ], [ -96.80275, 46.81169 ], [ -96.787136, 46.785651 ], [ -96.796756, 46.776999 ], [ -96.775453, 46.766751 ], [ -96.789519, 46.766024 ], [ -96.77785, 46.761588 ], [ -96.789789, 46.756701 ], [ -96.779136, 46.726642 ], [ -96.791197, 46.718874 ], [ -96.784066, 46.68527 ], [ -96.802165, 46.667897 ], [ -96.785815, 46.640523 ], [ -96.798175, 46.629466 ], [ -96.782179, 46.631412 ], [ -96.791306, 46.624971 ], [ -96.770843, 46.61527 ], [ -96.771579, 46.596213 ], [ -96.747266, 46.582022 ], [ -96.7575, 46.57783 ], [ -96.74175, 46.563997 ], [ -96.754397, 46.556818 ], [ -96.738715, 46.543228 ], [ -96.750116, 46.540759 ], [ -96.73826, 46.539294 ], [ -96.738875, 46.478706 ], [ -96.711611, 46.459783 ], [ -96.721853, 46.439829 ], [ -96.703269, 46.437295 ], [ -96.704581, 46.417995 ], [ -96.685355, 46.414212 ], [ -96.645194, 46.350669 ], [ -96.599379, 46.329984 ], [ -96.600402, 46.26175 ], [ -96.583715, 46.249807 ], [ -96.598729, 46.242317 ], [ -96.583761, 46.208059 ], [ -96.592682, 46.175211 ], [ -96.576636, 46.173944 ], [ -96.554411, 46.084079 ], [ -96.566349, 46.051119 ], [ -96.55532, 46.05095 ], [ -96.55544, 46.02203 ], [ -96.576564, 46.021848 ], [ -96.561334, 45.945655 ], [ -96.583085, 45.820024 ], [ -96.662595, 45.738682 ], [ -96.826687, 45.653662 ], [ -96.773427, 45.690702 ], [ -96.83365, 45.688617 ], [ -96.833197, 45.65957 ], [ -96.853291, 45.688534 ], [ -96.895908, 45.674273 ], [ -96.895978, 45.616049 ], [ -96.915718, 45.616082 ], [ -96.919779, 45.574705 ], [ -96.896291, 45.572446 ], [ -96.902768, 45.51439 ], [ -96.861618, 45.514249 ], [ -96.861628, 45.499811 ], [ -96.751717, 45.499677 ], [ -96.690043, 45.415491 ], [ -96.521787, 45.375645 ], [ -96.489065, 45.357071 ], [ -96.453097, 45.300751 ], [ -96.451943, 44.948267 ], [ -96.475572, 44.948093 ], [ -96.496322, 44.919387 ], [ -96.475973, 44.918932 ], [ -96.477355, 44.890066 ], [ -96.451871, 44.904517 ], [ -96.451466, 44.674254 ], [ -96.475443, 44.674269 ], [ -96.451484, 44.666793 ], [ -96.45182, 44.543652 ], [ -96.523519, 44.543744 ], [ -96.524803, 44.514846 ], [ -96.544877, 44.528273 ], [ -96.534947, 44.493445 ], [ -96.549934, 44.484167 ], [ -96.545134, 44.456097 ], [ -96.525292, 44.456075 ], [ -96.524876, 44.485123 ], [ -96.504747, 44.48484 ], [ -96.505216, 44.441435 ], [ -96.451944, 44.441393 ], [ -96.452167, 44.383594 ], [ -96.404421, 44.386068 ], [ -96.404467, 44.371547 ], [ -96.424663, 44.371569 ], [ -96.424146, 44.342135 ], [ -96.403979, 44.341914 ], [ -96.403982, 44.327391 ], [ -96.424164, 44.327606 ], [ -96.424455, 44.298616 ], [ -96.404255, 44.298398 ], [ -96.396871, 44.250552 ], [ -96.423422, 44.240479 ], [ -96.427904, 44.183517 ], [ -96.368639, 44.18335 ], [ -96.36794, 44.125139 ], [ -96.428187, 44.125472 ], [ -96.42787, 44.140122 ], [ -96.448333, 44.140048 ], [ -96.453218, 43.963564 ], [ -96.506057, 43.963412 ], [ -96.50639, 43.934425 ], [ -96.486438, 43.93445 ], [ -96.496453, 43.90557 ], [ -96.484793, 43.905468 ], [ -96.496847, 43.891608 ], [ -96.53685, 43.891084 ], [ -96.547226, 43.84766 ], [ -96.452988, 43.849507 ], [ -96.45334, 43.71862 ], [ -96.39212, 43.74741 ], [ -96.39225, 43.7183 ], [ -96.41223, 43.70983 ], [ -96.39227, 43.70374 ], [ -96.3923, 43.68921 ], [ -96.43219, 43.68941 ], [ -96.43232, 43.67485 ], [ -96.4124, 43.67468 ], [ -96.41226, 43.64559 ], [ -96.45345, 43.64593 ], [ -96.45347, 43.60911 ], [ -96.43235, 43.60899 ], [ -96.426117, 43.591637 ], [ -96.389, 43.60173 ], [ -96.45339, 43.57318 ], [ -96.45326, 43.50039 ], [ -96.599191, 43.500456 ], [ -96.581084, 43.481462 ], [ -96.603056, 43.450793 ], [ -96.521734, 43.386862 ], [ -96.530145, 43.3 ], [ -96.589274, 43.295265 ], [ -96.585341, 43.268869 ], [ -96.549195, 43.247626 ], [ -96.568697, 43.231916 ], [ -96.476654, 43.221941 ], [ -96.465296, 43.147614 ], [ -96.443236, 43.133756 ], [ -96.451096, 43.156107 ], [ -96.412383, 43.156743 ], [ -96.432315, 43.134767 ], [ -96.405125, 43.135178 ], [ -96.403196, 43.128502 ], [ -96.421344, 43.127572 ], [ -96.460742, 43.064337 ], [ -96.489341, 43.05143 ], [ -96.509658, 43.083694 ], [ -96.568832, 43.069181 ], [ -96.568847, 43.025406 ], [ -96.588554, 43.025796 ], [ -96.588477, 42.996832 ], [ -96.608284, 42.996577 ], [ -96.608032, 42.981489 ], [ -96.568504, 42.981493 ], [ -96.567397, 42.923462 ], [ -96.597012, 42.920828 ], [ -96.599274, 42.894866 ], [ -96.626693, 42.923532 ], [ -96.646278, 42.923586 ], [ -96.65659, 42.894718 ], [ -96.686927, 42.909251 ], [ -96.69349, 42.891954 ], [ -96.785995, 42.89068 ], [ -96.766407, 42.859136 ], [ -96.726936, 42.863498 ], [ -96.73453, 42.838449 ], [ -96.687675, 42.822397 ], [ -96.686033, 42.794371 ], [ -96.651787, 42.787993 ], [ -96.645828, 42.82217 ], [ -96.62593, 42.82224 ], [ -96.625747, 42.808783 ], [ -96.584305, 42.82029 ], [ -96.603934, 42.783382 ], [ -96.63647, 42.769535 ], [ -96.619269, 42.754752 ], [ -96.639484, 42.736963 ], [ -96.624414, 42.725212 ], [ -96.630353, 42.705684 ], [ -96.57518, 42.682757 ], [ -96.559388, 42.657829 ], [ -96.541219, 42.659916 ], [ -96.515158, 42.62837 ], [ -96.529937, 42.610471 ], [ -96.510015, 42.613211 ], [ -96.485797, 42.57502 ], [ -96.498544, 42.558116 ], [ -96.47696, 42.555972 ], [ -96.49357, 42.515626 ], [ -96.476048, 42.507783 ], [ -96.476262, 42.489969 ], [ -96.445483, 42.49063 ], [ -96.501319, 42.482749 ], [ -96.548789, 42.520547 ], [ -96.595992, 42.504618 ], [ -96.625961, 42.513578 ], [ -96.63803, 42.551959 ], [ -96.709824, 42.6051 ], [ -96.68779, 42.645993 ], [ -96.697639, 42.659141 ], [ -96.793235, 42.666021 ], [ -96.806213, 42.704154 ], [ -96.906797, 42.7338 ], [ -96.961576, 42.719841 ], [ -96.980097, 42.760345 ], [ -97.130257, 42.771541 ], [ -97.150763, 42.795566 ], [ -97.210126, 42.809296 ], [ -97.218825, 42.845848 ], [ -97.306677, 42.867604 ], [ -97.359569, 42.854816 ], [ -97.410847, 42.867984 ], [ -97.444905, 42.845932 ], [ -97.611811, 42.858367 ], [ -97.686477, 42.842212 ], [ -97.845393, 42.86772 ], [ -97.875531, 42.858656 ], [ -97.888647, 42.817177 ], [ -97.936746, 42.775683 ], [ -98.035071, 42.764114 ], [ -98.147109, 42.839631 ], [ -98.189811, 42.841643 ], [ -98.42074, 42.931924 ], [ -98.444145, 42.929242 ], [ -98.514793, 43.029406 ], [ -98.557691, 43.058994 ], [ -98.560091, 43.042418 ], [ -98.645721, 43.035772 ], [ -98.645473, 42.99849 ], [ -99.060518, 42.998268 ], [ -99.078599, 43.011819 ], [ -99.080456, 42.998223 ], [ -100.354793, 42.998975 ], [ -100.354053, 43.024087 ], [ -100.373646, 43.024193 ], [ -100.373845, 43.045765 ], [ -100.413339, 43.045797 ], [ -100.413405, 43.103808 ], [ -100.297376, 43.103696 ], [ -100.297354, 43.128889 ], [ -100.273136, 43.129134 ], [ -100.273195, 43.157548 ], [ -100.288088, 43.161804 ], [ -100.255245, 43.155784 ], [ -100.243929, 43.173727 ], [ -100.289627, 43.176734 ], [ -100.332489, 43.216088 ], [ -100.411844, 43.211422 ], [ -100.421093, 43.259726 ], [ -100.453081, 43.259676 ], [ -100.452743, 43.230674 ], [ -100.520695, 43.230667 ], [ -100.520455, 43.158616 ], [ -100.610118, 43.158176 ], [ -100.619724, 43.201737 ], [ -100.749012, 43.18682 ], [ -100.749132, 43.201244 ], [ -100.854542, 43.228597 ], [ -100.850628, 43.195824 ], [ -100.907623, 43.171819 ], [ -100.905012, 43.103778 ], [ -100.964386, 43.09918 ], [ -100.964207, 43.046239 ], [ -101.006174, 43.05408 ], [ -101.008832, 43.005967 ], [ -101.033441, 42.99792 ], [ -102.809335, 42.99998 ], [ -102.840818, 43.033189 ], [ -102.82605, 43.075417 ], [ -102.78774, 43.101697 ], [ -102.79811, 43.109288 ], [ -102.784802, 43.106684 ], [ -102.79118, 43.12897 ], [ -102.949707, 43.129993 ], [ -102.976071, 43.158053 ], [ -103.050798, 43.1585 ], [ -103.051087, 43.070851 ], [ -103.020732, 43.000707 ], [ -103.653706, 43.001421 ], [ -103.641756, 42.987757 ], [ -103.671307, 42.987501 ], [ -103.681774, 42.943434 ], [ -103.753081, 42.963583 ], [ -103.757766, 42.982499 ], [ -103.805124, 42.98842 ], [ -103.811434, 43.001355 ], [ -104.053028, 43.000585 ], [ -104.052789, 41.638095 ], [ -103.986415, 41.63976 ], [ -103.997738, 41.54661 ], [ -103.987833, 41.535216 ], [ -104.00558, 41.506827 ], [ -104.004436, 41.465778 ], [ -103.985137, 41.46582 ], [ -103.983968, 41.393604 ], [ -104.052287, 41.393214 ], [ -104.053026, 41.090598 ], [ -104.045608, 41.104991 ], [ -103.950607, 41.105093 ], [ -103.950013, 41.047198 ], [ -103.97314, 41.047258 ], [ -103.97224, 41.001664 ], [ -104.011008, 41.001683 ], [ -104.010216, 40.97382 ], [ -104.067271, 40.973256 ], [ -104.067016, 41.001785 ], [ -104.295812, 41.001719 ], [ -104.296491, 40.973488 ], [ -104.304248, 40.973418 ], [ -104.314663, 41.001643 ], [ -105.899713, 40.997091 ], [ -105.92096, 40.965411 ], [ -105.899861, 40.944657 ], [ -105.917459, 40.909438 ], [ -105.873337, 40.876002 ], [ -105.854991, 40.826408 ], [ -105.802089, 40.814616 ], [ -105.837144, 40.788139 ], [ -105.882484, 40.792746 ], [ -105.884143, 40.758766 ], [ -105.853224, 40.680548 ], [ -105.869821, 40.645627 ], [ -105.852161, 40.585098 ], [ -105.904507, 40.514119 ], [ -105.910892, 40.56642 ], [ -105.947021, 40.616689 ], [ -105.99058, 40.72718 ], [ -106.057715, 40.81712 ], [ -106.130671, 40.873868 ], [ -106.131251, 40.896608 ], [ -106.185307, 40.933973 ], [ -106.190554, 40.997578 ] ] ], [ [ [ -114.766066, 46.534803 ], [ -114.735551, 46.531718 ], [ -114.687385, 46.581905 ], [ -114.609914, 46.593755 ], [ -114.672977, 46.551055 ], [ -114.685825, 46.506183 ], [ -114.762071, 46.511549 ], [ -114.766066, 46.534803 ] ] ] ] } },
{ "type": "Feature", "properties": { "territory": "Upper Midwest", "fillColor": "#B7DDF2", "fillOpacity": 0.85, "strokeColor": "#666666", "strokeWidth": 1.0 }, "geometry": { "type": "MultiPolygon", "coordinates": [ [ [ [ -91.062562, 43.243165 ], [ -91.107237, 43.313645 ], [ -91.21477, 43.365874 ], [ -91.19767, 43.395334 ], [ -91.233367, 43.455168 ], [ -91.217353, 43.512474 ], [ -91.243183, 43.540309 ], [ -91.231865, 43.581822 ], [ -91.268748, 43.615348 ], [ -91.273252, 43.666623 ], [ -91.244135, 43.774667 ], [ -91.284138, 43.847065 ], [ -91.432347, 43.99669 ], [ -91.59207, 44.031372 ], [ -91.707491, 44.103906 ], [ -91.721552, 44.130342 ], [ -91.875158, 44.200575 ], [ -91.896388, 44.27469 ], [ -91.924613, 44.291815 ], [ -91.918625, 44.322671 ], [ -91.966809, 44.363986 ], [ -92.056486, 44.402729 ], [ -92.230856, 44.444496 ], [ -92.291005, 44.485464 ], [ -92.336114, 44.554004 ], [ -92.548889, 44.568252 ], [ -92.568946, 44.603372 ], [ -92.621642, 44.614929 ], [ -92.632021, 44.649187 ], [ -92.808242, 44.751083 ], [ -92.765932, 44.835631 ], [ -92.774571, 44.898084 ], [ -92.750645, 44.937299 ], [ -92.769445, 44.97215 ], [ -92.76206, 45.02432 ], [ -92.803124, 45.061566 ], [ -92.739583, 45.115598 ], [ -92.766808, 45.185466 ], [ -92.751708, 45.218666 ], [ -92.762004, 45.288213 ], [ -92.704794, 45.326526 ], [ -92.702723, 45.358468 ], [ -92.650284, 45.398769 ], [ -92.646505, 45.440338 ], [ -92.726677, 45.514462 ], [ -92.724762, 45.538617 ], [ -92.745591, 45.553016 ], [ -92.773412, 45.568235 ], [ -92.823309, 45.560934 ], [ -92.883749, 45.575483 ], [ -92.889433, 45.641202 ], [ -92.869193, 45.717568 ], [ -92.784617, 45.764199 ], [ -92.757815, 45.806574 ], [ -92.765146, 45.830183 ], [ -92.707702, 45.894901 ], [ -92.638824, 45.934166 ], [ -92.551933, 45.951651 ], [ -92.525186, 45.983862 ], [ -92.469765, 45.973569 ], [ -92.428555, 46.024241 ], [ -92.35176, 46.015685 ], [ -92.332912, 46.062697 ], [ -92.294033, 46.074377 ], [ -92.291289, 46.668137 ], [ -92.270592, 46.650741 ], [ -92.207092, 46.651941 ], [ -92.175875, 46.686466 ], [ -92.204691, 46.704041 ], [ -92.189091, 46.717541 ], [ -92.14673, 46.715794 ], [ -92.14329, 46.73464 ], [ -92.11659, 46.74864 ], [ -92.089493, 46.749237 ], [ -92.020294, 46.704041 ], [ -91.500181, 46.91332 ], [ -90.65466, 47.309822 ], [ -89.957102, 47.291103 ], [ -89.483385, 48.013716 ], [ -89.33755, 47.974261 ], [ -88.677442, 48.245397 ], [ -88.369862, 48.306063 ], [ -86.250139, 47.477903 ], [ -84.859335, 46.888843 ], [ -84.762957, 46.634324 ], [ -84.556962, 46.460639 ], [ -84.475594, 46.452864 ], [ -84.420274, 46.501077 ], [ -84.341959, 46.507505 ], [ -84.275814, 46.492821 ], [ -84.226131, 46.53392 ], [ -84.128925, 46.530119 ], [ -84.111225, 46.504119 ], [ -84.146172, 46.41852 ], [ -84.138906, 46.372221 ], [ -84.106247, 46.321963 ], [ -84.119629, 46.315013 ], [ -84.115563, 46.268225 ], [ -84.097766, 46.256512 ], [ -84.108089, 46.241238 ], [ -84.077027, 46.187558 ], [ -84.005685, 46.149551 ], [ -84.005873, 46.118469 ], [ -83.976134, 46.102554 ], [ -83.955424, 46.057188 ], [ -83.903474, 46.06091 ], [ -83.826243, 46.119288 ], [ -83.759529, 46.103173 ], [ -83.654647, 46.122055 ], [ -83.571467, 46.105998 ], [ -83.433558, 45.998895 ], [ -83.518515, 45.906694 ], [ -83.665419, 45.936294 ], [ -83.83542, 45.931761 ], [ -83.941189, 45.958977 ], [ -84.030281, 45.945348 ], [ -84.100646, 45.958579 ], [ -84.114287, 45.978239 ], [ -84.330166, 45.956236 ], [ -84.342496, 45.948137 ], [ -84.335836, 45.914108 ], [ -84.60905, 45.917964 ], [ -84.638893, 45.898498 ], [ -84.582653, 45.856626 ], [ -84.56926, 45.823311 ], [ -84.594315, 45.810291 ], [ -84.672285, 45.858612 ], [ -84.65949, 45.896537 ], [ -84.734148, 45.897258 ], [ -84.696315, 45.856712 ], [ -84.72633, 45.827536 ], [ -84.774812, 45.833993 ], [ -84.812202, 45.858007 ], [ -84.876194, 45.853113 ], [ -84.887889, 45.865397 ], [ -84.868478, 45.89461 ], [ -84.920203, 45.920898 ], [ -84.999748, 46.001229 ], [ -85.261776, 46.033755 ], [ -85.342289, 46.083114 ], [ -85.368041, 46.067127 ], [ -85.496238, 46.067865 ], [ -85.610311, 45.95546 ], [ -85.655568, 45.936233 ], [ -85.866173, 45.93464 ], [ -85.865501, 45.962286 ], [ -85.883974, 45.962837 ], [ -85.915394, 45.946471 ], [ -85.910937, 45.914375 ], [ -86.078374, 45.961073 ], [ -86.150976, 45.948412 ], [ -86.206809, 45.958973 ], [ -86.270342, 45.940225 ], [ -86.317483, 45.906316 ], [ -86.340412, 45.793034 ], [ -86.366841, 45.781203 ], [ -86.413629, 45.78888 ], [ -86.4358, 45.754084 ], [ -86.477951, 45.737305 ], [ -86.505555, 45.74382 ], [ -86.530551, 45.698512 ], [ -86.568401, 45.703044 ], [ -86.568896, 45.692079 ], [ -86.584452, 45.706623 ], [ -86.587504, 45.66638 ], [ -86.625094, 45.66413 ], [ -86.605104, 45.608102 ], [ -86.613962, 45.600077 ], [ -86.708246, 45.648109 ], [ -86.718424, 45.6782 ], [ -86.6689, 45.698293 ], [ -86.671694, 45.720682 ], [ -86.633242, 45.747656 ], [ -86.630894, 45.782292 ], [ -86.587097, 45.77835 ], [ -86.55772, 45.808001 ], [ -86.555568, 45.831627 ], [ -86.52754, 45.851635 ], [ -86.539325, 45.889741 ], [ -86.583589, 45.898381 ], [ -86.625697, 45.869099 ], [ -86.646771, 45.832641 ], [ -86.718477, 45.839022 ], [ -86.743511, 45.865374 ], [ -86.76985, 45.864617 ], [ -86.770607, 45.82473 ], [ -86.757279, 45.824716 ], [ -86.7514, 45.797744 ], [ -86.807259, 45.766441 ], [ -86.824352, 45.718836 ], [ -86.893942, 45.700644 ], [ -86.954301, 45.660768 ], [ -86.977341, 45.658634 ], [ -86.995336, 45.692401 ], [ -87.000138, 45.810804 ], [ -87.030469, 45.829752 ], [ -87.047347, 45.775253 ], [ -87.035817, 45.738688 ], [ -87.053757, 45.69825 ], [ -87.160196, 45.654831 ], [ -87.162822, 45.627048 ], [ -87.186925, 45.633276 ], [ -87.227354, 45.56769 ], [ -87.258465, 45.550075 ], [ -87.319178, 45.447136 ], [ -87.322247, 45.414011 ], [ -87.382377, 45.363859 ], [ -87.427823, 45.290563 ], [ -87.595125, 45.148784 ], [ -87.60445, 45.121018 ], [ -87.585486, 45.096891 ], [ -87.442508, 45.076434 ], [ -87.405694, 45.201969 ], [ -87.315422, 45.240657 ], [ -87.17117, 45.35254 ], [ -87.101133, 45.44423 ], [ -86.754236, 45.44361 ], [ -86.249548, 45.236125 ], [ -86.49993, 45.0808 ], [ -86.686288, 44.881002 ], [ -87.013234, 44.131905 ], [ -87.114102, 43.734111 ], [ -87.147166, 43.379859 ], [ -87.019863, 42.493763 ], [ -87.207774, 41.760956 ], [ -84.805885, 41.760171 ], [ -84.803645, 40.312139 ], [ -84.820155, 39.105419 ], [ -84.897371, 39.0574 ], [ -84.830049, 38.97256 ], [ -84.877247, 38.909413 ], [ -84.784535, 38.875082 ], [ -84.829856, 38.830766 ], [ -84.814672, 38.784505 ], [ -84.887421, 38.794831 ], [ -84.941119, 38.775688 ], [ -84.991924, 38.778284 ], [ -85.164119, 38.689982 ], [ -85.209842, 38.693905 ], [ -85.277659, 38.741538 ], [ -85.435947, 38.72871 ], [ -85.456723, 38.686357 ], [ -85.438629, 38.65889 ], [ -85.419532, 38.53533 ], [ -85.469689, 38.508012 ], [ -85.505707, 38.464717 ], [ -85.606954, 38.438574 ], [ -85.652264, 38.328792 ], [ -85.679962, 38.297585 ], [ -85.743475, 38.267294 ], [ -85.781188, 38.288307 ], [ -85.829065, 38.276554 ], [ -85.843599, 38.232179 ], [ -85.90618, 38.167906 ], [ -85.905052, 38.089957 ], [ -85.925654, 38.021784 ], [ -85.946509, 38.005228 ], [ -86.030358, 37.992057 ], [ -86.04078, 37.958309 ], [ -86.094602, 38.008809 ], [ -86.178178, 38.010561 ], [ -86.267805, 38.057148 ], [ -86.272847, 38.140835 ], [ -86.359772, 38.19884 ], [ -86.376728, 38.169743 ], [ -86.325874, 38.154029 ], [ -86.32512, 38.136339 ], [ -86.380768, 38.129018 ], [ -86.401879, 38.104329 ], [ -86.432344, 38.126336 ], [ -86.461241, 38.120926 ], [ -86.464682, 38.102508 ], [ -86.43233, 38.084802 ], [ -86.433923, 38.065705 ], [ -86.525138, 38.028734 ], [ -86.524937, 37.966495 ], [ -86.507341, 37.929505 ], [ -86.588687, 37.92109 ], [ -86.598194, 37.867163 ], [ -86.638279, 37.84269 ], [ -86.662241, 37.85285 ], [ -86.647853, 37.909387 ], [ -86.680788, 37.915035 ], [ -86.732545, 37.894768 ], [ -86.794965, 37.989213 ], [ -86.819689, 37.999422 ], [ -86.918922, 37.936837 ], [ -87.034166, 37.906265 ], [ -87.065414, 37.807614 ], [ -87.11073, 37.782418 ], [ -87.130068, 37.786779 ], [ -87.161704, 37.839764 ], [ -87.22026, 37.848971 ], [ -87.411991, 37.944503 ], [ -87.449131, 37.941854 ], [ -87.510567, 37.906081 ], [ -87.556045, 37.928168 ], [ -87.577809, 37.970198 ], [ -87.597764, 37.973897 ], [ -87.627317, 37.920402 ], [ -87.583925, 37.872485 ], [ -87.612446, 37.833608 ], [ -87.644161, 37.826189 ], [ -87.679411, 37.836525 ], [ -87.664033, 37.887477 ], [ -87.675011, 37.901643 ], [ -87.829773, 37.876425 ], [ -87.875025, 37.922864 ], [ -87.903864, 37.925537 ], [ -87.940977, 37.879473 ], [ -87.909967, 37.843028 ], [ -87.907375, 37.807129 ], [ -87.95184, 37.771695 ], [ -88.02985, 37.798252 ], [ -88.059333, 37.742967 ], [ -88.121522, 37.710243 ], [ -88.159157, 37.662611 ], [ -88.14059, 37.58483 ], [ -88.069011, 37.525399 ], [ -88.067844, 37.485867 ], [ -88.085457, 37.471564 ], [ -88.281631, 37.452729 ], [ -88.364465, 37.401736 ], [ -88.412114, 37.425061 ], [ -88.475283, 37.389857 ], [ -88.515903, 37.284091 ], [ -88.51141, 37.261477 ], [ -88.448038, 37.203642 ], [ -88.424657, 37.152291 ], [ -88.461958, 37.073557 ], [ -88.56651, 37.075374 ], [ -88.615525, 37.115366 ], [ -88.733019, 37.144142 ], [ -88.80363, 37.188159 ], [ -88.970008, 37.230004 ], [ -89.029465, 37.211303 ], [ -89.076128, 37.175009 ], [ -89.173825, 37.066308 ], [ -89.17935, 37.021807 ], [ -89.136093, 36.980381 ], [ -89.185491, 36.973518 ], [ -89.200793, 37.016164 ], [ -89.25493, 37.072014 ], [ -89.30829, 37.068371 ], [ -89.304752, 37.047565 ], [ -89.260003, 37.023288 ], [ -89.278628, 36.98867 ], [ -89.37961, 37.040669 ], [ -89.37871, 37.094586 ], [ -89.461862, 37.199517 ], [ -89.458827, 37.248661 ], [ -89.489915, 37.251315 ], [ -89.51834, 37.285497 ], [ -89.489005, 37.333368 ], [ -89.432836, 37.347056 ], [ -89.420542, 37.388007 ], [ -89.439769, 37.4372 ], [ -89.517051, 37.537278 ], [ -89.519808, 37.582747 ], [ -89.475932, 37.592998 ], [ -89.517718, 37.641217 ], [ -89.514255, 37.689923 ], [ -89.583316, 37.713261 ], [ -89.617278, 37.74972 ], [ -89.663352, 37.750052 ], [ -89.669644, 37.799922 ], [ -89.739875, 37.846921 ], [ -89.786326, 37.851689 ], [ -89.799329, 37.881516 ], [ -89.877758, 37.924051 ], [ -89.907235, 37.958321 ], [ -89.940687, 37.970874 ], [ -90.00011, 37.964563 ], [ -90.057269, 38.014362 ], [ -90.11424, 38.029061 ], [ -90.130788, 38.062341 ], [ -90.217019, 38.093466 ], [ -90.360142, 38.225659 ], [ -90.370819, 38.333554 ], [ -90.341521, 38.388343 ], [ -90.291084, 38.43089 ], [ -90.257782, 38.532012 ], [ -90.184502, 38.61158 ], [ -90.181102, 38.659579 ], [ -90.21141, 38.72135 ], [ -90.119424, 38.801811 ], [ -90.113327, 38.849306 ], [ -90.250248, 38.919344 ], [ -90.439938, 38.967383 ], [ -90.471729, 38.959186 ], [ -90.499672, 38.910605 ], [ -90.548917, 38.872937 ], [ -90.582259, 38.868794 ], [ -90.624737, 38.888188 ], [ -90.663018, 38.926283 ], [ -90.678193, 38.991851 ], [ -90.712726, 39.049736 ], [ -90.681086, 39.10059 ], [ -90.707902, 39.15086 ], [ -90.72996, 39.255894 ], [ -90.940766, 39.403984 ], [ -91.03827, 39.448435 ], [ -91.100307, 39.538695 ], [ -91.153628, 39.548248 ], [ -91.181936, 39.602677 ], [ -91.229317, 39.620853 ], [ -91.367753, 39.729029 ], [ -91.363444, 39.792804 ], [ -91.436529, 39.847078 ], [ -91.446922, 39.883034 ], [ -91.41936, 39.927717 ], [ -91.494878, 40.036453 ], [ -91.512974, 40.181062 ], [ -91.505828, 40.238839 ], [ -91.46397, 40.339597 ], [ -91.372921, 40.399108 ], [ -91.381769, 40.442555 ], [ -91.364211, 40.500043 ], [ -91.405241, 40.554641 ], [ -91.339719, 40.613488 ], [ -91.253074, 40.637962 ], [ -91.18698, 40.637297 ], [ -91.123928, 40.669152 ], [ -91.092993, 40.821079 ], [ -91.009536, 40.900565 ], [ -90.965344, 40.921633 ], [ -90.952233, 40.954047 ], [ -90.946625, 41.096628 ], [ -90.994963, 41.16063 ], [ -91.041557, 41.166162 ], [ -91.113657, 41.241401 ], [ -91.074841, 41.305578 ], [ -91.047034, 41.412334 ], [ -90.982913, 41.434171 ], [ -90.930016, 41.421404 ], [ -90.853604, 41.453909 ], [ -90.746569, 41.455244 ], [ -90.697899, 41.4743 ], [ -90.691196, 41.461809 ], [ -90.655839, 41.462132 ], [ -90.591037, 41.512832 ], [ -90.461432, 41.523533 ], [ -90.412825, 41.565329 ], [ -90.343228, 41.587833 ], [ -90.343452, 41.646959 ], [ -90.313435, 41.698082 ], [ -90.310878, 41.742325 ], [ -90.181973, 41.80707 ], [ -90.153584, 41.906614 ], [ -90.164135, 41.956178 ], [ -90.140613, 41.995999 ], [ -90.164485, 42.042105 ], [ -90.168853, 42.123733 ], [ -90.197342, 42.128163 ], [ -90.234919, 42.165431 ], [ -90.391108, 42.225473 ], [ -90.430884, 42.27823 ], [ -90.415937, 42.322699 ], [ -90.443874, 42.355218 ], [ -90.555018, 42.416138 ], [ -90.567968, 42.440389 ], [ -90.651896, 42.476048 ], [ -90.635983, 42.518712 ], [ -90.706303, 42.634169 ], [ -90.94921, 42.685569 ], [ -91.065059, 42.751338 ], [ -91.100565, 42.883078 ], [ -91.145615, 42.908006 ], [ -91.145935, 42.96077 ], [ -91.179457, 43.067427 ], [ -91.177003, 43.131846 ], [ -91.062562, 43.243165 ] ] ], [ [ [ -82.972875, 38.878755 ], [ -82.965666, 38.870734 ], [ -82.976901, 38.871686 ], [ -82.972875, 38.878755 ] ] ] ] } },
{ "type": "Feature", "properties": { "territory": "Western Gulf", "fillColor": "#F4A261", "fillOpacity": 0.85, "strokeColor": "#666666", "strokeWidth": 1.0 }, "geometry": { "type": "Polygon", "coordinates": [ [ [ -101.777045, 29.789251 ], [ -101.808059, 29.781594 ], [ -101.803613, 29.803446 ], [ -101.818603, 29.811612 ], [ -101.823656, 29.787398 ], [ -101.85272, 29.807791 ], [ -101.929323, 29.782576 ], [ -101.935606, 29.799561 ], [ -101.957515, 29.795766 ], [ -101.976264, 29.81604 ], [ -101.987305, 29.796842 ], [ -102.035818, 29.804063 ], [ -102.051428, 29.784953 ], [ -102.115706, 29.792301 ], [ -102.17956, 29.82597 ], [ -102.186461, 29.848437 ], [ -102.223528, 29.84053 ], [ -102.246458, 29.864128 ], [ -102.261495, 29.853241 ], [ -102.264842, 29.867496 ], [ -102.31594, 29.879993 ], [ -102.364557, 29.845335 ], [ -102.387227, 29.761392 ], [ -102.487252, 29.786585 ], [ -102.517616, 29.78358 ], [ -102.513503, 29.765439 ], [ -102.547978, 29.744644 ], [ -102.567663, 29.771463 ], [ -102.573796, 29.754896 ], [ -102.63041, 29.734181 ], [ -102.673997, 29.744574 ], [ -102.691373, 29.721372 ], [ -102.693644, 29.676685 ], [ -102.741949, 29.633193 ], [ -102.740543, 29.597499 ], [ -102.768302, 29.595209 ], [ -102.771228, 29.548397 ], [ -102.80832, 29.52293 ], [ -102.800673, 29.486235 ], [ -102.825637, 29.457945 ], [ -102.833443, 29.410498 ], [ -102.812381, 29.400525 ], [ -102.845018, 29.374441 ], [ -102.839375, 29.358922 ], [ -102.884365, 29.347946 ], [ -102.906384, 29.260083 ], [ -102.871749, 29.241776 ], [ -102.867474, 29.223883 ], [ -102.895101, 29.208521 ], [ -102.912324, 29.219418 ], [ -102.917823, 29.190887 ], [ -102.943378, 29.19141 ], [ -102.950886, 29.17362 ], [ -102.995618, 29.179291 ], [ -103.033879, 29.100972 ], [ -103.075824, 29.091537 ], [ -103.0859, 29.053736 ], [ -103.100626, 29.060323 ], [ -103.116814, 28.984416 ], [ -103.163935, 28.972204 ], [ -103.227888, 28.991857 ], [ -103.250416, 28.98043 ], [ -103.267334, 28.996072 ], [ -103.286986, 28.978172 ], [ -103.286941, 29.001273 ], [ -103.316162, 29.010689 ], [ -103.307657, 29.024537 ], [ -103.338751, 29.020277 ], [ -103.330613, 29.043219 ], [ -103.344334, 29.04595 ], [ -103.359603, 29.018644 ], [ -103.386505, 29.021648 ], [ -103.388644, 29.033974 ], [ -103.432095, 29.043356 ], [ -103.44993, 29.072714 ], [ -103.47135, 29.066727 ], [ -103.469936, 29.085317 ], [ -103.553692, 29.157996 ], [ -103.650586, 29.15648 ], [ -103.659619, 29.170569 ], [ -103.718561, 29.180826 ], [ -103.758549, 29.232939 ], [ -103.777147, 29.220509 ], [ -103.783626, 29.265324 ], [ -103.799364, 29.258437 ], [ -103.813517, 29.274032 ], [ -103.975808, 29.296249 ], [ -104.037497, 29.319707 ], [ -104.106579, 29.373313 ], [ -104.167443, 29.394744 ], [ -104.217705, 29.456559 ], [ -104.210044, 29.482243 ], [ -104.230698, 29.478669 ], [ -104.237134, 29.497556 ], [ -104.315476, 29.532754 ], [ -104.338201, 29.520182 ], [ -104.475991, 29.627979 ], [ -104.508462, 29.632697 ], [ -104.544099, 29.680693 ], [ -104.53021, 29.690464 ], [ -104.560435, 29.735188 ], [ -104.549848, 29.740895 ], [ -104.569941, 29.752597 ], [ -104.565929, 29.771468 ], [ -104.683272, 29.929107 ], [ -104.67318, 29.954969 ], [ -104.685253, 29.956731 ], [ -104.680152, 29.977003 ], [ -104.693127, 29.97553 ], [ -104.689549, 30.015105 ], [ -104.707264, 30.049867 ], [ -104.684965, 30.085301 ], [ -104.696706, 30.134457 ], [ -104.686332, 30.173281 ], [ -104.706255, 30.234812 ], [ -104.763176, 30.274836 ], [ -104.76669, 30.306 ], [ -104.811578, 30.332811 ], [ -104.816423, 30.375187 ], [ -104.859296, 30.390253 ], [ -104.847831, 30.419775 ], [ -104.868047, 30.441407 ], [ -104.866632, 30.494499 ], [ -104.922677, 30.603693 ], [ -104.971664, 30.610014 ], [ -105.006579, 30.68606 ], [ -105.061762, 30.685845 ], [ -105.118295, 30.749726 ], [ -105.16139, 30.752133 ], [ -105.156191, 30.769773 ], [ -105.176601, 30.767975 ], [ -105.195191, 30.792304 ], [ -105.216744, 30.783385 ], [ -105.215017, 30.805893 ], [ -105.25716, 30.794354 ], [ -105.291795, 30.826193 ], [ -105.31675, 30.810822 ], [ -105.3392, 30.840393 ], [ -105.399837, 30.852077 ], [ -105.40028, 30.889513 ], [ -105.491667, 30.942443 ], [ -105.50204, 30.967803 ], [ -105.557854, 30.990415 ], [ -105.604385, 31.083693 ], [ -105.74231, 31.164815 ], [ -105.773005, 31.166793 ], [ -105.783145, 31.198023 ], [ -105.869406, 31.289041 ], [ -105.938129, 31.318215 ], [ -105.953925, 31.364883 ], [ -106.005235, 31.392618 ], [ -106.080562, 31.398652 ], [ -106.206645, 31.466253 ], [ -106.380005, 31.731133 ], [ -106.451075, 31.764343 ], [ -106.487175, 31.747733 ], [ -106.52794, 31.78389 ], [ -106.569311, 31.783874 ], [ -106.54192, 31.79961 ], [ -106.53418, 31.7916 ], [ -106.52703, 31.789022 ], [ -106.54714, 31.807299 ], [ -106.602806, 31.825018 ], [ -106.601695, 31.84437 ], [ -106.63592, 31.866233 ], [ -106.629191, 31.883699 ], [ -106.645646, 31.895646 ], [ -106.617995, 31.922095 ], [ -106.629742, 31.926567 ], [ -106.619346, 31.971014 ], [ -106.639536, 31.980343 ], [ -106.618486, 32.000495 ], [ -105.339807, 32.000509 ], [ -105.454302, 32.064611 ], [ -105.524377, 32.055867 ], [ -105.544388, 32.029389 ], [ -105.596362, 32.013561 ], [ -105.592018, 32.046779 ], [ -105.613706, 32.044753 ], [ -105.614322, 32.097475 ], [ -105.577413, 32.124156 ], [ -105.586522, 32.173549 ], [ -105.604292, 32.155225 ], [ -105.640341, 32.173978 ], [ -105.640828, 32.210738 ], [ -105.661294, 32.225316 ], [ -105.629283, 32.254458 ], [ -105.642631, 32.309863 ], [ -105.615375, 32.30845 ], [ -105.598867, 32.324872 ], [ -105.583186, 32.312939 ], [ -105.578661, 32.341336 ], [ -105.237604, 32.329427 ], [ -105.140409, 32.273936 ], [ -105.082228, 32.290533 ], [ -104.958862, 32.282787 ], [ -104.912959, 32.223182 ], [ -104.890671, 32.162894 ], [ -104.850881, 32.125994 ], [ -104.84774, 32.000415 ], [ -103.06451, 32.000424 ], [ -103.041949, 35.501526 ], [ -103.007761, 35.499673 ], [ -103.032873, 35.579842 ], [ -102.99625, 35.618911 ], [ -102.969896, 35.619309 ], [ -103.041706, 35.622488 ], [ -103.041713, 36.500439 ], [ -102.162463, 36.500326 ], [ -102.16217, 36.472455 ], [ -102.116912, 36.470389 ], [ -102.134645, 36.429528 ], [ -102.080833, 36.42975 ], [ -102.060892, 36.400746 ], [ -101.99093, 36.415387 ], [ -101.990916, 36.43679 ], [ -101.919169, 36.458447 ], [ -101.914831, 36.50008 ], [ -100.000406, 36.499702 ], [ -100.000277, 34.56045 ], [ -99.923211, 34.574552 ], [ -99.694528, 34.378218 ], [ -99.600026, 34.374688 ], [ -99.569696, 34.418418 ], [ -99.51428, 34.414035 ], [ -99.438269, 34.371164 ], [ -99.424897, 34.385823 ], [ -99.405286, 34.372858 ], [ -99.387181, 34.410842 ], [ -99.395187, 34.44203 ], [ -99.35897, 34.455807 ], [ -99.319602, 34.408879 ], [ -99.261275, 34.403508 ], [ -99.274415, 34.384349 ], [ -99.236494, 34.365805 ], [ -99.232632, 34.338872 ], [ -99.206905, 34.338277 ], [ -99.211448, 34.292247 ], [ -99.195403, 34.280849 ], [ -99.188311, 34.213899 ], [ -99.130443, 34.219478 ], [ -99.12664, 34.203064 ], [ -99.079392, 34.21155 ], [ -99.044463, 34.198106 ], [ -98.988172, 34.22131 ], [ -98.972609, 34.202591 ], [ -98.951284, 34.212189 ], [ -98.872922, 34.166584 ], [ -98.868116, 34.149635 ], [ -98.812954, 34.158444 ], [ -98.757037, 34.124633 ], [ -98.690072, 34.133155 ], [ -98.648073, 34.164441 ], [ -98.599789, 34.160571 ], [ -98.55088, 34.132583 ], [ -98.560977, 34.123922 ], [ -98.483551, 34.062282 ], [ -98.414426, 34.085074 ], [ -98.398441, 34.128456 ], [ -98.380093, 34.130831 ], [ -98.384381, 34.146317 ], [ -98.365621, 34.156993 ], [ -98.170827, 34.114171 ], [ -98.109462, 34.154111 ], [ -98.089755, 34.128211 ], [ -98.120208, 34.072127 ], [ -98.082463, 34.039428 ], [ -98.106179, 34.034887 ], [ -98.088203, 34.005481 ], [ -98.027672, 33.993357 ], [ -97.974173, 34.006716 ], [ -97.94573, 33.989839 ], [ -97.974173, 33.942832 ], [ -97.953395, 33.936445 ], [ -97.957155, 33.914454 ], [ -97.98454, 33.900703 ], [ -97.967752, 33.882214 ], [ -97.875311, 33.849721 ], [ -97.83432, 33.857634 ], [ -97.79891, 33.898537 ], [ -97.780839, 33.894447 ], [ -97.783522, 33.918302 ], [ -97.76377, 33.914241 ], [ -97.762768, 33.934396 ], [ -97.732261, 33.936519 ], [ -97.671277, 33.991553 ], [ -97.589597, 33.953554 ], [ -97.59695, 33.916311 ], [ -97.581078, 33.899679 ], [ -97.500271, 33.919635 ], [ -97.46142, 33.90523 ], [ -97.450807, 33.886608 ], [ -97.463242, 33.842004 ], [ -97.426799, 33.818641 ], [ -97.368731, 33.821443 ], [ -97.33188, 33.884483 ], [ -97.332063, 33.855056 ], [ -97.309172, 33.888698 ], [ -97.270933, 33.858001 ], [ -97.255639, 33.863702 ], [ -97.245049, 33.903216 ], [ -97.210921, 33.916064 ], [ -97.180845, 33.895204 ], [ -97.166629, 33.847311 ], [ -97.204995, 33.81887 ], [ -97.192565, 33.75968 ], [ -97.160687, 33.727596 ], [ -97.125135, 33.71709 ], [ -97.086451, 33.743343 ], [ -97.092646, 33.804198 ], [ -97.048146, 33.817456 ], [ -97.088498, 33.851849 ], [ -97.06704, 33.860514 ], [ -97.041832, 33.837756 ], [ -97.021438, 33.846379 ], [ -96.983835, 33.890949 ], [ -96.996251, 33.942664 ], [ -96.981337, 33.956378 ], [ -96.97287, 33.935698 ], [ -96.9163, 33.957798 ], [ -96.875281, 33.860505 ], [ -96.850593, 33.847211 ], [ -96.832157, 33.874835 ], [ -96.794276, 33.868886 ], [ -96.761587, 33.824407 ], [ -96.699574, 33.839049 ], [ -96.667187, 33.91694 ], [ -96.628294, 33.894477 ], [ -96.587934, 33.894784 ], [ -96.629274, 33.8455 ], [ -96.572937, 33.819098 ], [ -96.531966, 33.823989 ], [ -96.500984, 33.772801 ], [ -96.423532, 33.776432 ], [ -96.346859, 33.686216 ], [ -96.31223, 33.706304 ], [ -96.293708, 33.769409 ], [ -96.229023, 33.748021 ], [ -96.186627, 33.755021 ], [ -96.155538, 33.81404 ], [ -96.169592, 33.800944 ], [ -96.179122, 33.810224 ], [ -96.150765, 33.816987 ], [ -96.149227, 33.837091 ], [ -96.09936, 33.83047 ], [ -96.100095, 33.847971 ], [ -96.048834, 33.836468 ], [ -96.026968, 33.857474 ], [ -96.017055, 33.841454 ], [ -95.996833, 33.853898 ], [ -96.002925, 33.87359 ], [ -95.984856, 33.852492 ], [ -95.951382, 33.857332 ], [ -95.925089, 33.884936 ], [ -95.830406, 33.834785 ], [ -95.815571, 33.859853 ], [ -95.757959, 33.849566 ], [ -95.752153, 33.894577 ], [ -95.700635, 33.885845 ], [ -95.665478, 33.909004 ], [ -95.632774, 33.904815 ], [ -95.594085, 33.943057 ], [ -95.55421, 33.926958 ], [ -95.544141, 33.880603 ], [ -95.509526, 33.897586 ], [ -95.504999, 33.875922 ], [ -95.46144, 33.887106 ], [ -95.463336, 33.872396 ], [ -95.442746, 33.866506 ], [ -95.362571, 33.866902 ], [ -95.329936, 33.886334 ], [ -95.288926, 33.87307 ], [ -95.283804, 33.906489 ], [ -95.268513, 33.91098 ], [ -95.258106, 33.889809 ], [ -95.249395, 33.939889 ], [ -95.214533, 33.962268 ], [ -95.1247, 33.934675 ], [ -95.120893, 33.904539 ], [ -95.08006, 33.920989 ], [ -95.100378, 33.895595 ], [ -95.089607, 33.880857 ], [ -95.082408, 33.879882 ], [ -95.078696, 33.90504 ], [ -95.06676, 33.917101 ], [ -95.075876, 33.901846 ], [ -95.060105, 33.901873 ], [ -95.046568, 33.862565 ], [ -94.988487, 33.851 ], [ -94.970205, 33.861817 ], [ -94.964401, 33.837021 ], [ -94.943888, 33.830226 ], [ -94.947874, 33.808356 ], [ -94.923289, 33.808742 ], [ -94.91801, 33.826783 ], [ -94.921526, 33.790472 ], [ -94.876372, 33.75733 ], [ -94.868144, 33.768874 ], [ -94.877083, 33.75222 ], [ -94.860687, 33.741945 ], [ -94.820429, 33.733807 ], [ -94.823385, 33.769179 ], [ -94.803433, 33.732739 ], [ -94.763035, 33.759764 ], [ -94.758948, 33.748532 ], [ -94.788637, 33.735669 ], [ -94.751825, 33.734326 ], [ -94.751366, 33.71354 ], [ -94.733413, 33.725191 ], [ -94.753801, 33.708663 ], [ -94.735856, 33.691625 ], [ -94.715943, 33.694913 ], [ -94.733965, 33.715687 ], [ -94.70156, 33.702878 ], [ -94.716188, 33.687902 ], [ -94.651402, 33.685843 ], [ -94.643715, 33.701522 ], [ -94.645337, 33.673644 ], [ -94.671048, 33.668388 ], [ -94.654919, 33.659925 ], [ -94.622043, 33.682535 ], [ -94.596019, 33.663863 ], [ -94.58793, 33.686255 ], [ -94.580784, 33.666392 ], [ -94.560339, 33.666591 ], [ -94.590478, 33.645075 ], [ -94.548111, 33.66033 ], [ -94.543033, 33.649322 ], [ -94.569975, 33.62847 ], [ -94.521837, 33.640728 ], [ -94.52774, 33.615898 ], [ -94.517468, 33.633056 ], [ -94.504525, 33.620728 ], [ -94.448735, 33.642715 ], [ -94.471246, 33.601893 ], [ -94.43065, 33.591574 ], [ -94.409586, 33.568278 ], [ -94.382596, 33.583257 ], [ -94.37892, 33.570164 ], [ -94.401459, 33.560531 ], [ -94.386786, 33.545123 ], [ -94.353541, 33.543743 ], [ -94.343713, 33.567955 ], [ -94.309543, 33.551631 ], [ -94.287425, 33.582562 ], [ -94.290832, 33.559029 ], [ -94.277324, 33.557329 ], [ -94.242518, 33.589744 ], [ -94.250695, 33.557108 ], [ -94.205817, 33.567099 ], [ -94.195447, 33.555162 ], [ -94.194478, 33.573669 ], [ -94.217304, 33.580245 ], [ -94.183774, 33.594666 ], [ -94.142028, 33.581128 ], [ -94.151448, 33.568466 ], [ -94.135144, 33.571033 ], [ -94.126753, 33.550644 ], [ -94.120669, 33.566986 ], [ -94.072615, 33.57225 ], [ -94.07231, 33.584236 ], [ -94.055615, 33.561577 ], [ -94.073418, 33.554916 ], [ -94.043313, 33.551584 ], [ -94.043015, 33.019262 ], [ -92.767988, 33.014935 ], [ -92.76736, 32.99886 ], [ -92.74471, 32.99372 ], [ -92.71815, 33.014412 ], [ -91.166095, 33.004291 ], [ -91.214027, 32.93032 ], [ -91.170235, 32.899391 ], [ -91.133269, 32.919351 ], [ -91.135517, 32.979657 ], [ -91.09693, 32.986412 ], [ -91.064449, 32.901063 ], [ -91.105631, 32.858396 ], [ -91.145002, 32.842869 ], [ -91.165696, 32.753399 ], [ -91.054749, 32.719229 ], [ -91.149753, 32.644041 ], [ -91.152486, 32.620319 ], [ -91.119854, 32.584795 ], [ -91.049802, 32.607185 ], [ -91.037182, 32.637861 ], [ -91.0158, 32.641644 ], [ -91.008245, 32.604239 ], [ -91.080411, 32.556468 ], [ -90.987202, 32.495663 ], [ -91.000506, 32.482239 ], [ -91.038106, 32.49044 ], [ -91.093742, 32.549127 ], [ -91.116008, 32.48314 ], [ -91.051407, 32.437842 ], [ -90.995487, 32.450885 ], [ -90.969587, 32.439492 ], [ -90.965987, 32.420654 ], [ -90.99408, 32.403861 ], [ -91.001406, 32.379444 ], [ -90.993625, 32.354047 ], [ -90.912363, 32.339454 ], [ -90.890712, 32.372246 ], [ -90.875638, 32.371729 ], [ -90.922231, 32.298639 ], [ -90.949781, 32.283056 ], [ -90.979475, 32.293702 ], [ -90.969403, 32.25252 ], [ -90.994944, 32.193141 ], [ -91.002906, 32.22305 ], [ -91.039007, 32.242348 ], [ -91.061408, 32.21865 ], [ -91.083708, 32.22645 ], [ -91.164171, 32.196888 ], [ -91.174552, 32.154978 ], [ -91.162822, 32.132694 ], [ -91.053555, 32.124412 ], [ -91.058307, 32.180951 ], [ -91.002906, 32.162052 ], [ -91.004106, 32.146152 ], [ -91.035207, 32.100453 ], [ -91.081108, 32.078353 ], [ -91.080908, 32.047855 ], [ -91.135709, 32.080654 ], [ -91.15851, 32.072854 ], [ -91.15381, 32.050655 ], [ -91.091408, 32.036054 ], [ -91.075908, 32.016827 ], [ -91.102808, 31.990957 ], [ -91.16441, 31.982557 ], [ -91.18481, 31.965557 ], [ -91.182277, 31.915814 ], [ -91.267712, 31.86266 ], [ -91.244995, 31.832188 ], [ -91.254311, 31.813662 ], [ -91.283212, 31.815762 ], [ -91.294013, 31.86046 ], [ -91.345214, 31.843861 ], [ -91.365614, 31.760763 ], [ -91.281212, 31.772263 ], [ -91.263111, 31.754764 ], [ -91.369375, 31.746903 ], [ -91.397915, 31.709364 ], [ -91.401015, 31.620365 ], [ -91.436216, 31.612465 ], [ -91.49613, 31.64531 ], [ -91.515462, 31.630372 ], [ -91.492918, 31.589565 ], [ -91.418816, 31.596565 ], [ -91.405415, 31.576466 ], [ -91.447616, 31.540666 ], [ -91.522536, 31.522078 ], [ -91.51513, 31.449206 ], [ -91.472067, 31.397076 ], [ -91.474809, 31.368646 ], [ -91.521836, 31.37517 ], [ -91.543366, 31.432608 ], [ -91.576265, 31.410498 ], [ -91.568953, 31.377629 ], [ -91.546059, 31.382221 ], [ -91.548213, 31.346084 ], [ -91.50866, 31.315131 ], [ -91.515614, 31.27821 ], [ -91.654027, 31.255753 ], [ -91.588939, 31.188959 ], [ -91.626862, 31.118771 ], [ -91.559907, 31.054119 ], [ -91.578413, 31.02403 ], [ -91.636942, 30.999416 ], [ -89.730757, 31.004488 ], [ -89.727072, 30.967395 ], [ -89.756513, 30.942861 ], [ -89.744789, 30.918933 ], [ -89.77341, 30.897693 ], [ -89.771722, 30.854677 ], [ -89.79247, 30.850386 ], [ -89.781502, 30.818945 ], [ -89.798654, 30.820855 ], [ -89.815738, 30.803353 ], [ -89.803466, 30.791141 ], [ -89.819154, 30.795233 ], [ -89.835124, 30.771092 ], [ -89.828623, 30.737351 ], [ -89.816075, 30.738908 ], [ -89.836939, 30.734913 ], [ -89.825634, 30.727374 ], [ -89.842529, 30.720418 ], [ -89.837835, 30.671917 ], [ -89.852203, 30.661684 ], [ -89.814002, 30.638246 ], [ -89.830711, 30.617221 ], [ -89.813919, 30.607717 ], [ -89.807952, 30.567653 ], [ -89.786865, 30.569053 ], [ -89.803919, 30.549349 ], [ -89.779159, 30.544029 ], [ -89.757484, 30.499553 ], [ -89.724822, 30.492129 ], [ -89.683403, 30.451536 ], [ -89.683837, 30.40582 ], [ -89.657249, 30.356632 ], [ -89.629592, 30.33896 ], [ -89.62619, 30.314291 ], [ -89.647514, 30.290534 ], [ -89.614044, 30.244773 ], [ -89.614234, 30.221471 ], [ -89.571907, 30.180721 ], [ -89.53334, 30.194881 ], [ -89.511197, 30.160617 ], [ -89.260977, 30.181998 ], [ -89.183669, 30.212155 ], [ -89.096476, 30.165829 ], [ -88.854913, 30.135532 ], [ -88.783666, 30.026685 ], [ -88.758388, 29.918271 ], [ -88.774707, 29.818137 ], [ -88.838572, 29.695066 ], [ -89.044731, 29.48701 ], [ -89.119451, 29.458065 ], [ -89.142073, 29.429465 ], [ -89.137612, 29.381429 ], [ -89.069426, 29.294297 ], [ -88.91831, 29.236276 ], [ -88.908812, 29.210226 ], [ -88.921713, 29.124971 ], [ -88.996902, 29.085304 ], [ -89.012688, 29.02768 ], [ -89.11485, 28.926368 ], [ -89.185332, 28.930478 ], [ -89.234903, 28.987152 ], [ -89.279604, 28.977783 ], [ -89.384727, 28.871503 ], [ -89.425697, 28.855127 ], [ -89.467315, 28.866508 ], [ -89.49208, 28.901487 ], [ -89.465736, 28.974437 ], [ -89.468673, 29.107461 ], [ -89.510322, 29.165313 ], [ -89.599159, 29.197877 ], [ -90.032325, 29.135044 ], [ -90.162662, 29.051249 ], [ -90.344319, 29.003178 ], [ -90.40938, 28.99534 ], [ -90.552547, 29.036806 ], [ -90.746858, 28.988595 ], [ -90.920445, 28.992516 ], [ -90.993453, 29.01497 ], [ -91.020756, 29.046065 ], [ -91.012069, 29.090538 ], [ -90.960372, 29.111064 ], [ -90.974925, 29.121509 ], [ -91.103303, 29.138377 ], [ -91.159817, 29.168422 ], [ -91.292681, 29.196177 ], [ -91.421128, 29.302828 ], [ -91.644044, 29.375555 ], [ -91.712193, 29.360626 ], [ -91.77749, 29.396084 ], [ -91.832768, 29.362562 ], [ -91.876912, 29.362689 ], [ -91.906348, 29.387404 ], [ -91.913207, 29.420207 ], [ -92.022754, 29.470636 ], [ -92.07805, 29.531489 ], [ -92.146666, 29.532037 ], [ -92.231657, 29.491894 ], [ -92.29367, 29.481496 ], [ -92.624974, 29.528328 ], [ -93.029108, 29.677855 ], [ -93.223168, 29.726396 ], [ -93.287354, 29.724331 ], [ -93.339294, 29.695085 ], [ -93.432758, 29.71853 ], [ -93.711547, 29.690347 ], [ -93.770147, 29.670825 ], [ -93.77036, 29.623924 ], [ -93.806615, 29.596859 ], [ -93.848588, 29.60026 ], [ -93.875006, 29.621426 ], [ -94.033565, 29.625002 ], [ -94.625192, 29.397662 ], [ -94.650311, 29.38282 ], [ -94.623898, 29.343143 ], [ -94.65036, 29.29189 ], [ -94.713311, 29.282521 ], [ -94.772686, 29.231718 ], [ -95.086398, 29.06824 ], [ -95.106528, 29.014935 ], [ -95.329847, 28.828699 ], [ -95.420071, 28.805625 ], [ -95.777845, 28.625266 ], [ -96.235458, 28.421469 ], [ -96.282307, 28.375002 ], [ -96.320762, 28.362868 ], [ -96.375252, 28.29076 ], [ -96.531, 28.221164 ], [ -96.746251, 28.079622 ], [ -96.844196, 28.000296 ], [ -96.959495, 27.875302 ], [ -96.984281, 27.803783 ], [ -97.050221, 27.750308 ], [ -97.199816, 27.500319 ], [ -97.288337, 27.277584 ], [ -97.319824, 27.110023 ], [ -97.323219, 27.010256 ], [ -97.300423, 26.834613 ], [ -97.125248, 26.248285 ], [ -97.108301, 26.10451 ], [ -97.089989, 26.07534 ], [ -97.089684, 25.960839 ], [ -97.158056, 25.948816 ], [ -97.175395, 25.96598 ], [ -97.247193, 25.948158 ], [ -97.284537, 25.959281 ], [ -97.27704, 25.935085 ], [ -97.302909, 25.937306 ], [ -97.326102, 25.917557 ], [ -97.347903, 25.931328 ], [ -97.368873, 25.915298 ], [ -97.356416, 25.887775 ], [ -97.374296, 25.878934 ], [ -97.359333, 25.879778 ], [ -97.356593, 25.867318 ], [ -97.376013, 25.855958 ], [ -97.363941, 25.850447 ], [ -97.372879, 25.839954 ], [ -97.394213, 25.837048 ], [ -97.406745, 25.838348 ], [ -97.408583, 25.862138 ], [ -97.413156, 25.840729 ], [ -97.453845, 25.853912 ], [ -97.444605, 25.867472 ], [ -97.455627, 25.88416 ], [ -97.496795, 25.879685 ], [ -97.498146, 25.899068 ], [ -97.522265, 25.886952 ], [ -97.537219, 25.930754 ], [ -97.582928, 25.933013 ], [ -97.566251, 25.944938 ], [ -97.567874, 25.952432 ], [ -97.577997, 25.942096 ], [ -97.582101, 25.962428 ], [ -97.601891, 25.957178 ], [ -97.634557, 25.990372 ], [ -97.619981, 25.992648 ], [ -97.618602, 26.002663 ], [ -97.649375, 26.010825 ], [ -97.640351, 26.024448 ], [ -97.667941, 26.019258 ], [ -97.660491, 26.031478 ], [ -97.662561, 26.038112 ], [ -97.693197, 26.032512 ], [ -97.691238, 26.018923 ], [ -97.707245, 26.037839 ], [ -97.737103, 26.021493 ], [ -97.763179, 26.026702 ], [ -97.767934, 26.047472 ], [ -97.776795, 26.029279 ], [ -97.792065, 26.034029 ], [ -97.801095, 26.060239 ], [ -97.813403, 26.044039 ], [ -97.818301, 26.056588 ], [ -97.860651, 26.052772 ], [ -97.861386, 26.070144 ], [ -97.868996, 26.056841 ], [ -97.933431, 26.065626 ], [ -97.933273, 26.052978 ], [ -97.965475, 26.051694 ], [ -97.980372, 26.067374 ], [ -98.012012, 26.056083 ], [ -98.02802, 26.066957 ], [ -98.038811, 26.041263 ], [ -98.076462, 26.036268 ], [ -98.080352, 26.071098 ], [ -98.093528, 26.05859 ], [ -98.132108, 26.074187 ], [ -98.146457, 26.049044 ], [ -98.176777, 26.075234 ], [ -98.194319, 26.05319 ], [ -98.288215, 26.104457 ], [ -98.266039, 26.120757 ], [ -98.29665, 26.120255 ], [ -98.305697, 26.103144 ], [ -98.335567, 26.138414 ], [ -98.335744, 26.165891 ], [ -98.351759, 26.151154 ], [ -98.359657, 26.172524 ], [ -98.386858, 26.157894 ], [ -98.444018, 26.2006 ], [ -98.44393, 26.224183 ], [ -98.481269, 26.219879 ], [ -98.477515, 26.203495 ], [ -98.481804, 26.200848 ], [ -98.485377, 26.212712 ], [ -98.507016, 26.209225 ], [ -98.501034, 26.22256 ], [ -98.524086, 26.220893 ], [ -98.522159, 26.235624 ], [ -98.534875, 26.225395 ], [ -98.543802, 26.243822 ], [ -98.556595, 26.248002 ], [ -98.545698, 26.237202 ], [ -98.562056, 26.224177 ], [ -98.58309, 26.2567 ], [ -98.61665, 26.246431 ], [ -98.622997, 26.259917 ], [ -98.634554, 26.242339 ], [ -98.67067, 26.237012 ], [ -98.680657, 26.262555 ], [ -98.719875, 26.272594 ], [ -98.702536, 26.286956 ], [ -98.750973, 26.296321 ], [ -98.754216, 26.307928 ], [ -98.736161, 26.309199 ], [ -98.751127, 26.331584 ], [ -98.788955, 26.330433 ], [ -98.807348, 26.369421 ], [ -98.896734, 26.35333 ], [ -98.925879, 26.394357 ], [ -98.942152, 26.369687 ], [ -98.974164, 26.401148 ], [ -99.01064, 26.392135 ], [ -99.037058, 26.413603 ], [ -99.085126, 26.398782 ], [ -99.113546, 26.43253 ], [ -99.091976, 26.472376 ], [ -99.104851, 26.500383 ], [ -99.17123, 26.541965 ], [ -99.208907, 26.724761 ], [ -99.240023, 26.745851 ], [ -99.268613, 26.843213 ], [ -99.328619, 26.878592 ], [ -99.324684, 26.915973 ], [ -99.388253, 26.944217 ], [ -99.378435, 26.980034 ], [ -99.415476, 27.01724 ], [ -99.445661, 27.021756 ], [ -99.452316, 27.062669 ], [ -99.429209, 27.090982 ], [ -99.442125, 27.106856 ], [ -99.426348, 27.176262 ], [ -99.441545, 27.249915 ], [ -99.461476, 27.268175 ], [ -99.489059, 27.261477 ], [ -99.49202, 27.300666 ], [ -99.538035, 27.316961 ], [ -99.504575, 27.338741 ], [ -99.487521, 27.411572 ], [ -99.495104, 27.451518 ], [ -99.479251, 27.478635 ], [ -99.496826, 27.500106 ], [ -99.528392, 27.49855 ], [ -99.512132, 27.568288 ], [ -99.554945, 27.614456 ], [ -99.584843, 27.603903 ], [ -99.577636, 27.618597 ], [ -99.596231, 27.639858 ], [ -99.624311, 27.644001 ], [ -99.638929, 27.626758 ], [ -99.666108, 27.636088 ], [ -99.668942, 27.659974 ], [ -99.711511, 27.658365 ], [ -99.77074, 27.732134 ], [ -99.796342, 27.735586 ], [ -99.813118, 27.773997 ], [ -99.838791, 27.764181 ], [ -99.850877, 27.793974 ], [ -99.876761, 27.797845 ], [ -99.8772, 27.84218 ], [ -99.904385, 27.875284 ], [ -99.893456, 27.899208 ], [ -99.937142, 27.940537 ], [ -99.931811, 27.980968 ], [ -99.991447, 27.99456 ], [ -100.017913, 28.064788 ], [ -100.053122, 28.084731 ], [ -100.084328, 28.144819 ], [ -100.208058, 28.190383 ], [ -100.220288, 28.23221 ], [ -100.251636, 28.23618 ], [ -100.291397, 28.275397 ], [ -100.286476, 28.312295 ], [ -100.344402, 28.389662 ], [ -100.337798, 28.44296 ], [ -100.368288, 28.477196 ], [ -100.333814, 28.499252 ], [ -100.388262, 28.514863 ], [ -100.411269, 28.550705 ], [ -100.398462, 28.585169 ], [ -100.44732, 28.609325 ], [ -100.447091, 28.642197 ], [ -100.500354, 28.66196 ], [ -100.507613, 28.740599 ], [ -100.533408, 28.759207 ], [ -100.535438, 28.805195 ], [ -100.547324, 28.825817 ], [ -100.574728, 28.828788 ], [ -100.60109, 28.901288 ], [ -100.640568, 28.914212 ], [ -100.629706, 28.921146 ], [ -100.651512, 28.943432 ], [ -100.64604, 28.987981 ], [ -100.6752, 29.100741 ], [ -100.772604, 29.168369 ], [ -100.767059, 29.195287 ], [ -100.813959, 29.263137 ], [ -100.876049, 29.279585 ], [ -100.886842, 29.307848 ], [ -101.009976, 29.368267 ], [ -101.060151, 29.458661 ], [ -101.146798, 29.474187 ], [ -101.173824, 29.514568 ], [ -101.254895, 29.520341 ], [ -101.261176, 29.536776 ], [ -101.24103, 29.565028 ], [ -101.250383, 29.624171 ], [ -101.269102, 29.630128 ], [ -101.290962, 29.571537 ], [ -101.305533, 29.577925 ], [ -101.302516, 29.650425 ], [ -101.346017, 29.662241 ], [ -101.361312, 29.650063 ], [ -101.372773, 29.699428 ], [ -101.415584, 29.746534 ], [ -101.402319, 29.77119 ], [ -101.448881, 29.750699 ], [ -101.460906, 29.789663 ], [ -101.535998, 29.75895 ], [ -101.543881, 29.81184 ], [ -101.567749, 29.798727 ], [ -101.575807, 29.769319 ], [ -101.6269, 29.770762 ], [ -101.644567, 29.754233 ], [ -101.661724, 29.770857 ], [ -101.708873, 29.761642 ], [ -101.777045, 29.789251 ] ] ] } }
]
}
